id,ra,dec,use_phot,z_spec,z_phot,z_16,z_84,log_Mstar,log_Mstar_16,log_Mstar_84,dust2,dust2_16,dust2_84,mwa,mwa_16,mwa_84,met,met_16,met_84,sfr100,ssfr100,sfr10,logfagn,UV,VJ,chi2,nbands,gamma_t,t_eff,log_Mh,ml_bias,log_Mstar_true,alpha_z,sigma_dust2,posterior_broad
773,3.585811276481777,-30.464522244280925,1,,9.352817048707502,0.937702939561658,13.06367444076327,8.29859048329878,7.428981241815109,9.146544170885102,0.6276488158947715,0.1820950590285387,1.3273388901746082,0.2450994735854945,0.0502859649643097,1.7769562077956846,-0.6959549312458697,-1.4064425783842422,-0.086676187496598,0.942501328096967,4.847988675360187e-09,1.141151503150102,-2.2492554193042893,0.8259092242245387,0.5681782399568611,16.132812233411983,4,0.9135199397370808,0.4717387866858291,10.29859048329878,2967053463.8175783,-2967053455.5189877,3088876.202130612,0.5726219155730348,True
1012,3.635472389046237,-30.463663263960974,1,,9.552764899400394,1.559704151516872,14.031109522595951,8.512441900470566,7.860091781262143,9.255201235989292,0.5402054463286736,0.1786266720339593,1.2353388348680807,0.1568479216112959,0.0417962908846367,0.927587926087056,-0.6744085323138452,-1.4238548370099855,-0.1501743666217108,1.7889983664636502,6.501018659481342e-09,2.279050702174006,-2.013294421511538,0.6831297189538397,0.4586612129767573,8.776476901325555,4,0.9299790375917092,0.4666285349118599,10.512441900470566,5755649906.343508,-5755649897.831066,3118561.869081228,0.5283560814170607,True
1107,3.652839758317364,-30.463233734882294,1,,9.40198628218432,0.817304375350992,10.338978726663044,8.046111070145264,7.181862601016019,8.556587235619729,0.1885765299102601,0.0390453944683558,0.9991686362809256,0.2036784595103564,0.0634483040909988,2.1778175275912344,-0.962391897338078,-1.4885453973705958,-0.2843478579482558,0.7748273397987924,5.288606080924804e-09,0.7547031500363196,-2.2872438533643553,0.4221943256533436,0.0487950143342388,19.22057072077855,7,0.8993907977780875,0.4611472070499463,10.046111070145264,2634942968.919457,-2634942960.873346,3096202.6028122045,0.4800616209062849,False
1357,3.5845803470457698,-30.46223885082834,1,,9.317740098849102,1.246832569871266,14.349953038875768,8.447455025457431,7.568728685130804,9.276617633296688,0.6540704728646687,0.2051769022140811,1.4320666021054589,0.1686113959234426,0.0409380461711693,1.299436985166689,-0.7151595131576642,-1.4120878665859722,-0.1497148158092582,1.7910416300014067,5.729370698603829e-09,2.2344065391256716,-1.9520256205243152,0.8396578378048112,0.5632022894512296,13.30646614935415,4,0.9249064546687482,0.4800609898582283,10.447455025457431,3125180404.6125493,-3125180396.1650944,3083638.9663998173,0.6134448499456889,True
1369,3.5842195171791693,-30.46220555740984,1,,11.937994585916003,1.6122191391183651,14.126154162544768,8.339443178355882,7.6190258412075,9.216810125625956,0.6990635505273736,0.1945229992693476,1.5257535328474363,0.1683032065835267,0.0393520904331413,1.0245255536344136,-0.7233033218024643,-1.4114977062785794,-0.1573412996173291,1.2744260142913335,6.086777267552208e-09,1.8317485219820184,-2.06728670012112,0.9239765758792372,0.6726223175527437,14.245950036173854,4,0.9069563984034432,0.3349783224972537,10.339443178355882,1291402117402.8235,-1291402117394.4844,3453064.698261559,0.6656152667890444,True
1796,3.6315768634705945,-30.460639008806865,1,,9.63968002591906,0.4047266168224185,10.001639744544027,8.164506829675588,6.1243958431605225,8.86269419766283,0.4484612168717343,0.1135066142515292,1.1757238918002473,0.1572276545724409,0.0662554951747217,1.8346628288660896,-0.7630811617067015,-1.461890048203819,-0.1949633177513246,1.3512262825492445,6.687953253897685e-09,1.654992790127732,-2.6324212187722984,0.6768136155793734,0.3788762701403314,16.888111808987365,7,0.9042074199361309,0.4481384430693487,10.164506829675588,5104930175.690995,-5104930167.526488,3131378.1489764224,0.531108638774359,True
2734,3.609307661776139,-30.457808532595788,1,,9.84039069314904,1.5332234547579613,10.825761978144742,8.059960535060274,7.593354396470661,8.459322557720526,0.4813715352107536,0.1728562455654505,1.0865622436043558,0.4416588791447612,0.0617117622610342,1.3068396582002946,-0.8784797164587385,-1.4287891543616993,-0.1847883288290254,0.2109627546044281,4.0865676983046495e-09,0.212934396611506,-2.0414592233650413,0.7608603696610778,0.4239351441308976,50.817377521478306,8,0.8980434838799501,0.4327551219027829,10.059960535060274,7344108309.974581,-7344108301.91462,3160775.8640571395,0.45685299901945264,False
2763,3.581609388994334,-30.45679983182112,1,,9.004158196859075,1.080841096203698,13.997249582921675,8.070551836136406,7.099097635968344,8.953749069048714,0.6309892792590817,0.169032273413302,1.4849853127673407,0.199712489184671,0.0442976472032189,1.4514358676866888,-0.7455414373203824,-1.464039048235226,-0.1107390288678907,0.5967977328506088,5.433127137287971e-09,0.7346190825496302,-2.161852571999776,0.8212466562131944,0.5771764263881103,6.825263684747826,2,0.9023321250166642,0.4905767662841756,10.070551836136406,1075598817.6619186,-1075598809.5913668,3036417.658067698,0.6579765196770193,True
3665,3.633047968025009,-30.453523291749775,1,,11.298417620811836,0.3848965033257797,10.039506174935235,8.032921268694777,6.971892196872256,8.409468410788053,0.2968679386738598,0.0390332384716687,1.1103538024090664,0.6595078076415357,0.057666475199876,3.34959741653037,-0.8893043338936237,-1.5415207445849883,-0.1758591348515202,0.2290949027865223,1.944792703109031e-09,0.2378310981412217,-2.685338012084173,0.6421795946491606,0.1877557801805771,18.197036152526977,6,0.8904689896235513,0.3549481996702173,10.032921268694777,206321758096.39368,-206321758088.36075,3366633.5825777343,0.5356602819686989,True
4144,3.634366637249942,-30.4517260588096,1,,9.750584582708566,1.1436464015219008,8.76996727734504,8.191961519511029,7.589280792967102,8.600978700079294,0.5522753291259275,0.156429253656681,1.198659544730084,0.258946794679391,0.064013450319165,1.4732446138436723,-0.8417779539183521,-1.5404698416678246,-0.1311357007680744,0.7828916644778894,5.576337110951938e-09,1.0459449475356923,-2.4014874317914714,0.7245558041465721,0.4199145361419845,15.886701765307365,6,0.9052757860582936,0.4417292597186073,10.191961519511027,6778018019.460333,-6778018011.268372,3147656.0726077133,0.5211151455367016,True
4155,3.634719468761686,-30.451693251641217,1,,9.955651033195997,0.9782449173295455,11.995441491338536,8.287348645739776,7.643953374302917,8.876514763241198,0.4762469908565658,0.1052133128404182,1.1121353252982156,0.3708496520411463,0.0524692372913229,1.656250507890812,-0.7673086920572493,-1.4935154774949932,-0.1971708635094847,0.5438399726848591,4.060585987559846e-09,0.6153218703653381,-2.275171985253611,0.7108183359205889,0.3633234392703173,7.333607712593362,5,0.91038623752946,0.4317836751019228,10.287348645739776,11971263051.758434,-11971263043.471088,3177534.8923644302,0.5034610062288987,True
4383,3.6313693246706977,-30.45080774317808,1,,9.974648722049944,2.322586485471776,10.276305091620744,8.036219244029402,7.8138805167691,8.221917483353565,0.0211680915242452,0.0044351555365576,0.1060503996919923,0.0468448122233632,0.0227038184418212,0.152339298632231,-1.4224330038808946,-1.7836220649100727,-0.7064966419091325,1.1249854464960858,1.0384743226261869e-08,2.961457176881785,-1.8218281609000813,-0.0163333671701124,-0.5776869045120563,15.485153983682851,6,0.8963538225001083,0.4240225551661998,10.036219244029402,9779357377.49988,-9779357369.46366,3180288.7073725285,0.05080762207771735,False
4400,3.632916408733625,-30.450745637426984,1,,9.65000088407779,9.69665771372958,11.181048892837952,8.264219129068076,8.053552537603908,8.504192747099552,0.0677428523530193,0.0188466827523204,0.2020750634682937,0.0576399062684572,0.0289402492761614,0.1101718352860318,-1.163777003891173,-1.6670340283768654,-0.3976347672223684,1.70730242608663,9.729142000190871e-09,3.5352903172778913,-2.6116647302180516,0.0652442348948731,-0.4276734584864137,15.864823113428155,6,0.9100758778803724,0.4503901294936092,10.264219129068076,5745078606.236977,-5745078597.972757,3132896.553473493,0.09161419035798665,False
4401,3.632871332764823,-30.45099042414998,1,,11.508279889372323,2.8875208225658997,11.343207350275922,8.204386237265881,7.6910558871570975,8.46883674406606,0.0406286658337065,0.0091244759671019,0.2807627849492142,0.0827277559722517,0.0409815647301628,0.3370047228569789,-1.1872492599612268,-1.6721729797922258,-0.3114825537624891,1.4770028590693964,8.923162685486998e-09,2.6255438409961576,-2.083979655370244,0.1271381852184774,-0.4249884170243341,20.10653789100669,6,0.8989882336204637,0.3493402395130537,10.20438623726588,406819591927.4127,-406819591919.2083,3395236.4786632364,0.13581915449105614,False
4592,3.635430288456785,-30.450042297497134,1,,9.661712640738752,0.9194298060680508,10.910572163703426,8.281445748672388,7.4004201917273456,8.627109292537119,0.1613871569532689,0.0380410753317073,0.9190774574826176,0.0940522459089487,0.0422605841340555,1.7253594054807586,-1.021829319651462,-1.6091197760195075,-0.3516217281642895,1.885693786961938,8.300522183941232e-09,3.3206745154580513,-2.339278535023797,0.3407344554156211,-0.0333739605082854,6.0199580767097265,6,0.9111499762442882,0.4501774170864545,10.281445748672388,6000352214.034131,-6000352205.752686,3134618.6960625425,0.44051819107545515,False
4773,3.6338566158144943,-30.449270823257983,1,,9.583991380399366,0.7971418066447822,10.355396754033524,8.148686990654237,7.718727699636745,8.65589949587351,0.8364744702879843,0.1234868813575864,1.768695244319242,0.766914578673641,0.0771899493940198,2.420303863829524,-0.8249144890444241,-1.5709403727041802,-0.1548166813060161,0.1820034597449224,1.687625058020989e-09,0.1572566939176237,-2.6416660790959767,1.3269732695360048,0.8645930364150374,19.54080432176641,6,0.9035939793689848,0.4513805741768289,10.148686990654236,4420011555.184432,-4420011547.035745,3123172.498626366,0.8226041814808278,True
4804,3.637566341142645,-30.449154258610367,1,,10.752026743550296,9.524365044364616,11.141237819390946,8.82090345535279,8.452466976606484,9.054073172040432,0.022075312341684,0.005239892432985,0.2297502626976298,0.0637288819754792,0.0400768140934887,0.1320714951432098,-1.506653438443918,-1.769711416024076,-1.2327160908418835,6.13649669556565,9.899934750601968e-09,6.865760978665517,-1.3720711583413077,-0.1261340885686586,-0.5592611608418991,40.66433404018114,6,0.9667266432959416,0.4125995703643871,10.82090345535279,131955972335.6513,-131955972326.8304,3290998.0016487325,0.1122551851323224,False
4815,3.633594848354241,-30.44922708278974,1,,9.69961884248906,1.0861150177357215,9.637392834003684,8.035724608641491,7.495426812407371,8.39233949285372,0.5748171485583369,0.1660720603058982,1.244887788276155,0.2283021348897582,0.0465994924106878,1.347512087852667,-0.8746384601764692,-1.4972925608031644,-0.13881585158409,0.5053534324399491,6.024907779046585e-09,0.7590326512497614,-2.522501091059282,0.7448709562962677,0.4044741765904405,18.261847550176324,6,0.8975693281462311,0.4411082677068376,10.035724608641493,5183713429.1167345,-5183713421.08101,3140186.097230213,0.5394078639851284,True
4850,3.6341320987164503,-30.449098196085455,1,,10.592618633584305,0.5559147818919172,10.85201669324228,8.005198618612628,7.0832232485877835,8.420627468602602,0.1645651394594132,0.0298566859029771,1.1320800720779858,0.1157117025582797,0.0448901283130156,2.507906552130439,-0.9725937108956229,-1.6006570582054518,-0.2287792691200627,0.9698527151906068,7.168141782145955e-09,1.8180109602126544,-2.3171731122014245,0.3549267451117366,0.0218893800937856,9.047121194447517,6,0.8922323484236105,0.3887058667110532,10.005198618612628,39355872135.92392,-39355872127.91872,3268601.7396910405,0.5511116930875043,True
4851,3.634243405467138,-30.449005552140157,1,,10.816445803542743,0.9343009571894366,11.120460876514736,8.352796770034256,7.697562788406649,8.659906254375286,0.2751011972140709,0.0776375512526722,1.3112803075893864,0.1142512956408343,0.0421986331928692,1.822415632419392,-0.8193033809697161,-1.5207245280478237,-0.1478593930008997,1.998476757729564,7.094384083707733e-09,3.9231248827358023,-1.999001055722097,0.4667891329949576,0.2211412378072381,20.231407092862497,6,0.9119158767137416,0.3860202459540108,10.352796770034256,95349073483.92744,-95349073475.57465,3300005.5231082556,0.6168213781683571,True
4937,3.633612094853376,-30.4486522574734,1,,11.2019151213865,10.593000797905034,11.749912874889269,8.69871503351644,8.504936510036032,8.907556000728452,0.0667163454822311,0.0204693680040305,0.1630284477618628,0.0746183182456766,0.0381279153624461,0.1286835975816533,-0.5230492306798235,-1.4163326011176989,0.0127866869465552,4.197595059884355,8.944964363224205e-09,8.53180946959271,-2.0357096058252235,0.1733823531946576,-0.1343784774403431,28.25265824498269,6,0.9472039682828768,0.3820628420829886,10.69871503351644,339223115788.9595,-339223115780.26074,3353399.018290218,0.07127953987891614,False
4943,3.630158033769076,-30.44864198502245,1,,11.352264268250703,2.549198827466145,11.441317510813358,9.058162786142004,8.863964279986687,9.292664341909353,0.0641394040486417,0.0246487770121804,0.2290513247558518,0.0681006482523866,0.0372068344601951,0.5444624242498296,-1.293631669581517,-1.6833183310998732,-0.8295030102972011,10.29872857863499,9.5378706177338e-09,20.775629605386992,-2.2856071605919563,-0.0062111319315754,-0.4470815954476101,82.83931970436957,6,1.0165171432823727,0.4025385268204124,11.058162786142004,704960832370.3126,-704960832361.2545,3373995.6653232155,0.1022012738718357,False
4962,3.632886911981765,-30.44854171255341,1,,9.974546290239118,1.3905728286975678,10.124614591353248,8.25830642844647,7.597225219949294,8.539701396645642,0.114644338616027,0.0267763902363335,0.5749746879719904,0.1382415006837151,0.0525043890712879,1.172757059066901,-0.8411426975752972,-1.4861934934238488,-0.1847169295532789,1.5313163718640488,7.363579998080497e-09,2.6547875908703507,-2.872508483793358,0.3221106357740382,-0.0359052796558607,16.722193630284217,6,0.9083972626208012,0.429725765518744,10.25830642844647,12162449550.374186,-12162449542.11588,3180273.8657361525,0.27409914886782843,False
4996,3.6339154681053625,-30.448970587921224,1,,11.300496776193633,10.49918035227849,11.3297913896135,8.662386006661944,8.47448202919153,8.899016029384024,0.0246992825917477,0.007081157594841,0.0639587948120824,0.0827118376672562,0.0459562538326173,0.1355787270995889,-1.2775073036846014,-1.5940435034858935,-0.6531451751998325,3.5533711898343716,8.370711113144696e-09,7.723477030252622,-1.9406926953567951,0.0829579527379458,-0.5801395918938681,44.30036339381998,6,0.9420702567767396,0.3754214314301743,10.662386006661944,412349379967.40234,-412349379958.7399,3366918.150020884,0.0284388186086207,False
5190,3.633780181727938,-30.447734250618776,1,,10.943197296606629,9.680566638618435,11.312949797608796,8.295355186361348,8.035242408777714,8.654691213078424,0.0915249344080953,0.0246463707342206,0.282832294199359,0.0684555253288697,0.0312352555091528,0.1320898184191964,-1.0384617278764996,-1.6307781036911104,-0.301517135828118,1.7927334321111332,9.344347588927517e-09,3.535994263976297,-2.421225684751984,0.1445760874801962,-0.3263758436061934,28.054776009878378,6,0.907190012350765,0.3779078176415884,10.295355186361348,120651829350.68904,-120651829342.39368,3317657.4007200724,0.1290929617325692,False
5234,3.6314512493697,-30.447599891247755,1,,10.098154315130602,0.4929859203286332,10.890899226465107,8.227736136322262,7.0847938418787395,8.681808199855032,0.2181899452998765,0.0427629103204796,1.1506606415161111,0.1878832221211772,0.0473501827345275,2.646532530998797,-0.8633894751001043,-1.6121832253531334,-0.1525767311977832,1.2447736914694505,5.491371633918634e-09,1.1183758475268053,-2.2213716134334063,0.4222673209334218,0.0808475772920545,9.500225886365875,6,0.9059756830749282,0.421424872003549,10.227736136322262,15736544305.398829,-15736544297.171091,3198133.6771348948,0.5539488655978158,True
5301,3.634647278434446,-30.4473374021496,1,,9.97024267648093,9.539482600091675,11.02609634866398,8.348259515958203,8.052092410315227,8.641177033390788,0.1448832416563116,0.0449215856746014,0.3944351808018623,0.0699786990471339,0.0306827140359565,0.1500996367921008,-1.1071220383876763,-1.641327095569349,-0.4174259606151157,1.933061154453614,9.398173177537038e-09,3.757185001406,-2.1047951471627835,0.2083206142646183,-0.317211468020151,13.132546025470454,6,0.9146486772658972,0.4329382328822634,10.348259515958205,13136309744.2347,-13136309735.88644,3179650.2403007825,0.17475679756363044,False
5402,3.629523903468023,-30.446873258532225,1,,11.703779429175912,0.5905856171837552,10.631688725574705,8.218803034741203,7.402395370052374,8.80366873466514,0.5535495517093918,0.1212263387764218,1.2784959740826374,0.5728049409507279,0.0697035188292359,2.524138061323062,-0.8030921894831327,-1.460334646993486,-0.1574978305286488,0.3264248666401736,3.1971500109478742e-09,0.3180066095014472,-2.1475176233140827,0.833786081576946,0.4262650148262246,4.323592006172554,6,0.8991635417393307,0.3413524129867032,10.218803034741205,651321308967.0273,-651321308958.8086,3421666.716956595,0.5786348176531078,True
5439,3.634224248912973,-30.446789180084465,1,,11.900030406523468,0.574296285786708,11.41118645611515,8.244700897289988,7.402892886793429,8.690102765003251,0.3776227100504721,0.0557997974807263,1.3963891828226058,0.4187345567143931,0.0495696660349038,2.8861200045593476,-0.6747670643938836,-1.523654560388568,-0.0493040950861647,0.5749560522366214,4.026040351809576e-09,0.7725546375611222,-2.451030610867671,0.6565505498204338,0.2340480563035711,6.839067132130023,6,0.9001477440421201,0.3339364303745998,10.244700897289988,1059185916119.2648,-1059185916111.02,3447994.7828632263,0.6702946926709398,True
5595,3.6337700539866775,-30.447523183140557,1,,9.421249054419178,1.1276544753445603,9.75696047160921,8.254041525040494,7.487447110689554,8.660551707284808,0.3521321041256275,0.0967810356844606,0.893373171735006,0.6258731071381987,0.0885888999222793,1.4406213875030631,-1.1211100688505364,-1.7505703315497017,-0.2697947339106663,0.236754539693042,2.2501676846382593e-09,0.2706118106915971,-2.648925618386768,0.7938243029526966,0.2095673785760183,34.16499709212859,6,0.9103609627667189,0.465475939590351,10.254041525040494,3341136660.409801,-3341136652.1557593,3099068.1064721234,0.3982960680252727,False
5823,3.646139500615986,-30.445486951667988,1,,9.975524455376648,1.3474674091681844,9.814321453361606,8.32201659735278,7.804835710941493,8.752334657969287,0.3301786288099006,0.1089196325296478,0.8742720706334481,0.1631764050275505,0.0512185941744706,1.3676960921970895,-0.8562049079629672,-1.511714529630586,-0.1636931312336762,1.3088206863662455,6.755746182003355e-09,1.8202623155445803,-1.8871775773133344,0.4550724252166276,0.1926648574355027,10.63762937374972,7,0.9127155302795094,0.4317107204195149,10.32201659735278,12966808321.754145,-12966808313.432129,3180415.592037481,0.3826762190519002,False
5834,3.569821739130937,-30.44546237173475,1,,11.548896686963666,1.627388864148012,11.295579127195058,8.178899195977873,7.533320178597711,8.642473000027044,0.471530698915662,0.1707158012945451,1.0637778228130967,0.3625905409892756,0.0495811625242981,1.25135038100815,-0.6944137227592929,-1.463254326037683,-0.0869574235010856,0.3336488003299979,4.045684929090585e-09,0.4025178755384898,-2.106702606735161,0.7767082956525151,0.4346075039308168,23.321450221642053,6,0.8972659375475269,0.3469750174111303,10.178899195977872,434342759375.45526,-434342759367.2764,3400744.5047674067,0.4465310107592758,False
6014,3.630002018707571,-30.444985251624352,1,,9.945153118139428,9.535009277560484,10.436912016978235,8.297035775865087,8.084043570787326,8.538198551138331,0.0286653933456362,0.0069640915865804,0.0903018748080955,0.0638435595189304,0.0306473255422441,0.1078966135388708,-1.284401514881122,-1.7165160390356613,-0.6178460115405072,1.9296566763935927,9.635265761993622e-09,4.046564852819416,-2.0988447546083138,0.0263882500211813,-0.5547377211123496,21.297375873010633,6,0.91108541291565,0.432738437244264,10.297035775865089,11791745816.098434,-11791745807.8014,3176012.140039345,0.04166889161075755,False
6440,3.595777094804887,-30.444105634012175,1,,11.831907473206655,11.873388355481344,12.339355131595754,8.883309367400312,8.67519061322237,9.277775611436429,0.1440879752011457,0.0550908000634486,0.2800737156518759,0.0584658711278363,0.0318405015989609,0.1043040438534926,-1.195031595140165,-1.7253569722233162,-0.5644638025405367,6.488723506742568,9.778610936830597e-09,12.050142637069872,-1.6020108344595605,0.2059733647006751,-0.3196620302636361,182.36643820526703,9,0.9768242479351104,0.3652795087589616,10.883309367400312,1848672251799.998,-1848672251791.1147,3438878.585717625,0.11249145779421364,False
7306,3.631354790430795,-30.44051320930224,1,,11.932808963567965,1.95228482262431,13.898111143980609,8.314189793260514,7.753703856489944,8.839978868983277,0.4064018708553721,0.1169308130776642,1.074022031267342,0.0978581685081405,0.0352415862816612,0.8264274400937213,-0.7444959679040416,-1.411909343431538,-0.1567943016271234,1.7804456189840765,8.06759378804464e-09,3.1634572156654666,-2.092129127636332,0.501468538678715,0.2363896462733983,3.5560972146003085,6,0.9050173041242604,0.3344637572782977,10.314189793260514,1239160805019.437,-1239160805011.1228,3452372.624851529,0.47854560909483895,False
7845,3.5767648969629784,-30.438677440438877,1,,10.94996195337179,1.831322112753671,11.640480886697812,8.130514440979152,7.6274671378411485,8.512277239874246,0.2474077033380104,0.0543178118603255,0.9513519433728596,0.0981095542667302,0.0415615188192368,0.9165057557732272,-1.0217609578970763,-1.6101097703108065,-0.3116025237114749,1.069428094579551,8.249940510102858e-09,1.663882842184275,-2.6828449803076344,0.3989291236537795,0.0025998631699764,8.5950474937032,11,0.8968745573602778,0.3732927292444635,10.130514440979152,102713295558.98016,-102713295550.84966,3318596.8324319604,0.44851706575626704,False
7856,3.576564694212199,-30.438667575823896,1,,9.922001310702564,1.6220126712363048,10.654847182587677,8.306147626901,7.9131041350681395,8.644078278789234,0.1079677153800236,0.0268990261265304,0.7254564155060617,0.0853927265364226,0.0382638461272569,1.013720359033483,-0.7949349377275419,-1.556305239701221,-0.1605406610369591,1.7909414123361038,8.58239532187494e-09,3.5970039506470473,-2.571354594869668,0.3052446689931862,-0.0853255020708019,3.446330975248794,12,0.9118031556913044,0.434460006855752,10.306147626901,11270505689.772556,-11270505681.466408,3172651.3215201385,0.34927869468976563,False
7858,3.631310206972946,-30.43865108750191,1,,10.689267767319496,0.8145038172643867,11.11829455050922,8.081668845559351,7.276221138324809,8.5024559003764,0.3492953852006109,0.0640212207416364,1.0943832899109565,0.1689625496755896,0.0486506134626765,1.9079898106755144,-0.8185163848522454,-1.4799152419282315,-0.203224407067866,0.6471218289711754,5.935210745159081e-09,0.8137125947396447,-2.3327485052610903,0.5355471880169844,0.1922862430310843,2.426728163785309,6,0.8954075223429718,0.3852497765034411,10.081668845559353,53336785233.34601,-53336785225.26434,3282198.8322406136,0.51518103458466,True
8487,3.6560263368572032,-30.43694849579122,1,,11.150485420939868,1.4518162485898154,12.15595289348875,8.471602230016236,7.868159499782616,9.076419386165565,0.6107948855065716,0.1839062418597,1.350086647295423,0.2395682803493439,0.0481798555734487,1.2663569627295657,-0.7165885179149015,-1.4410506963565797,-0.1577592065307078,1.15416009766626,5.364881153995502e-09,1.3684067417476269,-2.0928774566133312,0.8098140323237146,0.5565375983591068,4.205785620327193,7,0.9210338947514648,0.3738742061022125,10.471602230016236,236396810366.4333,-236396810357.9617,3346324.455867688,0.5830902027178615,True
8971,3.637312730146121,-30.435688985019013,1,,9.090883472681409,2.013492281922163,2.6446032504882417,8.269551869301454,8.08306685419783,8.49906574084247,0.1305645149038932,0.0347173027884697,0.3598539423148269,0.6248958227194079,0.1745800654763055,1.0489324764019414,-0.8671059477267897,-1.6026939889320235,-0.4563561804939385,0.3087228900738468,1.620385936324366e-09,0.2722383154122313,-2.690574432241716,0.5894817358467108,0.0385419969279574,0.3242184177153145,6,0.9126954069095748,0.4898168313845584,10.269551869301454,1569989498.409856,-1569989490.1403043,3049550.492846968,0.16256831976317862,False
9010,3.611092297327419,-30.435553205134017,1,,9.033249180555524,8.750830858463459,14.76081085043364,9.391121664786612,8.830211504161323,9.880950781256352,1.3325519671722557,0.8978528768652526,1.9460279783639396,0.0661911742735004,0.02653041202067,0.1535118089835349,-0.594924459123209,-1.313872068481358,-0.0901478047771425,21.63146968847545,9.475272075018313e-09,38.89082673432403,-2.155936313328231,1.813304505442524,1.415154225453627,10.987175664561576,14,1.1222872919208784,0.6075048831923605,11.391121664786612,3501292423.1750455,-3501292413.7839236,3040829.236376152,0.5240875507493434,True
9731,3.567426530500519,-30.434169258616624,1,,10.098610790009587,2.2917363271142266,11.186746024884782,8.692772254033034,8.33590050604931,9.019421991455486,0.305966377328373,0.144491556208954,0.7971138370628694,0.0858156399984802,0.0310462394709939,0.634232620853739,-1.0997599821707116,-1.6657827274397214,-0.3517148058476075,4.734457153190306,8.641870929926411e-09,10.187411493785758,-2.6415847622187068,0.3350112823609166,-0.0048640051056594,4.022378209614443,10,0.9487974035085543,0.4413165943674413,10.692772254033034,24682126722.374184,-24682126713.68141,3198199.447200383,0.32631114042695775,False
10570,3.5953808789934985,-30.43180120034361,1,,10.322352182715456,9.826640789343584,10.420928589932831,10.35898165345592,10.228176131324757,10.470698341948305,1.676987983484257,1.5233541755175264,1.906000728548198,0.3271269403181835,0.1913439353335482,0.353135550192042,0.0012654157017755,-0.2164736534074736,0.1255022331123423,1.898967642814478,9.142952815709315e-11,0.5197376715059464,-3.236803583854638,2.9522070284271145,1.6725616497611533,76.79615691040992,25,2.8163061411326917,1.271234806161962,12.35898165345592,186994950049.83823,-186994950039.47928,3230275.494689356,0.19132327651533576,False
10586,3.6172071669543833,-30.43174981318066,1,,11.242537394708805,9.80096094821198,15.528794481066535,10.441381928304253,10.000018214769565,10.845240653307911,1.6813032999716997,1.14601071122694,2.299090412887698,0.0421965789795833,0.0198183720338499,0.1233451902915699,-0.2203744335384708,-0.7482933869198709,0.0190853516094143,220.85288811376157,1.0461025959698364e-08,439.6806101941941,-2.9262068704972877,2.244075255223944,1.9151839227497511,10.910050126509784,11,3.4629387630351713,1.3898418067031402,12.441381928304253,2037517882860.35,-2037517882849.9087,3358976.4010727485,0.576539850830379,True
11373,3.658745269988844,-30.42968651440285,1,,9.060057850521064,0.5427311021644994,2.1327200386014193,8.152863219710257,7.553260040477406,8.447177756219844,0.4480980926837694,0.1234367806937596,1.1350017876019427,1.2861645966184994,0.4552978286707464,2.6454517421604646,-0.9069709839705896,-1.500539278202755,-0.4197772597131841,0.0996790737770065,8.861711877132718e-10,0.0859322509712026,-2.0731361474737664,0.9184849915053128,0.4389713391296865,33.801316742168794,7,0.906110752478316,0.488523743737474,10.152863219710255,1317499205.881991,-1317499197.7291276,3044889.048067304,0.5057825034540916,True
11784,3.583934796265637,-30.42844441762141,1,,10.437853975328784,10.162721800477616,10.461178764253118,10.4401655593104,10.1722145954962,10.644082614939723,1.758799255077889,1.4584861381612166,1.972474321646777,0.3227168864582359,0.3009543654999752,0.3335403432600587,0.0944095708305747,-0.0816979664746473,0.164217305919899,1.36026745001028,5.3723060052722417e-11,0.5632466267567703,-2.8638117211648746,3.0821212360820134,1.753877817433562,346.90114409372995,27,3.313787982148862,1.4731390224814669,12.4401655593104,267692120731.58212,-267692120721.14197,3246710.061533522,0.2569940917427802,False
12190,3.657790505458855,-30.427179643196723,1,,11.833272135982307,12.09520103994034,13.71848918515022,8.616200419092277,8.427211972563626,8.889248399198113,0.0221766415366779,0.0052909581153945,0.0645240734070804,0.0453545195703091,0.0200995703698363,0.078863244517065,-1.3334732811765202,-1.784711267649049,-0.5336309518982175,4.090734316180927,1.0474681461272005e-08,9.336941495563437,-2.3125058964144145,0.0679210831070769,-0.6686456358054187,30.5856159297798,7,0.9349033621610884,0.3495474444150567,10.616200419092277,1382202479333.1492,-1382202479324.533,3439061.441806658,0.02961655764584295,False
12278,3.661622831312985,-30.42688161057176,1,,11.982631636170794,0.7970765296526926,12.274408791731496,8.370249240663245,7.564469697648597,8.703139389997418,0.239378550479485,0.0465572693936679,1.103126226354541,0.1441961882202097,0.0391716063913486,2.111864687266697,-0.8255374924606771,-1.490855166529716,-0.1691914294362272,1.71676893330137,6.854628558908931e-09,2.5900791814841178,-2.6715767624511617,0.4510240166623127,0.100763144929747,10.087590771963924,7,0.909306363902194,0.3341108327088967,10.370249240663243,1485346362216.4724,-1485346362208.102,3459016.2352748513,0.5282844784804365,True
12369,3.64801065202162,-30.426614855295412,1,,10.79740886749842,0.5498940545064432,11.07131277396901,8.112703561184325,7.315229951790132,8.384865340400165,0.1534365078500744,0.0194695515119407,1.3707153813883712,0.1257201835921261,0.0350148428610266,2.7505892399092517,-1.1738548789978356,-1.662923230105559,-0.3256696130619786,1.157787987627688,7.707353851918518e-09,1.5179119886794676,-2.406632261407742,0.3424811464764161,-0.2038281097480201,2.961529111602855,6,0.8965474333310322,0.3804358947849338,10.112703561184324,70788521951.26428,-70788521943.15158,3297346.207526068,0.6756229149382152,True
12694,3.6589393664460186,-30.425868493066424,1,,9.949212350679664,1.8123479083220817,10.497293569555822,8.310581669441632,7.840845474538201,8.664237714505969,0.2815721470461806,0.0643823016406165,0.811612053880632,0.1487582729722921,0.0480680849576226,1.0437182716783928,-0.8741436640657247,-1.551831124865101,-0.1948076285301661,1.6271073095236168,6.282991847000678e-09,2.7730635268353425,-2.0592534487815666,0.4557187696733678,0.141299842430385,19.25398885722016,7,0.9120076353715112,0.4329350895828011,10.310581669441632,12060613386.54746,-12060613378.23688,3176601.029777957,0.3736148761200077,False
12863,3.6171988774084887,-30.425536099028633,1,,10.180529943141766,10.054971582649776,10.696258117347748,9.275460545296148,9.089243168444742,9.48149699677615,0.084865126530444,0.038382298172013,0.1702793214321135,0.0677558561766294,0.0363259638160717,0.1111529497537964,-1.2663795885691491,-1.697752332126427,-0.449119912419749,16.349491872396595,9.360134899647264e-09,29.123785072374805,-2.0251980636542233,0.0474378780698359,-0.402635000218595,15.88262823195192,13,1.081786335916492,0.4976421149363123,11.275460545296148,51438067006.06121,-51438066996.78575,3209980.7469203696,0.06594851163005025,False
12866,3.654671343077749,-30.425385873261796,1,,9.953164743470936,1.5157791479479257,13.344896501245191,8.525954140212793,7.898134286738038,9.14034669375914,0.6223047848617956,0.2154520145550129,1.356383700887484,0.2287749509399648,0.0443274173520298,1.1086771415416852,-0.7332241240445476,-1.391448555242877,-0.1324861172988673,1.442056632423597,5.262902952710615e-09,1.6220641035560774,-2.212192965065338,0.83348625036502,0.5788969681704579,3.482975372843758,6,0.9300390375599784,0.4412552458912799,10.525954140212791,14953293479.254412,-14953293470.728458,3177174.314950757,0.5704658431662355,True
13537,3.652490072148819,-30.42375407427919,1,,10.106454052872106,2.781502691868379,10.6914773357345,8.558866739260619,8.232945138285308,8.89763718037215,0.083315812233668,0.0212034389202332,0.2834188041613956,0.0850217041317839,0.0379778962325899,0.2364994262401688,-1.0245632796965165,-1.6145050662838,-0.3042185582749637,3.3134933489183904,8.774053941441847e-09,6.44020765633235,-2.4353056183220794,0.1414984911808616,-0.2950419843134639,11.80544621162666,6,0.9329512503061144,0.4334854421922545,10.55886673926062,22138148639.883396,-22138148631.324528,3199329.313329113,0.1311076826205812,False
14076,3.643340523908392,-30.42239772025355,1,,11.479021290830108,0.2414122848277948,10.903441132616136,8.227197748241363,6.945231678952492,8.652656700044066,0.2908260668312448,0.0563046110407125,1.9409686378993307,0.5891721029851473,0.0693354245776949,4.170822694619786,-1.0542344635574628,-1.7005833677678424,-0.2448345105971119,0.4311700716980961,2.048109754545782e-09,0.4449569687712028,-1.495816200185374,0.6843232062459741,0.2257351418479167,2.007174171138328,7,0.9005545441477073,0.351183651673586,10.227197748241364,389958258539.172,-389958258530.9448,3391263.189672696,0.9423320134293091,True
14364,3.6473069672124145,-30.421639363815956,1,,11.113007343999636,2.273930079934391,11.224788444834328,8.331456782933216,7.926816278594713,8.629831336924033,0.1010633086015101,0.0282471523335014,0.4163071065786621,0.1030243483967303,0.0450515236846467,0.682916044587862,-1.2141640994816647,-1.6951025988241697,-0.4971831492470694,1.7806986990794926,7.593032879440343e-09,3.868631288151577,-1.9094975582167275,0.2563432215783834,-0.3236709713280596,0.4926137058483361,6,0.9092221707401292,0.3707981000268772,10.331456782933216,186373817766.87897,-186373817758.5475,3341159.614300111,0.19402997712258035,False
14390,3.64648626238808,-30.421613995768617,1,,9.72221122796772,1.3787427717522407,10.822893654761074,8.518348947433623,8.114131898828715,8.797918223731815,0.2765673087497289,0.0934910352720511,0.8070300551479856,0.2537414211116934,0.0492462888863603,1.369842401486388,-1.0504134164693002,-1.6614158452520584,-0.1727645235354969,0.9146127695110672,5.1134592492245215e-09,0.8674475765703248,-1.9421541567063247,0.4916263273888752,0.1952187263392808,0.7231665244430892,6,0.9300105943587076,0.4556047436893606,10.518348947433624,8621645921.89991,-8621645913.381561,3143499.6210744246,0.3567695099379673,False
14603,3.650266306493956,-30.420972278596413,1,,11.54137620133593,1.802713484996374,12.337633952845064,8.16113041633167,7.561839244846957,8.767745657393569,0.4252929820400244,0.10910075361626,1.1214471230414524,0.1329097801428534,0.0447474752282894,0.9688644210092155,-0.8101849160372656,-1.522130208174579,-0.19132942383697,1.0439286238792564,6.41903193355796e-09,1.7646352139074393,-1.8944406624460488,0.6059669580305886,0.2732049112627877,11.55877484457606,6,0.8962401505809714,0.3468909666740899,10.16113041633167,418308538194.9136,-418308538186.7525,3399725.3281921456,0.5061731847125962,True
14625,3.643992695912112,-30.420914459397306,1,,11.800196573988323,1.4214432025174784,13.425391217477134,8.056038086454407,7.469920346829677,8.725196091802053,0.6159477235386897,0.1807508456693193,1.3282941319441182,0.215475785400085,0.046361819003231,1.301839278417592,-0.7417507699007453,-1.4373735850541385,-0.1376720669758807,0.4953612631766184,5.920621416477874e-09,0.5595071881509259,-2.1690137791201294,0.7406363145377668,0.4917925955156477,1.8804644482250377,7,0.8895187269068533,0.3338722367329365,10.056038086454407,674271158777.4119,-674271158769.3558,3434626.7865064526,0.5737716431373995,True
15724,3.615904478063808,-30.418496593207067,1,,9.25934662798088,1.6233878216961677,9.316334650582675,8.317842147942414,7.896704063188592,8.6208149269541,0.5889227961665119,0.1657402637426425,1.0788997622081686,0.4600164850589804,0.0544736491914705,1.1566472511366732,-1.1025851606834634,-1.592243365687542,-0.6031593950929705,0.4439626804318116,3.6224234810479516e-09,0.5715078821548837,-2.877799678281351,1.0741972833099105,0.44770434840337,9.284051246013243,13,0.9151972922627258,0.4790903966077313,10.317842147942414,2427564467.7509556,-2427564459.4331136,3074900.6247921535,0.45657974923276307,False
16049,3.6665037671697713,-30.417599063759237,1,,11.644394035698792,0.8263966165193668,12.406831392015858,8.398083347309743,7.78401968129249,8.940765078807067,0.4822948538650591,0.0516946075874766,1.6377593397989385,0.407464696980866,0.0446084647138313,2.3046645331873585,-0.7247894108721704,-1.5012761158166006,-0.1714408184802747,0.6517107405344739,3.504819857063561e-09,0.6182766730514023,-2.3865903716673995,0.8393487690074863,0.4053960927120741,35.42650360471172,7,0.9127840220907992,0.3489739537600383,10.398083347309743,694712117753.812,-694712117745.414,3413659.8458692404,0.7930323661057309,True
16140,3.6592859605165207,-30.417278013966577,1,,9.9409787565928,1.0034199762044034,10.712579735180311,8.057252680236994,7.275176535848427,8.457168625949059,0.1691267605912428,0.0335190748634973,0.8448436179652903,0.1135455239243729,0.0425146183649552,1.3801897756912984,-0.901659237737783,-1.5650690505804208,-0.2346179986662436,0.9362107839543726,7.331605130732865e-09,2.1149155784653044,-2.2220182762006577,0.3548712957776949,-0.0130221976571043,8.845519989441442,7,0.8974699214435591,0.4265159790729029,10.057252680236994,9239022764.195976,-9239022756.138723,3175406.4341554646,0.4056622715508965,False
16439,3.616614439508724,-30.416499810597212,1,,9.535153751545485,9.478232574087878,9.723609174059828,10.82601835642862,10.623370425294215,11.028471767330617,2.097799236742624,1.8512647869997056,2.3733525012139007,0.3460129764154668,0.259506771348011,0.3734206440679166,-0.1738650019572625,-0.3864289900518731,0.0209118839647847,5.580043329609473,7.485815754027364e-11,1.257485375512977,-2.6115874654785345,3.465784493674729,2.082646730149296,200.32556147490004,24,8.9508081425103,4.502467451210125,12.82601835642862,36798170611.85727,-36798170601.03125,3115958.551942615,0.26104385710709754,False
20930,3.5709844038260385,-30.40706566146267,1,,11.398229020632458,11.07223871703586,11.806403981916024,8.228935671982224,7.984412487425548,8.529175356198403,0.1549101965623678,0.0770406007595442,0.3012509084986943,0.0694484854773327,0.0345853213927835,0.1264209345218091,-0.7246636579434884,-1.4757129943548566,-0.0961731144826407,1.4202694079790188,9.312199817327876e-09,2.3980220042849787,-2.090665192015315,0.2766379926000937,-0.1096031832671649,19.323505550108223,28,0.9009731116874004,0.3547959087902071,10.228935671982224,323801392154.2608,-323801392146.03186,3380267.4251329396,0.11210515386957504,False
21038,3.651723612161432,-30.406871581161628,1,,11.566900344219563,2.6956209552510497,11.70637514874118,8.814199089897834,8.516624885253487,9.070820257343527,0.0842676601539734,0.0261842575687468,0.3399576374631151,0.064769292277919,0.0280016669638244,0.1619811279095896,-1.1706447817433872,-1.6493635130320097,-0.6018454121695965,6.128436744216593,9.59934195248095e-09,13.588179614079964,-2.214301109995541,0.0348667922555669,-0.3850249238593832,67.94762929074756,6,0.9644535939895192,0.3721533321847892,10.814199089897834,912241292491.94,-912241292483.126,3403183.121319326,0.15688668994718413,False
22507,3.6550159837229153,-30.40431967064155,1,,9.874282475248526,9.749358434370242,10.181532809222464,8.791713444057423,8.6697746753619,8.918334547174476,0.0494752256660376,0.0157784074235481,0.1263507267160653,0.0368613344490236,0.0208662780569839,0.0703162591041007,-1.468204729725063,-1.7646226506834002,-1.2057932011525094,6.405488906660702,1.0713172207188726e-08,16.1382143034381,-2.181851516184678,-0.1695447065520383,-0.5124024081482155,92.08649900779416,6,0.9633575646331748,0.4620560086353186,10.791713444057423,15886436090.49332,-15886436081.701609,3165712.989073558,0.05528615964625859,False
22517,3.654482616375361,-30.404242243688486,1,,9.931366402604494,0.6533140569920521,10.527810680599886,8.012971852095545,7.253980410032693,8.47654325847284,0.3714811944900855,0.0459013764112879,1.2502385616241998,0.4233535969213085,0.0488190682564232,2.694059928965472,-0.8163343194401473,-1.4957267298518044,-0.1624031139590222,0.2850298519075334,3.7159747155821804e-09,0.3278518965140585,-2.330217478296618,0.6412102203303398,0.2737099585003406,18.466002366364904,6,0.895517491110021,0.4261507626868744,10.012971852095545,8648837059.15285,-8648837051.139877,3174011.228184346,0.6021685926064559,True
22726,3.571351547679658,-30.403937744415305,1,,9.844621916779356,9.718574617148688,10.10670171647518,10.260066169172578,10.131308837402669,10.348471398640484,1.885486700570222,1.735955366457856,2.0270358068321963,0.4448863092281301,0.3568896612060415,0.462375645278381,-0.3806769170715085,-0.5222217053063434,-0.2186605781567665,0.3222995188719686,1.6614056687541597e-11,0.138449490565683,-3.604152669910903,3.1870892473877035,1.878383130732825,191.10041781591903,28,2.3412095536270443,1.1275359303600234,12.260066169172578,51975684108.87483,-51975684098.61477,3161392.6612339467,0.14554022018717017,False
22836,3.654551582859527,-30.403721809693582,1,,10.033400749305477,1.0546508959945649,10.46878236283875,8.110535258392485,7.404054710381489,8.584274152607417,0.4290181998146755,0.0990028511277397,1.1223151597860137,0.23459135347117,0.0489537057687173,1.5860101685474977,-0.783791715315931,-1.4769450388529188,-0.1628715700051032,0.6004960340300639,5.388785057507259e-09,0.7595303867974614,-2.3621339104938732,0.607051506633983,0.2980447716728918,15.161875799959224,6,0.8996657905970468,0.4221872502627958,10.110535258392485,12058733291.608791,-12058733283.498257,3188790.0731405835,0.511656154329137,True
24120,3.6496484705435464,-30.401524976898116,1,,9.688795676725684,1.7134597120415096,10.853799700357646,8.044595507728715,7.493476652949214,8.410549540381878,0.1048903987146802,0.0234897767895639,0.696545024840266,0.0838751439667828,0.0357543669190058,0.945547296604722,-0.9565900778952618,-1.5669743991950242,-0.2801858975746631,0.9989908136887772,8.556155354272072e-09,2.070546589381608,-1.91964525902269,0.2659487518663539,-0.1579779233603915,14.539663849578815,6,0.8980172013918579,0.4420002089491596,10.044595507728715,5099396888.90675,-5099396880.862154,3138597.472705028,0.3365276240253511,False
24488,3.6490018276249616,-30.400913914805116,1,,9.924881021689297,2.572883366452742,10.553923111980266,8.352078125910895,8.012646800654215,8.772847633779241,0.1536285380590749,0.0476893090282465,0.4848471838220661,0.0839947465500464,0.0338430236620766,0.3881015869308003,-0.952304312129206,-1.5891086974818602,-0.2485152461053408,1.965839724353244,8.79306716753271e-09,3.883621872143963,-1.9993288272408545,0.2589180768942256,-0.1573664560321646,13.37378222795857,6,0.9151022329647724,0.4358592126013387,10.352078125910896,11858440455.950066,-11858440447.597988,3173069.546919647,0.2185789373969098,False
31350,3.532694003598825,-30.38801416400153,1,,9.615545384392592,2.1287222239072996,11.251911534185489,8.176332600104843,7.749627344710257,8.61371245989098,0.4192621425139283,0.1526538929234288,1.0456690641611617,0.1055845578411617,0.044380126278423,0.8229036418325996,-0.7820645080321953,-1.5081830509589818,-0.1375764898614973,1.206301058095295,7.772216983778558e-09,2.05274681419773,-2.4953921432768,0.4858451546982962,0.2392747992332466,16.03787038508227,20,0.9049627616390932,0.4500462684026718,10.176332600104844,4881348396.140292,-4881348387.96396,3127824.583677322,0.44650758561886644,False
32630,3.56316300300886,-30.385754422485615,1,,9.710760844643966,9.589950752844867,10.211400844490298,9.692543924466436,9.569286944235476,9.83448576044447,1.6841952365773925,1.4351635383557346,1.9520492781842191,0.2255401203272846,0.1688811099129977,0.3355743792608672,-0.0083423841046343,-0.3898501695882316,0.1277466581150759,1.783261596237096,3.792384715697712e-10,0.2818089594979294,-2.110774792795708,2.853426220806284,1.7164973186862476,94.26783782080686,27,1.3126235228224852,0.64407728972437,11.692543924466436,23453572272.34433,-23453572262.651787,3141820.681455878,0.25844286991424226,False
42089,3.511925839189859,-30.371861764819037,1,,10.393452700228671,9.860699032646522,10.757224599651927,9.0873322141369,8.687480344793801,9.363784636266136,0.3636989664347484,0.1555787860397037,0.5994060234829752,0.0802037816485688,0.0370299583699254,0.1394167252494901,-1.3116860173731364,-1.7477627224907235,-0.702489206096146,9.477796384723716,8.848202246371493e-09,15.920392460899611,-2.141886103813486,0.280997837491725,-0.1847902745869554,34.67542172055948,23,1.0233612273976187,0.4576016393113081,11.0873322141369,72337023552.9683,-72337023543.88098,3240402.1368544283,0.22191361872163576,False
48838,3.4946307806456254,-30.360970115947424,1,,9.440404172892642,2.0227195011229906,10.48422819132779,8.106968211633209,7.773427357430634,8.370828235970729,0.1188054752989668,0.0265611258431715,0.6230535002389915,0.072790869216675,0.0358833039507458,0.7336385619995615,-1.1571788139541836,-1.6502480634529355,-0.4701401834824734,1.218581575753478,9.297612935135276e-09,2.5632394805779204,-1.9288411357140527,0.1678896162929533,-0.2179045280407052,7.289924557245462,13,0.9020841227738988,0.4599727119598738,10.106968211633207,3048086828.7883883,-3048086820.68142,3101914.970745952,0.29824618719791,False
49514,3.590110385123627,-30.359741785134855,1,,10.4971752442041,10.740422473299253,10.985461478023762,8.26106745978377,8.111312038865899,8.454902515505097,0.0091082875657112,0.0025854454842094,0.0245625682945688,0.0543338400385259,0.0363514676408328,0.0760744799979913,-1.721476863126953,-1.9097821308107132,-1.4875307104962576,1.8322097766731524,1.0398673769242911e-08,2.2764190431376607,-2.603719409041146,-0.2304321712527688,-0.6538850856670742,32.628858285530264,27,0.9065277490805396,0.3998733175442441,10.26106745978377,41178007428.38157,-41178007420.1205,3255118.5393251805,0.0109885614051797,False
53168,3.515751890541803,-30.35320701906168,1,,9.347099404232669,5.313988087800882,11.507567728437246,8.08390960335994,7.500715442534116,8.647056435245602,0.9071129942015632,0.4716285709001979,1.6190903190163657,0.1146468751439787,0.0430413863674249,0.2868763625846441,-0.6691537339644014,-1.3483831626931673,-0.1288297788160428,0.7026480970198254,8.033276646098706e-09,0.9414416711314062,-1.8461471213795453,1.1340661709221465,0.8323545452615413,68.38453717516056,15,0.9013851285687025,0.4658590027808064,10.08390960335994,2404470774.74621,-2404470766.6623006,3088023.123446589,0.5737308740580839,True
54038,3.5137437409611296,-30.351566414995208,1,,10.51148061696576,9.604186814869266,10.748842683545014,8.357855580827788,8.113976238392363,8.609460847620193,0.1080160908746013,0.047497857381597,0.2143410874892254,0.0798604369847007,0.038872513541048,0.1322487591313348,-0.7697046566976413,-1.406884103095782,-0.1709002966771472,1.7337159143084846,8.716859648566635e-09,3.1503480582800396,-2.6072678259086377,0.23998292139159,-0.2366619520222386,7.35068814886776,13,0.913398113429722,0.4021513191880229,10.357855580827788,46988260057.56851,-46988260049.210655,3257143.0021716338,0.0834216150538142,False
54380,3.5155284294387807,-30.350990284133456,1,,9.157504357449378,8.939948168196596,10.233389847847782,8.100840444151695,7.798875024061681,8.436667471928073,0.2575022152517974,0.1018926939052403,0.646701063032666,0.0928573476858006,0.0420093526569602,0.1723802727101935,-0.6570329646259248,-1.350273088955768,-0.1524112736764266,0.8357317146449541,8.304496507595494e-09,1.2000062301877457,-1.7703861701475327,0.4153322244781599,0.0960561919301454,12.693651796111014,14,0.9030551524183702,0.4798746279188687,10.100840444151697,1575463270.3260715,-1575463262.2252314,3059600.630119125,0.27240418456371285,False
57327,3.533366786302052,-30.34557766450562,1,,9.98517895390237,1.8738374865758332,10.416883036127212,8.046806724521797,7.603699974532149,8.436717997704255,0.2266969685708782,0.0465131603804822,1.0108548995594595,0.1119148804269736,0.0407171813853804,0.8654625450107474,-0.7793471021374904,-1.4500992569018525,-0.1843603774082344,0.8966525848309402,7.69016575463965e-09,1.7228732599066827,-2.2857108324074003,0.4129004885154579,0.103170989579322,12.013693483590982,18,0.8967896287060111,0.4236175753446207,10.046806724521796,10125800628.163824,-10125800620.117018,3181814.093236188,0.4821708695894886,False
57343,3.4787413336192,-30.345536010248832,1,,11.340834589312887,10.85835755909409,11.384950650107085,8.403658619767816,8.248605604161654,8.743204504848725,0.0611348054740105,0.0321607744877543,0.1193662793878553,0.0518769351945984,0.0266978802866195,0.1026727248206751,-1.289853375979979,-1.746382363752776,-0.6320008087443073,2.5310276989612293,1.0086865497804365e-08,5.639446833457672,-2.5019481413777465,0.1737226435238525,-0.7064803941333153,15.107775820088609,13,0.9142675119150894,0.3625523092320789,10.403658619767816,343351720365.9659,-343351720357.5622,3372434.3073677146,0.0436027524500505,False
58200,3.481650914938584,-30.34373326153142,1,,9.538867162349383,3.0944840613240077,10.171958882035115,8.643367712678051,8.085419196645296,9.098388813654198,0.8440056040914492,0.3988023103707316,1.6462160323209374,0.1324626126788135,0.0467712075213977,0.4808524046815858,-0.6149187027180839,-1.3088535849297245,-0.0676178503579803,2.490023979748995,7.598846269213093e-09,3.57124538457173,-1.6849929110202426,0.9193007638145368,0.7669489272954557,12.63438709736431,13,0.943971547451514,0.474588501947074,10.643367712678051,6268603227.54734,-6268603218.903973,3116507.657109347,0.6237068609751029,True
58305,3.4750329144457557,-30.34353315080723,1,,9.641522061127263,3.2788608092675378,10.37668152033216,8.105529760936642,7.634728249972426,8.526501800744901,0.3262229868015852,0.1042053508764913,0.9146554153732124,0.1057982201332948,0.0443254107857654,0.3037474619075669,-0.7326027606541632,-1.409960352194486,-0.1599583725687016,0.9735017673685238,8.165264641746104e-09,1.4275341502902288,-2.0345047501403335,0.4446993886463914,0.1547838776817691,7.787926196915764,12,0.9011218149684048,0.4464929848961724,10.105529760936642,4847062098.167089,-4847062090.06156,3131649.2031411957,0.40522503224836054,False
58483,3.469138216653004,-30.343196761637817,1,,9.707993901575016,2.3973898053254263,13.292769714658013,8.061700706400043,7.423864784327287,8.631553430626857,0.7898799682925985,0.3066091855170466,1.532530324989538,0.1405234009406943,0.0428092181321124,0.6504730029465037,-0.6598419855126543,-1.3940178752257744,-0.0936194975114286,0.6399744571449463,7.050235239759498e-09,0.8531383539232159,-2.1703888606998354,0.9260436324039034,0.6987507602976564,8.33128310606351,12,0.8987161282347369,0.441152748602399,10.061700706400044,5419107737.926178,-5419107729.864477,3141414.8372495375,0.6129605697362457,True
58738,3.469982629318604,-30.342608566724405,1,,9.56206344329592,1.9996855876889,10.868778149986149,8.091858426718522,7.510972237158433,8.561300058395677,0.3418725762581451,0.0871172514825608,1.1112544864592924,0.1066642939636495,0.0427826748972846,0.7573839402073463,-0.7956519349379282,-1.369815482238956,-0.2339970527054363,0.9821435636413464,7.779662995858763e-09,1.458103016734705,-1.802654637638996,0.4784359668553684,0.2056787894165559,7.639891707715792,12,0.9008019370476702,0.4513906496068013,10.091858426718522,3981400125.771649,-3981400117.6797905,3119935.52326671,0.5120686174883657,True
59932,3.525143259983339,-30.34045447920902,1,,11.048262997170449,10.772953435809317,11.503833847189917,8.793174791872895,8.609450281170975,9.033303925510936,0.0704597890208083,0.0264332922058497,0.1500171507619091,0.0616603879674716,0.030151266480264,0.1077406724869188,-0.884149936601863,-1.5851239764537222,-0.1060358733209726,5.594418181570024,9.589269368346077e-09,10.911667786574766,-1.52054712870526,0.1713539551308684,-0.3122054606019553,8.712569581246349,9,0.961704967413602,0.3953752467455863,10.793174791872897,259719280759.22775,-259719280750.43457,3332218.3569196486,0.061791929278029706,False
60129,3.482998319797274,-30.33950360059041,1,,9.876239165427682,2.13669535066796,15.252482796343308,8.200776104885854,7.734678420400678,8.761582790794927,0.4316509657348235,0.1055272030691724,1.2407301846413723,0.1009970174197811,0.0360036879129175,0.8737001718197412,-0.850504112410049,-1.5359939109793603,-0.1789485130042308,1.2087170633070436,7.696611861263755e-09,2.014163348157697,-2.378924416637728,0.6112214903860078,0.2954983538623459,13.914788335174633,9,0.9052630964623848,0.4340747003223542,10.200776104885854,9151722978.71007,-9151722970.509293,3165997.79135396,0.5676014907861,True
60141,3.4816776176411524,-30.339491389859568,1,,10.746528246623802,3.401122622603566,13.132022025563575,8.06591645879217,7.5745961489004126,8.731460734720462,0.6232545135985226,0.2284139246762372,1.3082170177846577,0.0912310633518042,0.0348531625547057,0.3326723689318677,-0.7909615293896026,-1.4682376380221591,-0.1892803526435325,0.9369175414091976,8.698876475671393e-09,1.5632251068152232,-2.2406468840196094,0.6540960932465865,0.3876065230340231,11.70410887205226,9,0.8943864871512132,0.3819934474561718,10.06591645879217,59867558703.71084,-59867558695.64492,3290228.021291001,0.5399015465542103,True
60157,3.482831616187225,-30.339523715962596,1,,11.39235955823726,4.065884287862584,11.849905648656197,8.570685592909193,8.308644286337417,8.860877563301322,0.0712079939948986,0.0214076714219467,0.2917141691394377,0.0807692666908891,0.0373184537807545,0.2017357730699931,-0.5712917057818642,-1.312787728819086,-0.0561758938791411,3.3823145404297073,8.71993676157175e-09,6.330991544424343,-2.5073806101118916,0.2245486079752687,-0.0768615676110719,10.145049332319353,9,0.9306385683845196,0.3667390071401777,10.570685592909191,464463268538.4806,-464463268529.9099,3379467.201922732,0.1351532488587455,False
60332,3.4816628249806376,-30.339221286258837,1,,9.654883109236277,2.856599793914965,12.42117968190498,8.269993194223302,7.595399582482213,8.98362824904098,0.9043066253144838,0.4119292501565439,1.6529263478935412,0.1221020734707452,0.0426481784533976,0.5048440711903961,-0.5899794015942238,-1.2700816962786765,-0.0649386149292026,1.1167651957606557,7.397713779578872e-09,1.615480616388594,-1.854712243708469,1.025958104901811,0.8458067741613426,3.078519967482824,9,0.9104284834637508,0.4502543660327469,10.269993194223302,5842404350.2488,-5842404341.978807,3133614.57002487,0.6204985488684986,True
60945,3.464435612008737,-30.337884076264167,1,,9.667198500299062,5.003181690303593,10.586037007151184,8.677369743764938,8.270313332594624,9.082724684253726,0.2563313630661674,0.0816453648765239,0.8234918431153363,0.0902142175372942,0.0355749359993008,0.2183745281467308,-0.811610681759444,-1.416955339872953,-0.2436337239919612,3.75886486592422,8.443350968607623e-09,6.203858757231841,-2.1285702825097865,0.4010357258207158,0.0065081775177837,7.433202078027015,9,0.94780942850803,0.4679280560384606,10.677369743764938,8757262441.915854,-8757262433.238483,3135425.033049844,0.3709232391194062,False
61927,3.457057049186343,-30.335485264680155,1,,9.66090665648311,2.7700040072791445,12.468020046333375,8.05708171855022,7.315554254186225,8.786469430778677,0.8897739801925411,0.4203195687686182,1.5683930490780489,0.1187019955423546,0.040658318800065,0.498299352883095,-0.6883936966215928,-1.4028143935730617,-0.1261093554707892,0.7978819673063293,7.481402974899102e-09,1.144255619264941,-1.956429383660295,1.0063082141272233,0.8500530874686447,4.531775624361702,9,0.8987135675443874,0.4440833411264299,10.05708171855022,4839363167.896034,-4839363159.838952,3134500.2112960266,0.5740367401547153,True
61975,3.4873682496006255,-30.335339693883515,1,,9.657033388768024,3.0716115169076668,12.759650542479667,8.027618381490683,7.318427465168477,8.822591346526204,0.8622072585761766,0.3987627286027261,1.599391693223157,0.1230087967249576,0.0464300978133771,0.4391768428177011,-0.6552917190699128,-1.3696602532044644,-0.0879835268174629,0.6479706804926856,7.160150723647147e-09,0.8486698559177676,-2.2239393208301403,1.0475714771069526,0.7774183810606807,0.9352557534109222,9,0.8974034894709275,0.4436782429429716,10.027618381490685,4662303721.190434,-4662303713.162816,3133930.754035355,0.6003144823102156,True
62855,3.469417889602537,-30.333016783128297,1,,9.70441853464196,2.708811275710736,13.542233344024014,8.092616918878818,7.491867866915437,8.78341072094348,0.674295884392323,0.2393405891413934,1.4079287076309572,0.1172905062127717,0.0381054990408072,0.6032202957622737,-0.7041398104562829,-1.4341092826577089,-0.1237205370703352,0.7601855551844766,7.506304275194551e-09,1.10256910828897,-2.0657660587479816,0.8138053528201041,0.5677013017059593,5.299228099652067,9,0.900207159386429,0.4421065062644311,10.092616918878818,5536980335.489875,-5536980327.397258,3140890.3389844787,0.584294059244782,True
62868,3.5466028479604503,-30.33300635011914,1,,10.610857342268874,8.463985803276069,10.63521294656971,10.064019374904474,9.0687489215991,10.415015446547914,1.315265346650105,1.0772062652245915,1.6738845650676228,0.2433328040564119,0.1369082726563502,0.3495000728461624,-0.3734350913799381,-1.0851523857641148,-0.0110729240890872,4.8353188061346755,7.517507906801712e-10,3.2515627898029957,-1.1855631627434318,2.2938051969451756,1.3257371365928243,10.208379218655882,10,1.8467518238072207,0.8026480239589391,12.064019374904474,298921811011.0287,-298921811000.96466,3271171.9805957917,0.29833914992151567,False
64182,3.4706327136355863,-30.32984231541054,1,,10.807372483860709,2.335998862384327,13.385126370369822,8.182873984621676,7.4040874961060945,8.98015969024065,0.8686260491784487,0.3868982035214661,1.572848506762179,0.1239283134157086,0.0425490702580084,0.6156244796926721,-0.6472577339825984,-1.335871774190602,-0.118253249990242,0.8854506668389588,6.919121423963118e-09,1.2904600519010685,-1.775058823723041,0.9651410595278024,0.7871519068811494,2.224250710043016,9,0.9004219528358164,0.3815952885599793,10.182873984621676,78060350423.72453,-78060350415.54166,3298738.316557715,0.5929751516203564,True
64640,3.4617933466098116,-30.32874063014272,1,,11.566233356633887,2.7025793927032735,12.854463902703108,8.318334382213138,7.594995213079294,8.972948324133899,0.9079846983164906,0.3967104846696817,1.6636352678143618,0.1289565561487261,0.047294217630388,0.5202428095432055,-0.6458079682286617,-1.376003974247248,-0.0834333778299203,1.198454163781478,7.034559816463439e-09,1.6450947374664115,-1.920533832561853,1.0173161875334529,0.851408442227708,11.172245976250156,9,0.9066191215412726,0.3498646949349345,10.318334382213138,529230835613.35175,-529230835605.0334,3403092.8082369124,0.6334623915723401,True
64672,3.5451527443337847,-30.32870567415167,1,,9.44229155925246,1.553380153381677,14.404908818030052,8.567220851495566,7.88944893617407,9.318705025126503,0.6737823848213844,0.2012788089580973,1.496338235469192,0.1583818097737559,0.0401660998333963,1.0019894007115668,-0.7037861482658687,-1.450654129507802,-0.1464081717081491,2.165697105260432,6.409934081588069e-09,3.0490329090410455,-2.103510845297309,0.921467341658829,0.5866113780422211,0.1173777457847995,3,0.9357821243125948,0.4770257178789378,10.567220851495566,4661613566.771307,-4661613558.204086,3102195.3357271147,0.6475297132555474,True
64980,3.4904202014882753,-30.32799752358748,1,,9.15945217256205,4.002335522568361,11.478052638293942,8.275498087253588,7.464350427987469,8.945025745860576,0.9670860722966128,0.454436556217496,1.5535204748168008,0.1130866272530101,0.0480686357372933,0.3310989299102414,-0.6837584266559094,-1.384325648383521,-0.103125357427709,1.1606238392073756,7.666022875636761e-09,1.583827301806777,-1.8562659561780632,1.062189149739016,0.8199574837533525,5.125899505323597,9,0.9127910948390844,0.4849084763157763,10.275498087253588,1851655171.9314687,-1851655163.6559703,3059893.972384204,0.5495419592996524,True
65618,3.458032890629381,-30.32657850268701,1,,10.408057719266203,3.0762791908319076,13.053883339246054,8.008411841674713,7.233443752622094,8.803112945174416,0.8815834978058497,0.3804652403106108,1.600688607869281,0.1162210627709166,0.0407897139090954,0.4590848624870298,-0.6712161703443897,-1.4019715445365162,-0.1146386993070249,0.6224528818025025,7.703159147615296e-09,0.8430961546947762,-2.1062384584011062,1.003110308635847,0.7944010759705051,4.173938247592216,9,0.8931868909039216,0.3986249807218696,10.008411841674713,25814184497.263653,-25814184489.25524,3242478.3721831874,0.6101116837793351,True
66200,3.470242695857034,-30.325296591263413,1,,11.930290205520304,4.6636472508861235,14.168451710411448,8.535498111824104,7.688334641124269,9.347857158292513,0.9915291243079332,0.5085647519806571,1.703176395012601,0.0932356236195884,0.0343016519039835,0.2798029504956303,-0.6964148316868853,-1.4165167995156407,-0.1254601425201595,2.0611538580830775,8.160001556083086e-09,3.1140435532467534,-1.9229060404799323,1.2763798358526517,0.9804204588526702,2.799236475082076,5,0.9252538409640232,0.3420426944981465,10.535498111824104,1586981296015.2317,-1586981296006.6963,3452036.421216832,0.597305821515972,True
67085,3.4818069485235945,-30.32341117884236,1,,11.855166998316395,3.3056043036498615,12.497245807905824,8.114588705044207,7.457966932903865,8.788812380174333,0.8981724565751266,0.4420178816834333,1.5757299266331768,0.1197890230603011,0.0392169828358818,0.4398318427725817,-0.6826710666503638,-1.345632453429832,-0.1263502295743531,0.6947648628221067,7.50557738398285e-09,1.0122089581981843,-2.2034400821652347,1.0814955089521874,0.8671410480700246,1.9394882896691543,9,0.8923661464989777,0.3327889773570595,10.114588705044207,820028717823.3173,-820028717815.2026,3441993.885184631,0.5668560224748718,True
67224,3.51998194735181,-30.323119726412138,1,,11.178215303391529,1.448687967722117,11.45605727395908,8.125551065318877,7.423478190312104,8.871854128664898,0.7621304526225015,0.2843563965861685,1.4818427756960062,0.2015623246987264,0.0530847820042513,1.3023428025116854,-0.6526411467940331,-1.345584734216688,-0.112082513137153,0.5362886195573263,5.410033535257464e-09,0.6793854184277683,-2.0397940933105096,0.9271460421562736,0.7006731838308298,0.4762422588425247,5,0.895675226992673,0.3623361207197076,10.125551065318875,173295124208.7101,-173295124200.58456,3350140.77668471,0.5987431895549189,True
67236,3.5612299475376936,-30.32312369209288,1,,11.403454849650965,1.205870864246945,11.470073883611438,8.345092977692337,6.7200216120254295,9.078343851528237,0.9463744229889716,0.4343753273832554,2.110457610682924,0.1696169979413471,0.0616802279927,1.2091593073431268,-0.6490441975663273,-1.3222469593768045,-0.0919768184943307,1.4370734765263409,5.446894698258615e-09,1.9518525469630608,-1.484184063870524,1.083544090762533,0.8543405130379718,18.964829417052165,21,0.9092478030440456,0.3578275597773465,10.345092977692335,372801709606.0946,-372801709597.7495,3380979.738099347,0.8380411416498343,True
67840,3.4514158673292417,-30.321806922718626,1,,10.5061634881905,10.992877099680856,11.528627054925506,8.495703207430036,8.315447544941737,8.719114471890583,0.0142382625718147,0.0036830703425255,0.0374355155644831,0.0561497484837215,0.0320503832163398,0.087477918525302,-1.5707192490667023,-1.8383393789484437,-1.2508283565401452,3.0847152283829415,1.0036208482542323e-08,5.786838205297896,-2.7605523285049154,-0.1874948082339891,-0.6101238437771528,2.9091467676163174,7,0.925358389181958,0.4077002925145394,10.495703207430036,53322951177.67795,-53322951169.18224,3256390.681524004,0.016876222610978802,False
67891,3.462279162187005,-30.32161685552984,1,,11.98016641420019,1.1379811321187343,11.693015601256384,8.01680404498033,7.437483304725381,8.339752358631962,0.149963957124918,0.0234517883161305,0.8894066328193267,0.0830392932468357,0.0278923746202265,1.4898406606821848,-0.9769555354010752,-1.5398979866780629,-0.2840737607558724,0.9787469716218392,8.998285019263116e-09,2.678796890045539,-2.1444565527396264,0.3043939829199225,-0.1075711492800977,2.178613278970124,9,0.8868781265023247,0.3259630182401082,10.01680404498033,974769848078.8828,-974769848070.8658,3458687.8100410993,0.43297742225159813,False
68283,3.451363128448772,-30.32071667594092,1,,10.823814758491087,10.695897125751998,11.274707958972105,8.219875948310678,8.091264877439853,8.400214069664973,0.0145021566240644,0.0036545594108379,0.0397424907564598,0.0495426407195543,0.0272273896265177,0.084462539018614,-1.4632298935774606,-1.7871393892432974,-1.0887192879483647,1.682886444552183,1.0234186761763211e-08,3.6304703355670944,-2.378175641744972,-0.1739847876170053,-0.592107355141458,4.702773685656577,7,0.9026064551885488,0.381721504732159,10.219875948310678,84343660537.35634,-84343660529.13646,3301034.3350873203,0.01804396567281095,False
68895,3.4693537281515665,-30.31885542666251,1,,9.669835044401443,2.22071425577634,13.678034410485896,8.103831013563406,7.385339628043238,8.8129372960837,0.8498626295801581,0.3687898424943534,1.57246887822114,0.1348775876837881,0.0406565646025828,0.6901884223964981,-0.601410483840331,-1.2758397927867602,-0.0846844402284952,0.6978369858040359,6.875954800098859e-09,0.9311168774397508,-1.8516247572790991,0.9810015334619956,0.8034026024672656,0.9302174745196364,9,0.9009125577989648,0.4446101634527273,10.103831013563406,5166716596.148543,-5166716588.044712,3135812.4907143875,0.6018395178633933,True
69486,3.477249354927386,-30.317000902369887,1,,11.310224059473937,5.091907538801207,13.071632143893591,8.787125078128703,8.179728038761642,9.452878341579412,1.049212298549936,0.6032305292449932,1.769078278470147,0.0990477484261512,0.0398144623777894,0.2502030063758169,-0.6421347825100127,-1.3069434525023245,-0.1104702163245794,4.184840042698129,8.122186059831164e-09,5.811067093073974,-2.146452493007056,1.292918892351011,1.0122117742864205,2.8899450410647693,9,0.9603112919709088,0.3822359274399939,10.787125078128703,481276950625.3081,-481276950616.521,3368249.1732666064,0.5829238746125769,True
69866,3.4670713445821906,-30.31572836738081,1,,9.724206037128262,6.045669422869622,13.490543075765853,8.99536278158073,8.200538168519833,9.52059649000242,1.0967747971298365,0.6678576316403972,1.8721379517875008,0.0824259372964595,0.0299482110477973,0.2245762259364042,-0.7548582500060466,-1.4239328810257732,-0.166039874542368,5.906816723098451,8.800538848816809e-09,7.976816314770123,-1.8728441884288345,1.4219869586189446,1.0418798496930748,2.897038817600086,9,1.000937139664528,0.4902140044240874,10.99536278158073,13333259113.426054,-13333259104.43069,3143792.0229902943,0.6021401600735518,True
70437,3.481624703229244,-30.31421793953124,1,,11.253296073823847,2.4360143382349797,12.291833622107909,8.352600137257898,7.850675787307356,8.817559667466336,0.4999579522053308,0.1899544173794876,1.0750648839135335,0.1200334036146219,0.0449575599682363,0.6054170614552479,-0.7667723314229593,-1.412017500719306,-0.2197389467176668,1.623251987249947,7.3116552507280725e-09,2.3732007488093245,-1.942435284145563,0.6107666629119528,0.3231095648251951,3.0546075299293944,9,0.9103614694834624,0.3648889545898946,10.352600137257898,264637800112.11243,-264637800103.75983,3360452.002578828,0.44255523326702295,False
70671,3.4642761625937974,-30.312677508628234,1,,9.67957111004367,2.710214958244282,11.36818674328314,8.123278574154197,7.489856520436405,8.755678368138893,0.782914753143821,0.3374413976410921,1.5422233634962343,0.1341497693860807,0.0422149268804971,0.579428238695568,-0.6791879804758335,-1.3643208156014437,-0.1140927011797483,0.7065501161028447,6.714142231899891e-09,1.030319758018093,-2.0070344721854134,0.9150471802491572,0.7136122493547497,2.3604500652034472,8,0.9018516973197872,0.4444639292174496,10.123278574154195,5383663757.3711605,-5383663749.247882,3137242.8556004786,0.6023909829275711,True
70697,3.4645770274177554,-30.31257813842862,1,,9.51564923403841,4.034797871131836,13.659592786811343,8.302319049835054,7.60493919003626,9.068004513302888,0.936467192588844,0.4768110235086544,1.7133170161398836,0.1083597451411622,0.0386426933858222,0.3448049996495676,-0.6545916280781181,-1.3291461136193488,-0.1060656142009801,1.1128362226424846,7.759711097390176e-09,1.4956052497849546,-2.1660122893897076,1.1531552703208805,0.8854126077408573,2.438485069220474,8,0.9131250179290756,0.4606044211270599,10.302319049835054,4352453221.758681,-4352453213.456363,3113072.812204976,0.6182529963156146,True
70858,3.4947034908195573,-30.311998224059916,1,,9.545741686880245,1.336050056690954,13.647210971759742,8.005377652635618,7.425751991055404,8.49709572683578,0.5254324108933559,0.0997555428740403,1.358271867759539,0.1521809424679263,0.0425871561131301,1.1339896024745553,-0.8019290831959089,-1.4758708487166703,-0.1620841117408459,0.5261500119647837,6.616706917478771e-09,0.7180963531730286,-2.5725930448531145,0.6898100011527468,0.3695309673163329,3.3013455964382077,8,0.8969548544359092,0.4505087865583042,10.005377652635618,3531591648.855798,-3531591640.85042,3117523.9435534147,0.6292581624427493,True
70970,3.461274201938085,-30.311872962804017,1,,9.469908987282382,4.135664480055819,12.878461966707562,8.35557204588404,7.628006707551783,9.0472081751827,0.8983922184570928,0.499799235201066,1.6056778033383814,0.1103031759018187,0.0439036273174725,0.3028637756801177,-0.7093265182682986,-1.3010369591083262,-0.1487924553791579,1.4183647091751896,7.4341583506133674e-09,1.9724151485972692,-1.862086858271609,1.0775675619403344,0.8558533886351398,0.7240483297613702,8,0.9170693131408976,0.4656346375911698,10.35557204588404,4107771534.5891905,-4107771526.2336183,3106294.9188187914,0.5529392840686577,True
71911,3.4944500375992975,-30.307623623244364,1,,10.364921916263604,1.7757332086637727,10.95719809774496,8.133378401695355,7.721979329831167,8.597228160284102,0.538911282066952,0.195221388035363,1.081165035634351,0.3872119663433322,0.0564670910063131,1.0692935458040242,-0.5931828256797946,-1.3848939491862675,-0.1069416632954187,0.297087536619551,4.013059522351093e-09,0.307772534849202,-2.335140535831071,0.8608176412375776,0.5063195063250845,4.320368616974456,9,0.8994504189442889,0.4037131622094375,10.133378401695357,26580575290.177036,-26580575282.04366,3236342.385784999,0.44297182379949396,False
72100,3.468592465931935,-30.3064961469232,1,,11.694460828890533,2.4145175695265824,12.918546792023236,8.00260285045892,7.437251921381258,8.659862387404402,0.5442292066191774,0.166843343615335,1.2478741437702576,0.115832757811221,0.0436478410354906,0.6637921031848484,-0.730859335009751,-1.365395950908434,-0.1581078584801579,0.7738137158893124,7.4075405290660795e-09,1.036970277525385,-2.1369378030637463,0.6200612405618138,0.3897912845673055,4.132232835710112,9,0.8874006328827904,0.3372588499487267,10.00260285045892,496343801831.4921,-496343801823.4895,3420411.5395527356,0.5405154000774613,True
72219,3.513498225675211,-30.305895871828582,1,,11.374517501761314,2.474326793810017,15.985306135829626,8.099015121846675,7.362410167349746,8.763545144566644,0.6946456681670803,0.2281981398206036,1.4367283274775458,0.1147973801470357,0.0371677942689836,0.6058763409854998,-0.7042619783875772,-1.4205011983539313,-0.129506761071138,0.865430891527591,7.3243387252214734e-09,1.278022691769054,-2.013956134832429,0.8678675280698833,0.590687054934687,2.5448624250151908,5,0.8934552966022203,0.3528498602955444,10.099015121846676,264965492674.11667,-264965492666.01764,3377033.510290241,0.604265093828471,True
72332,3.487977351553043,-30.30537869046962,1,,9.311412082403365,2.4916501708036596,10.49393534211793,8.003015719242576,7.754054602220791,8.291322972491855,0.1136739497653231,0.0339991803470182,0.4710807867250985,0.0921794448696285,0.0454214919906744,0.3252568890499491,-0.7970132717129121,-1.4532427560341237,-0.1414007988383482,0.8348284085484171,8.424828415358197e-09,1.4629787214951524,-2.283095239279798,0.2370916451327858,-0.0971358559108814,3.037751885087399,9,0.8979466197066645,0.4664977225137572,10.003015719242576,2054146546.506256,-2054146538.5032403,3082693.201592228,0.21854080318904015,False
72568,3.498751160181655,-30.30404789660128,1,,10.413383715386624,2.1201877600531285,12.880006234444991,8.099451714921823,7.41913856817838,8.6847977707368,0.7540543674947249,0.2912503042184222,1.5681810431186642,0.1492857852452064,0.0428273623478255,0.7818415302079246,-0.6591263436040532,-1.3997617474893131,-0.109262698494359,0.5837277261447918,7.287627394375986e-09,0.8524028446551583,-2.18040726170227,0.8542036110306981,0.6584058598913778,1.3663403934015683,9,0.8974743973400279,0.4002575012736929,10.099451714921823,28716950963.976906,-28716950955.877453,3243235.1798937297,0.638465369450121,True
73126,3.496537615746365,-30.300679772272986,1,,11.27358803045217,2.646177368645275,11.48074663232422,8.094040323432784,7.511939009805577,8.682776209001027,0.9377371998077748,0.4107412665555056,1.670716035325833,0.1778893346751529,0.0517780168383592,0.5812627768324783,-0.6214779708837213,-1.3916093544663402,-0.0730700442139328,0.6200364649800131,5.767224341678007e-09,0.7411381834577501,-2.1497607400491887,1.027586349728871,0.8698488453781579,0.8236897078771435,8,0.8936065918152512,0.3572831223009525,10.094040323432784,208648642692.45093,-208648642684.35687,3363233.3741304246,0.6299873843851638,True
73265,3.488814677619315,-30.299628233149644,1,,9.669556754167294,2.4154433712115204,11.492394109561502,8.189334812633907,7.71981397659742,8.746193033960115,0.7586000721881312,0.2727709658508087,1.4611702631254242,0.1322003111800174,0.0489193565125767,0.7353500311123509,-0.6564672192756447,-1.3607025789222886,-0.0830573176339703,0.9152616710426492,7.0992978805081575e-09,1.2783932399298,-1.8310021819738391,0.8422178018809916,0.7045237106625137,3.08313099344221,8,0.9054660783426222,0.4468748934230827,10.189334812633907,5601745175.412935,-5601745167.2236,3135771.5963763334,0.5941996486373078,True
73449,3.491774355444122,-30.29830996869505,1,,9.259981678762776,8.964585716478974,9.247240979517642,8.383438782352709,8.18940265666874,8.61115426921514,0.0203158800707832,0.0054720027143387,0.0660295938097453,0.0788172788092359,0.0388768753427333,0.1385902569108794,-0.461590769959629,-1.16780614521957,-0.0315546625261268,2.0023840505678163,8.98123496957812e-09,3.8207559031442457,-2.721783382553137,0.1194025675665813,-0.1958041786226232,12.487848070392408,8,0.9199524984291124,0.4815348742646254,10.383438782352709,2578107095.3454494,-2578107086.962011,3074995.7910780585,0.030278795547703297,False
