object_id,z,log_Mstar_obs,log_Mdyn,sigma_kms,re_kpc,source_survey,source_paper,is_upper_limit_mdyn,sigma_type,ml_response_sigma_only,gamma_t_sigma_only
SUSPENSE-127108,1.335,10.24,11.0,210.0,1.51,SUSPENSE,Slob et al. 2025,False,absorption,1.0267939582952323,1.0267939582952323
SUSPENSE-127154,1.205,10.75,11.2,242.0,2.06,SUSPENSE,Slob et al. 2025,False,absorption,1.2884438902281046,1.2884438902281046
SUSPENSE-127700,2.013,10.92,11.1,241.0,1.49,SUSPENSE,Slob et al. 2025,False,absorption,1.12326389069242,1.12326389069242
SUSPENSE-127941,2.141,10.8,11.4,259.0,1.84,SUSPENSE,Slob et al. 2025,False,absorption,1.2503045290424408,1.2503045290424408
SUSPENSE-128036,2.196,10.92,11.0,210.0,1.02,SUSPENSE,Slob et al. 2025,False,absorption,0.9279901418203593,0.9279901418203593
SUSPENSE-128041,1.76,10.71,11.3,226.0,1.5,SUSPENSE,Slob et al. 2025,False,absorption,1.0598581282839417,1.0598581282839417
SUSPENSE-128452,1.205,10.99,11.3,275.0,1.59,SUSPENSE,Slob et al. 2025,False,absorption,1.728970527518122,1.728970527518122
SUSPENSE-128913,2.285,10.91,11.1,180.0,2.32,SUSPENSE,Slob et al. 2025,False,absorption,0.8210157796713656,0.8210157796713656
SUSPENSE-129133,2.139,11.09,11.1,257.0,1.04,SUSPENSE,Slob et al. 2025,False,absorption,1.232255867038497,1.232255867038497
SUSPENSE-129149,1.579,11.02,11.4,387.0,1.01,SUSPENSE,Slob et al. 2025,False,absorption,8.358356969566453,8.358356969566453
SUSPENSE-129197,1.474,10.52,10.9,197.0,1.2,SUSPENSE,Slob et al. 2025,False,absorption,0.9468056211930858,0.9468056211930858
SUSPENSE-129982,1.249,11.22,11.9,213.0,6.48,SUSPENSE,Slob et al. 2025,False,absorption,1.0566167793962842,1.0566167793962842
SUSPENSE-130040,1.17,11.21,11.8,285.0,5.15,SUSPENSE,Slob et al. 2025,False,absorption,1.944022588656122,1.944022588656122
SUSPENSE-130208,1.231,10.95,11.5,291.0,2.41,SUSPENSE,Slob et al. 2025,False,absorption,2.0454510612806747,2.0454510612806747
SUSPENSE-130647,1.508,11.48,11.9,371.0,4.15,SUSPENSE,Slob et al. 2025,False,absorption,6.273180947179224,6.273180947179224
ZF-COS-20115,3.715,11.060698,10.857332,283.0,0.66,Literature,Esdaile et al. 2021,False,absorption,1.2201257862045018,1.2201257862045018
3D-EGS-40032,3.219,11.307496,11.4133,275.0,2.4,Literature,Esdaile et al. 2021,False,absorption,1.2185512228911575,1.2185512228911575
3D-EGS-18996,3.239,10.991226,10.556303,196.0,0.63,Literature,Esdaile et al. 2021,False,absorption,0.8038080282019309,0.8038080282019309
3D-EGS-31322,3.434,10.991226,10.851258,301.0,0.61,Literature,Esdaile et al. 2021,False,absorption,1.4655248540793246,1.4655248540793246
SXDS-27434,4.01,11.060698,11.079181,268.0,1.3,Literature,Tanaka et al. 2019,True,absorption,1.0657253851584716,1.0657253851584716
JADES-NS-00016745,5.56616,8.8,10.23,55.0,,de_graaff_2024,de Graaff et al. 2024,False,emission,0.5971562096949108,0.5971562096949108
JADES-NS-00019606,5.88979,7.54,9.17,39.1,,de_graaff_2024,de Graaff et al. 2024,False,emission,0.5887438460998681,0.5887438460998681
JADES-NS-00022251,5.79912,8.21,9.23,39.0,,de_graaff_2024,de Graaff et al. 2024,False,emission,0.5908085212942823,0.5908085212942823
JADES-NS-00047100,7.43173,8.53,9.85,71.0,,de_graaff_2024,de Graaff et al. 2024,False,emission,0.5587238137012391,0.5587238137012391
JADES-NS-10016374,5.50411,7.86,9.45,62.0,,de_graaff_2024,de Graaff et al. 2024,False,emission,0.5993080584878517,0.5993080584878517
JADES-NS-20086025,7.2627,8.85,10.31,25.0,,de_graaff_2024,de Graaff et al. 2024,False,emission,0.5594561324574533,0.5594561324574533
1871-9,6.5691,9.0,9.64,52.5,,go1871_2025,Saldana-Lopez et al. 2025,True,emission,0.5745387132569932,0.5745387132569932
1871-10,7.599,7.96,9.54,65.2,,go1871_2025,Saldana-Lopez et al. 2025,False,emission,0.5548252912283768,0.5548252912283768
1871-11,7.61,9.07,9.77,60.9,,go1871_2025,Saldana-Lopez et al. 2025,False,emission,0.5542147982497713,0.5542147982497713
1871-12,7.502,8.31,9.41,67.3,,go1871_2025,Saldana-Lopez et al. 2025,False,emission,0.5569204237163311,0.5569204237163311
1871-14,7.2049,9.31,9.72,60.5,,go1871_2025,Saldana-Lopez et al. 2025,True,emission,0.5620985735586791,0.5620985735586791
1871-29,5.0191,9.24,9.96,72.0,,go1871_2025,Saldana-Lopez et al. 2025,False,emission,0.6126621140603532,0.6126621140603532
1871-40,7.0948,8.47,9.73,60.6,,go1871_2025,Saldana-Lopez et al. 2025,False,emission,0.5643131255805113,0.5643131255805113
1871-63,5.5872,7.84,9.66,45.0,,go1871_2025,Saldana-Lopez et al. 2025,True,emission,0.595991847309472,0.595991847309472
1871-70,7.0302,8.85,9.42,41.3,,go1871_2025,Saldana-Lopez et al. 2025,False,emission,0.5644481910337713,0.5644481910337713
1871-105,6.5669,7.81,9.34,49.9,,go1871_2025,Saldana-Lopez et al. 2025,False,emission,0.5744212649615139,0.5744212649615139
1871-451,4.4615,7.99,9.37,40.7,,go1871_2025,Saldana-Lopez et al. 2025,False,emission,0.6241379070888574,0.6241379070888574
1871-545,4.0416,9.41,10.11,96.4,,go1871_2025,Saldana-Lopez et al. 2025,False,emission,0.6461250488086561,0.6461250488086561
1871-912,6.7161,9.69,9.68,44.4,,go1871_2025,Saldana-Lopez et al. 2025,False,emission,0.5710059893502889,0.5710059893502889
1871-918,6.9062,8.78,9.73,62.1,,go1871_2025,Saldana-Lopez et al. 2025,True,emission,0.5682871613473419,0.5682871613473419
1871-969,6.5613,7.8,9.71,57.5,,go1871_2025,Saldana-Lopez et al. 2025,True,emission,0.5750773871868555,0.5750773871868555
1871-1032,7.0889,9.07,9.41,37.3,,go1871_2025,Saldana-Lopez et al. 2025,False,emission,0.5631392155542906,0.5631392155542906
1028887,5.19,9.56,9.88,68.0,1.12,danhaive_2025_gold,Danhaive et al. 2025,False,emission,0.607732157196655,0.607732157196655
1002030,5.18,9.48,10.5,122.0,1.37,danhaive_2025_gold,Danhaive et al. 2025,False,emission,0.6258157940695911,0.6258157940695911
191250,5.39,10.17,10.8,39.0,2.45,danhaive_2025_gold,Danhaive et al. 2025,True,emission,0.60041162179198,0.60041162179198
1002222,5.29,9.47,9.91,73.0,0.98,danhaive_2025_gold,Danhaive et al. 2025,False,emission,0.6060250761897576,0.6060250761897576
214966,5.54,9.54,10.4,108.0,1.41,danhaive_2025_gold,Danhaive et al. 2025,False,emission,0.6095648304189909,0.6095648304189909
1025527,5.3,9.39,10.6,118.0,1.06,danhaive_2025_gold,Danhaive et al. 2025,False,emission,0.6204016150372959,0.6204016150372959
1001674,5.18,9.92,11.0,199.0,1.6,danhaive_2025_gold,Danhaive et al. 2025,False,emission,0.7188025197321859,0.7188025197321859
201125,5.82,9.96,10.8,136.0,1.86,danhaive_2025_gold,Danhaive et al. 2025,False,emission,0.6177389744007086,0.6177389744007086
1094616,4.06,9.4,11.0,187.0,1.35,danhaive_2025_gold,Danhaive et al. 2025,False,emission,0.7408920003944971,0.7408920003944971
1088814,4.41,10.6,10.6,87.0,2.39,danhaive_2025_gold,Danhaive et al. 2025,False,emission,0.6322944640891108,0.6322944640891108
1087148,4.38,8.24,9.82,63.0,1.05,danhaive_2025_gold,Danhaive et al. 2025,True,emission,0.6282745715153446,0.6282745715153446
1015956,4.02,9.54,9.08,32.0,1.4,danhaive_2025_gold,Danhaive et al. 2025,True,emission,0.6361106371412913,0.6361106371412913
1085659,4.06,10.17,9.76,51.0,1.47,danhaive_2025_gold,Danhaive et al. 2025,False,emission,0.6359851444397898,0.6359851444397898
1083165,4.15,9.78,10.3,111.0,1.12,danhaive_2025_gold,Danhaive et al. 2025,False,emission,0.6494136398947314,0.6494136398947314
1065488,4.15,8.01,9.94,68.0,1.1,danhaive_2025_gold,Danhaive et al. 2025,True,emission,0.6354783673333685,0.6354783673333685
1025101,4.91,8.99,10.8,142.0,1.19,danhaive_2025_gold,Danhaive et al. 2025,False,emission,0.6478279228228369,0.6478279228228369
1077545,4.42,9.27,9.86,63.0,0.87,danhaive_2025_gold,Danhaive et al. 2025,False,emission,0.6271734361244469,0.6271734361244469
1095186,4.02,9.37,10.3,76.0,1.92,danhaive_2025_gold,Danhaive et al. 2025,False,emission,0.6407658728922434,0.6407658728922434
1091580,4.8,8.09,9.45,56.0,0.88,danhaive_2025_gold,Danhaive et al. 2025,True,emission,0.616234539482581,0.616234539482581
1086992,4.04,9.37,9.84,28.0,3.42,danhaive_2025_gold,Danhaive et al. 2025,True,emission,0.6354386771146542,0.6354386771146542
1090054,4.82,9.62,10.6,68.0,1.27,danhaive_2025_gold,Danhaive et al. 2025,False,emission,0.6171695867768787,0.6171695867768787
1014130,4.38,8.49,9.78,61.0,1.32,danhaive_2025_gold,Danhaive et al. 2025,True,emission,0.6280188974008544,0.6280188974008544
1000110,4.06,9.52,10.8,133.0,1.66,danhaive_2025_gold,Danhaive et al. 2025,False,emission,0.6670237978027904,0.6670237978027904
1091153,4.07,10.37,10.3,98.0,1.85,danhaive_2025_gold,Danhaive et al. 2025,True,emission,0.6458883219077463,0.6458883219077463
1079264,4.05,8.73,9.24,32.0,2.24,danhaive_2025_gold,Danhaive et al. 2025,True,emission,0.6352510044361671,0.6352510044361671
1086406,4.41,9.46,9.48,27.0,0.91,danhaive_2025_gold,Danhaive et al. 2025,True,emission,0.6251028474122975,0.6251028474122975
1028072,4.4,9.17,9.76,39.0,1.66,danhaive_2025_gold,Danhaive et al. 2025,True,emission,0.62573079172431,0.62573079172431
1090742,4.62,9.37,9.61,37.0,1.34,danhaive_2025_gold,Danhaive et al. 2025,True,emission,0.6197436660409121,0.6197436660409121
1091236,4.17,9.34,10.0,84.0,0.84,danhaive_2025_gold,Danhaive et al. 2025,False,emission,0.6383264419796996,0.6383264419796996
1009935,4.89,9.65,8.99,29.0,1.02,danhaive_2025_gold,Danhaive et al. 2025,True,emission,0.6125047832833398,0.6125047832833398
1085494,4.06,8.9,9.85,53.0,1.06,danhaive_2025_gold,Danhaive et al. 2025,False,emission,0.6361622508148982,0.6361622508148982
1008197,4.4,8.76,9.77,44.0,1.11,danhaive_2025_gold,Danhaive et al. 2025,True,emission,0.6259803604486839,0.6259803604486839
1029814,4.16,8.38,10.2,48.0,1.28,danhaive_2025_gold,Danhaive et al. 2025,False,emission,0.6329024749322121,0.6329024749322121
