id,field,z,Muv,log_Mstar,log_Mstar_source,Re_pc,concentration,log_Mh,gamma_halo,gamma_cen,delta_gamma,t_cosmic_Gyr,log_mbh_mstar_S0_standard,log_mbh_mstar_S1_tep_only,log_mbh_mstar_S2_tep_intermediate_seed,log_mbh_mstar_S3_tep_mild_super_eddington,log_mbh_mstar_S4_tep_combined
1072,b'primer-uds-north',8.905960083007812,-18.94834143055418,8.479336572221671,MUV_proxy,78.83757820174078,5.0,10.369932580522452,0.5576678336519438,0.686872068350237,0.12920423469829312,0.5517945402295986,-6.479336572221671,-5.791277152996781,-4.791277152996781,-5.584859327229314,-5.023501206738272
1381,b'primer-uds-north',5.662596702575684,-17.520657149917344,7.908262859966937,MUV_proxy,120.01283584270938,4.166221025351884,9.474522530224506,0.5999818587066834,0.6208685809484966,0.020886722241813205,1.0006942194847377,-5.908262859966937,-5.706545405046274,-4.706545405046274,-5.646030168570075,-4.9874036552181895
1470,b'primer-uds-north',5.396758556365967,-18.446785800480413,8.278714320192165,MUV_proxy,146.5718278440177,3.4112967502329434,9.818390175828762,0.6106707499264877,0.6376875803584584,0.027016830431970673,1.0636520587028406,-6.278714320192165,-6.001378619007863,-5.001378619007863,-5.918177908652572,-5.274675044553414
1544,b'primer-uds-north',5.463461875915527,-18.84488729177078,8.437954916708312,MUV_proxy,120.55093383660046,4.147624444599657,9.984301104299865,0.612303216364746,0.6588576816107659,0.046554465246019805,1.0472482202653117,-6.437954916708312,-5.967429843508928,-4.967429843508928,-5.826272321549113,-5.221407331852971
1939,b'primer-uds-north',4.362056732177734,-17.77694359574886,8.010777438299543,MUV_proxy,99.5346059965892,5.0,9.446983111517318,0.6321090280422454,0.6560517401794603,0.023942712137214883,1.385114858989589,-6.010777438299543,-5.690717785475504,-4.690717785475504,-5.594699889628292,-4.959741815857082
3992,b'primer-uds-north',5.659328460693359,-18.533085406094962,8.313234162437984,MUV_proxy,79.56723036871635,5.0,9.87916700850732,0.6056660547256767,0.6563969312498344,0.05073087652415775,1.0014303691027748,-6.313234162437984,-5.822930744026782,-4.822930744026782,-5.675839718503421,-5.074930397849642
7991,b'primer-uds-north',5.655741214752197,-18.470757189852172,8.288302875940868,MUV_proxy,127.5731514212076,3.919319969992374,9.853876997416087,0.605284342246604,0.6404384591458004,0.03515411689919645,1.0022394084144053,-6.288302875940868,-5.948271129964162,-4.948271129964163,-5.846261606171151,-5.2152979510304736
8559,b'primer-uds-north',7.936542510986328,-19.49598986646377,8.698395946585507,MUV_proxy,85.23854166436611,5.0,10.49205019768414,0.580144035635448,0.7365743026563848,0.15643026702093676,0.6441149429748033,-6.6983959465855065,-5.725971297743856,-4.725971297743856,-5.434243903091361,-4.9297588285236715
10404,b'primer-uds-north',5.655996322631836,-18.131496324799453,8.15259852991978,MUV_proxy,83.28728747516016,5.0,9.718198162182963,0.6030817331904333,0.6421767053125377,0.03909497212210433,1.0021818375272287,-6.15259852991978,-5.774470185597199,-4.774470185597199,-5.6610316823004245,-5.037687346828922
11219,b'primer-uds-north',5.428709506988525,-19.19512162645615,8.57804865058246,MUV_proxy,69.45012848458238,5.0,10.120919601281312,0.6164428569992396,0.6912552429783705,0.07481238597913087,1.0557417540609975,-6.57804865058246,-5.815788877238413,-4.815788877238413,-5.5871109452351995,-5.04059289556799
14419,b'primer-uds-north',4.816784381866455,-17.843655823805097,8.037462329522038,MUV_proxy,101.36880732697259,4.932483800339221,9.519140767708683,0.62088251300682,0.6478566797398004,0.026974166732980476,1.2263320891650409,-6.037462329522038,-5.718214518839932,-4.7182145188399325,-5.6224401756353,-4.987319733435703
15257,b'primer-uds-north',6.920136451721191,-18.846641969673545,8.438656787869418,MUV_proxy,96.35690251750647,5.0,10.130670433041537,0.5847889612263663,0.6653453439469372,0.08055638272057097,0.7721182672529134,-6.438656787869418,-5.838374427629861,-4.838374427629861,-5.658289719557994,-5.079376187269887
16999,b'primer-uds-north',4.2059326171875,-18.413364601496873,8.265345840598748,MUV_proxy,123.57814740257558,4.04602278403778,9.685939102317498,0.6389634048348121,0.6652110937391794,0.02624768890436735,1.4476548545040027,-6.265345840598748,-5.898631495853198,-4.898631495853198,-5.788617192429532,-5.162990057042624
18804,b'primer-uds-north',4.317291259765625,-19.21290064350012,8.585160257400048,MUV_proxy,104.11764122760248,4.802260155961406,10.016889383376611,0.6415739229387628,0.6980788981965493,0.05650497525778653,1.4025820094804908,-6.585160257400048,-5.8202918011800255,-4.8202918011800255,-5.590831264314019,-5.044834951222005
18892,b'primer-uds-north',4.729468822479248,-17.341007529473167,7.836403011789266,MUV_proxy,90.50174813927704,5.0,9.30934989403719,0.6212772814806345,0.640909890977678,0.019632609497043485,1.2544045507934292,-5.836403011789266,-5.5987258532679,-4.5987258532679,-5.52742270571149,-4.875988133079744
19416,b'primer-uds-north',5.4331817626953125,-18.32210220195416,8.228840880781663,MUV_proxy,167.72615035565858,2.9810497584292257,9.772159057051194,0.6090634016660346,0.629638731170748,0.020575329504713413,1.0546423242566259,-6.228840880781663,-6.019418162355595,-5.019418162355595,-5.956591346827775,-5.299505886176969
21108,b'primer-uds-north',7.136404514312744,-18.093206991564905,8.13728279662596,MUV_proxy,81.31058340571161,5.0,9.850923248057235,0.5739594807615763,0.6249661914252025,0.051006710663626165,0.7415224260613464,-6.137282796625961,-5.772257128043654,-4.772257128043654,-5.662749427468961,-5.036784556849404
22773,b'primer-uds-north',4.40127420425415,-18.878715129649372,8.451486051859748,MUV_proxy,101.92125161603352,4.905748232798817,9.891613472285163,0.6368403009799816,0.6844516984885134,0.04761139750853183,1.370106926962029,-6.451486051859748,-5.82192596184264,-4.82192596184264,-5.633057934837508,-5.0599999485049105
23575,b'primer-uds-north',5.660595417022705,-18.19893992381785,8.17957596952714,MUV_proxy,95.52958794710351,5.0,9.745635511229409,0.6033839771984654,0.6442514730759564,0.040867495877491056,1.0011448889247379,-6.179575969527139,-5.784712679707645,-4.784712679707645,-5.666253692761797,-5.046256346389677
24081,b'primer-uds-north',5.656405448913574,-18.423810857378186,8.269524342951273,MUV_proxy,77.0447797884074,5.0,9.83516488784263,0.6049378233274976,0.6521615800909649,0.04722375676346735,1.002089520358517,-6.269524342951273,-5.812816098826338,-4.812816098826338,-5.675803625588857,-5.068175270077826
24100,b'primer-uds-north',4.991886138916016,-19.112623988561445,8.545049595424578,MUV_proxy,86.23758336823218,5.0,10.044238209316179,0.6249185022529871,0.6894711444320725,0.0645526421790854,1.173080244066571,-6.545049595424578,-5.814224349651041,-4.814224349651041,-5.59497677591898,-5.042171820737668
29106,b'primer-uds-north',5.204842567443848,-18.95426883204738,8.481707532818952,MUV_proxy,114.10112156484168,4.382077872178134,10.002191789563337,0.6187965509116037,0.6698618695592702,0.0510653186476665,1.1133100013047457,-6.481707532818952,-5.933034071622471,-4.933034071622471,-5.768432033263527,-5.179196721166805
29110,b'primer-uds-north',7.128774642944336,-17.756852640149642,8.002741056059856,MUV_proxy,100.54216119836273,4.973038116950108,9.715618520354289,0.5718227794788,0.612471041616095,0.040648262137295,0.7425673513987764,-6.002741056059856,-5.7114349212860525,-4.7114349212860525,-5.6240430808539115,-4.983334303472653
31581,b'primer-uds-north',4.163408279418945,-17.628899792659244,7.951559917063697,MUV_proxy,84.0964646424577,5.0,9.367900745005592,0.6368894267248509,0.6578047048389838,0.02091527811413285,1.4655041613859814,-5.951559917063697,-5.65574334689588,-4.65574334689588,-5.566998375845535,-4.92719168554308
31645,b'primer-uds-north',4.755919456481934,-18.512115975297128,8.30484639011885,MUV_proxy,113.68773652076455,4.398011740770978,9.780438335767045,0.6257498395038971,0.6608616222405883,0.035111782736691244,1.2457887950258162,-6.3048463901188505,-5.882694149724715,-4.882694149724715,-5.756048477606475,-5.141508921349283
32025,b'primer-uds-north',4.043330669403076,-16.99379146804004,7.697516587216016,MUV_proxy,84.81280966663823,5.0,9.101849654156322,0.6385475148236696,0.6522468055335136,0.013699290709843992,1.517927069415876,-5.697516587216016,-5.4968288735719995,-4.4968288735719995,-5.436622559478795,-4.777790097871579
32237,b'primer-uds-north',4.612168312072754,-19.028361620570273,8.511344648228109,MUV_proxy,75.56104237564186,5.0,9.972561479435385,0.6328817451095485,0.6891844090261645,0.05630266391661598,1.2938323683474038,-6.511344648228109,-5.8083067238713255,-4.8083067238713255,-5.597395346564291,-5.039032927099629
32986,b'primer-uds-north',4.15274715423584,-17.762346484528152,8.00493859381126,MUV_proxy,88.70998326951835,5.0,9.420213309234844,0.6376163734243098,0.6603133163763758,0.022696942952066035,1.4700363609048426,-6.004938593811261,-5.682930164411734,-4.682930164411734,-5.586327635591875,-4.951759317135762
33332,b'primer-uds-north',4.541976451873779,-19.0749774885047,8.52999099540188,MUV_proxy,151.4941816207269,3.3004567875205564,9.984188640589258,0.6349426613849052,0.6672192068306418,0.03227654544573666,1.3184200816751326,-6.52999099540188,-6.119302390453408,-5.119302390453408,-5.996095808968866,-5.379263525622542
33774,b'primer-uds-north',7.137637138366699,-18.953017296665106,8.481206918666041,MUV_proxy,130.27219633898406,3.838117526620487,10.194970632502711,0.5824986981083421,0.6453372589409543,0.06283856083261219,0.7413538451794723,-6.481206918666041,-6.031609745466186,-5.031609745466186,-5.896730593506229,-5.287680023810181
35111,b'primer-uds-north',5.656314373016357,-19.199213482768474,8.57968539310739,MUV_proxy,110.39002628754632,4.529394700002962,10.145316830409026,0.611911659479958,0.6808577018771336,0.06894604239717561,1.002110069927778,-6.57968539310739,-5.912883896552753,-4.912883896552753,-5.712843447586362,-5.14723374256127
36327,b'primer-uds-north',7.861698150634766,-18.292014047995963,8.216805619198384,MUV_proxy,99.20324935216414,5.0,10.002975434261861,0.5635077861043761,0.6304240663384787,0.06691628023410257,0.6523016694305839,-6.216805619198384,-5.795543819516508,-4.795543819516508,-5.669165279611946,-5.054447635212302
42014,b'primer-uds-north',4.551596164703369,-18.116158945583226,8.14646357823329,MUV_proxy,191.7669702235892,2.6073311760467868,9.601623194703626,0.6286402319646848,0.640873976684647,0.012233744719962192,1.3150047087855252,-6.1464635782332895,-5.991203958061368,-4.991203958061368,-5.9446260720097905,-5.2767079917081565
42859,b'primer-uds-north',6.580926895141602,-17.11605364879029,7.746421459516116,MUV_proxy,79.06514917711044,5.0,9.404514149030275,0.57920372951756,0.6036955922314442,0.02449186271388415,0.8245342883666045,-5.746421459516116,-5.551525724910795,-4.551525724910795,-5.4930570045291995,-4.833066147114244
43738,b'primer-uds-north',5.0900678634643555,-18.889104958022354,8.455641983208942,MUV_proxy,93.7992621780625,5.0,9.964648769555378,0.6207545184495458,0.6776586398665277,0.05690412141698198,1.1448779702815424,-6.455641983208942,-5.826896730977709,-4.826896730977709,-5.638273155308339,-5.065052201418567
43932,b'primer-uds-north',4.235387802124023,-18.820637438275337,8.428254975310134,MUV_proxy,124.4399173826422,4.018003310485512,9.851793755522536,0.6406124141377797,0.6745337695657905,0.03392135542801078,1.435501473898781,-6.428254975310134,-5.9583082391471525,-4.9583082391471525,-5.817324218298258,-5.212343561194836
44053,b'primer-uds-north',5.438138961791992,-18.018840221896326,8.107536088758529,MUV_proxy,126.5139810188023,3.952132372829931,9.651349984937728,0.607220205765944,0.6327254551397785,0.02550524937383447,1.0534258995481727,-6.107536088758529,-5.84823438914967,-4.8482343891496695,-5.770443879267012,-5.123334214852766
44681,b'primer-uds-north',4.5811662673950195,-17.84414448443324,8.037657793773295,MUV_proxy,82.07716409557993,5.0,9.495774420512797,0.6267335071100619,0.652885071526924,0.02615156441686206,1.304597550845854,-6.037657793773295,-5.708392443828307,-4.708392443828307,-5.609612838844812,-4.97649590449779
46085,b'primer-uds-north',4.7858500480651855,-18.936913880278013,8.474765552111204,MUV_proxy,75.19261660062519,5.0,9.953350556917723,0.628056482066681,0.6831056152264472,0.05504913315976623,1.2361573447363436,-6.474765552111204,-5.818021670020068,-4.818021670020068,-5.620998505392727,-5.053377277474936
48927,b'primer-uds-north',7.9073028564453125,-18.20856778380715,8.18342711352286,MUV_proxy,88.70323407788338,5.0,9.974157399167392,0.5619933993629115,0.6258569374572711,0.06386353809435963,0.6472928373049665,-6.1834271135228605,-5.784470587088385,-4.784470587088385,-5.664783629158043,-5.045604930108919
52141,b'primer-uds-north',7.130077838897705,-19.196188220468922,8.578475288187569,MUV_proxy,83.40011570308987,5.0,10.29148307207734,0.5860115877506707,0.6927745824409894,0.10676299469031869,0.7423887029817585,-6.578475288187569,-5.813541403941523,-4.813541403941523,-5.584061238667709,-5.038078011180899
52856,b'primer-uds-north',6.320851802825928,-19.206664201164383,8.582665680465752,MUV_proxy,130.36898400918759,3.8352680570461692,10.214750860748344,0.5995750972461161,0.6626753455145445,0.06310024826842842,0.8688626029359322,-6.582665680465752,-6.053545932760109,-5.053545932760109,-5.894810008448416,-5.3016639536535255
53667,b'primer-uds-north',4.563920497894287,-18.428622831993586,8.271449132797434,MUV_proxy,139.53292252148583,3.58338369873252,9.727841182586863,0.6299312253985729,0.6540952001353707,0.024163974736797766,1.3106504924426297,-6.271449132797434,-5.965797256907375,-4.965797256907375,-5.874101694140357,-5.23626206498235
54143,b'primer-uds-north',4.731501579284668,-18.865377462520083,8.446150985008032,MUV_proxy,135.45754054007486,3.69119355044008,9.919301142936499,0.6287634757132715,0.6632499898230774,0.034486514109805855,1.2537389178866252,-6.446150985008032,-6.028870376614496,-5.028870376614496,-5.903686194096436,-5.288172311439125
54603,b'primer-uds-north',5.651866912841797,-18.705537098158988,8.382214839263595,MUV_proxy,120.81149651493615,4.138678970326173,9.947401530547774,0.6071823173306107,0.6512385063046209,0.0440561889740102,1.0031144083654464,-6.382214839263595,-5.955704864578905,-4.955704864578905,-5.827751872173498,-5.214083862774418
55902,b'primer-uds-north',8.67038631439209,-18.158123577049885,8.163249430819953,MUV_proxy,76.45530737967627,5.0,10.030288062259162,0.5499547548748017,0.6214620956087277,0.07150734073392595,0.5721130095169444,-6.163249430819953,-5.76842479042082,-4.76842479042082,-5.649977398301081,-5.029972322044888
56783,b'primer-uds-north',5.313366413116455,-17.220557936887353,7.788223174754941,MUV_proxy,87.9203147264202,5.0,9.319559816066585,0.6068253491217973,0.6272938726501117,0.02046852352831441,1.08476845025347,-5.788223174754941,-5.573936404305848,-4.573936404305848,-5.50965037317112,-4.85353772292492
57469,b'primer-uds-north',5.667973041534424,-19.777406408841863,8.810962563536744,MUV_proxy,105.37355869003378,4.74502338362508,10.377759867690187,0.6196406620937567,0.7286140448867301,0.10897338279297342,0.999485189153428,-6.810962563536744,-5.759803127852229,-4.759803127852229,-5.444455297146874,-4.955717179947758
57944,b'primer-uds-north',5.289790153503418,-18.39299451975264,8.257197807901056,MUV_proxy,79.15001961700119,5.0,9.786176823251397,0.612678367100829,0.6556416504977285,0.042963283396899477,1.0908648903270772,-6.257197807901056,-5.804883604149513,-4.804883604149513,-5.669189343024049,-5.06068217943834
61010,b'primer-uds-north',7.1341962814331055,-17.987000259510943,8.094800103804376,MUV_proxy,145.64056178251772,3.433109525810814,9.808219731947686,0.5732281582067941,0.601712206850855,0.028484048644060955,0.7418245962946003,-6.094800103804376,-5.890873096811642,-4.890873096811642,-5.8296949947138215,-5.17151039177635
61298,b'primer-uds-north',5.24259614944458,-17.735209954683214,7.994083981873285,MUV_proxy,85.42160650122935,5.0,9.518343596817743,0.6103247898055121,0.6382624656073881,0.027937675801876005,1.1032408350302578,-5.994083981873285,-5.696621361618562,-4.696621361618562,-5.607382575542145,-4.967905095257071
61378,b'primer-uds-north',7.458285331726074,-18.79015546818171,8.416062187272683,MUV_proxy,117.58698040520518,4.25217144174464,10.16189072044529,0.5753395948072967,0.6446562570810573,0.06931666227376065,0.6995690379681607,-6.416062187272683,-5.948068473120108,-4.948068473120108,-5.807670358874335,-5.202299097368831
62716,b'primer-uds-north',5.386734962463379,-19.215492910727345,8.586197164290937,MUV_proxy,88.86082499488971,5.0,10.124870660537274,0.6175260419170847,0.6926915086732932,0.0751654667562085,1.0661539698472076,-6.586197164290937,-5.812786627476066,-4.812786627476066,-5.580763466431605,-5.03647556945856
64273,b'primer-uds-north',7.1315598487854,-16.571539656596613,7.528615862638644,MUV_proxy,95.45100089901749,5.0,9.241771847517185,0.5666822056223361,0.5859358088865334,0.01925360326419734,0.7421856286857627,-5.528615862638644,-5.390705672656638,-4.390705672656638,-5.3493326156620356,-4.677944649322418
66007,b'primer-uds-north',4.596338272094727,-16.577231955645733,7.5308927822582925,MUV_proxy,90.98577110551594,5.0,9.0,0.6229299049007379,0.6349575157534518,0.012027610852713977,1.299310713999878,-5.5308927822582925,-5.380070959407467,-4.380070959407467,-5.334824412552219,-4.666018772786366
67270,b'primer-uds-north',5.665100574493408,-18.918995532774844,8.467598213109937,MUV_proxy,82.00542927635038,5.0,10.034108270559278,0.6088143580228073,0.674244427813894,0.06543006979108679,1.0001308470384247,-6.467598213109937,-5.836050737564111,-4.836050737564111,-5.6465864949003635,-5.073925985673509
68006,b'primer-uds-north',5.160264492034912,-17.799725522068222,8.019890208827288,MUV_proxy,74.1397249355095,5.0,9.535916658030779,0.6125080253545376,0.6411349484384586,0.028626923083921008,1.1253972350805213,-6.019890208827288,-5.708967593241572,-4.708967593241572,-5.615690808565858,-4.978905327346982
69921,b'primer-uds-north',5.654876708984375,-18.751775072437603,8.400710028975041,MUV_proxy,112.60075282301595,4.4404676475466545,9.96619769987348,0.607510642676369,0.6574818730552454,0.04997123037887641,1.0024345446361616,-6.400710028975041,-5.917264147771802,-4.917264147771802,-5.77223038341083,-5.169949555315459
69936,b'primer-uds-north',7.033966541290283,-19.360973701872858,8.644389480749142,MUV_proxy,78.70314772328626,5.0,10.34778613487817,0.5900826206652311,0.7074411781915837,0.1173585575263526,0.7557584345366076,-6.644389480749142,-5.78839776193944,-4.78839776193944,-5.53160024629653,-5.003828585722451
70423,b'primer-uds-north',5.477656364440918,-17.023131624812354,7.709252649924941,MUV_proxy,95.35114842972806,5.0,9.257018286369034,0.6024558809456969,0.6211306085892905,0.01867472764359357,1.0438116568513809,-5.709252649924941,-5.5211269118653075,-4.5211269118653075,-5.464689190447417,-4.803344333723325
70813,b'primer-uds-north',4.70626974105835,-18.445861592288747,8.278344636915499,MUV_proxy,100.70344797393987,4.965073292519144,9.748971611021334,0.6265462746850754,0.6655812439423121,0.03903496925723671,1.2620429013870305,-6.278344636915499,-5.802900213777069,-4.802900213777069,-5.66026688683554,-5.056385767127208
71037,b'primer-uds-north',6.849483013153076,-18.214225486236323,8.185690194494528,MUV_proxy,68.42158433044855,5.0,9.870638495809835,0.5800290762021176,0.632241750241781,0.05221267403966334,0.7825711320418615,-6.185690194494528,-5.791349536495491,-4.791349536495491,-5.67304733909578,-5.052945466359569
71893,b'primer-uds-north',6.4291839599609375,-18.516175992769384,8.306470397107752,MUV_proxy,134.07548138606464,3.7292426238640255,9.949388793103846,0.5902551494922105,0.6296231249961409,0.03936797550393045,0.8499276992759288,-6.306470397107752,-5.983548970451604,-4.983548970451604,-5.886672542454759,-5.25228682344997
4278,b'primer-cosmos-east',5.658226490020752,-18.682312022164837,8.372924808865934,MUV_proxy,166.72576349784188,2.9989366340881807,9.93874745786801,0.6068587155234503,0.634184041816139,0.02732532629268869,1.00167878344541,-6.372924808865934,-6.108765676676348,-5.108765676676348,-6.029517937019472,-5.38337975912137
6282,b'primer-cosmos-east',5.673777103424072,-19.83129225899538,8.832516903598151,MUV_proxy,74.25574260142744,5.0,10.399894613940559,0.6204389594561559,0.74212662363939,0.12168766418323407,0.9981826940217888,-6.832516903598151,-5.660244913079329,-4.660244913079329,-5.308563315923682,-4.844047709691428
9227,b'primer-cosmos-east',5.713857173919678,-20.6002220843258,9.140088833730319,MUV_proxy,165.23975068084368,3.0259062842919504,10.711474551122286,0.6368528141566017,0.7375363136017675,0.10068349944516586,0.9892647317126655,-7.140088833730319,-6.178824949454531,-5.178824949454531,-5.890445784171794,-5.383728556690932
10696,b'primer-cosmos-east',5.667762279510498,-17.913941567128244,8.065576626851296,MUV_proxy,88.3758712353823,5.0,9.632352854802345,0.601643771918007,0.6357275432993621,0.0340837713813551,0.9995325395804096,-6.065576626851296,-5.736788309070358,-4.736788309070358,-5.638151813736077,-5.004939472956246
11967,b'primer-cosmos-east',5.482297897338867,-17.70741974049986,7.982967896199943,MUV_proxy,133.14641670470147,3.755264410223852,9.53119768593383,0.6047578060202592,0.6244496531856207,0.019691847165361542,1.0426919783304216,-5.982967896199943,-5.784808675164186,-4.784808675164186,-5.7253609088534585,-5.066022748724591
14086,b'primer-cosmos-east',7.127323150634766,-17.672069166585732,7.968827666634292,MUV_proxy,78.36029237983924,5.0,9.681559981697768,0.5713480931115106,0.6100918591314118,0.03874376601990126,0.7427664131327525,-5.968827666634292,-5.691095688052512,-4.691095688052512,-5.607776094477978,-4.964352485858315
14487,b'primer-cosmos-east',7.169253349304199,-18.42799352396667,8.271197409586668,MUV_proxy,141.48399577197281,3.533968610879784,9.988122744517087,0.5761908928974474,0.6159414490074776,0.0397505561100302,0.7370515027554156,-6.271197409586668,-5.988440750025537,-4.988440750025537,-5.903613752157199,-5.261195079733406
15393,b'primer-cosmos-east',5.689459800720215,-17.60131108719087,7.940524434876346,MUV_proxy,123.6962826516061,4.04215865894906,9.509470414948368,0.599722729425129,0.6209363027149349,0.021213573289805887,0.994677391124343,-5.940524434876346,-5.736882191396461,-4.736882191396461,-5.675789518352495,-5.017547962712453
15850,b'primer-cosmos-east',7.045637607574463,-18.854532485601553,8.441812994240621,MUV_proxy,76.68805100667778,5.0,10.146376754998068,0.5827804976683241,0.6658460402196582,0.08306554255133414,0.7541136403124238,-6.441812994240621,-5.837266788340641,-4.837266788340641,-5.655902926570647,-5.0778421634146245
16083,b'primer-cosmos-east',4.577879905700684,-18.228176455232102,8.19127058209284,MUV_proxy,90.46193984352975,5.0,9.64905857266291,0.6285209926786729,0.6618763700091936,0.03335537733052074,1.3057474206403714,-6.191270582092841,-5.770934344971719,-4.770934344971719,-5.644833473835382,-5.029930716923587
16408,b'primer-cosmos-east',4.574862957000732,-18.39209251194425,8.256837004777699,MUV_proxy,91.36930141555193,5.0,9.714323300477773,0.6294565886453103,0.6664730371502158,0.037016448504905486,1.3068045064163447,-6.256837004777699,-5.789987212873791,-4.789987212873791,-5.649932275302618,-5.044332229347381
16563,b'primer-cosmos-east',5.0219926834106445,-18.386393790064062,8.254557516025624,MUV_proxy,70.93498214271098,5.0,9.756756784366688,0.6187188218117147,0.6592075309569693,0.0404887091452546,1.164310701518684,-6.254557516025624,-5.799596046926951,-4.799596046926951,-5.66310760619735,-5.055129895681065
17813,b'primer-cosmos-east',5.226693153381348,-17.484805685649018,7.893922274259607,MUV_proxy,109.40921548419057,4.569998951068698,9.416591589597742,0.6097228761176016,0.6308897864681646,0.021166910350563062,1.1074637764847746,-5.893922274259607,-5.6676877930944185,-4.6676877930944185,-5.5998174487448615,-4.9460943406418805
18893,b'primer-cosmos-east',4.8477396965026855,-18.71116084971713,8.38446433988685,MUV_proxy,166.86677167428374,2.9964024292144695,9.869238309537119,0.6248997238200817,0.6484873330479527,0.023587609227870954,1.216629245561429,-6.384464339886851,-6.107506302043806,-5.107506302043806,-6.0244188906908915,-5.380840493923482
19462,b'primer-cosmos-east',4.3650689125061035,-17.517428739792308,7.906971495916922,MUV_proxy,94.0519368287005,5.0,9.343478387167533,0.631164975531829,0.6515097180639144,0.020344742532085403,1.383952494072174,-5.906971495916922,-5.635236747252571,-4.635236747252571,-5.5537163226532655,-4.909093268050118
19946,b'primer-cosmos-east',5.974449157714844,-17.95800058449554,8.083200233798216,MUV_proxy,87.65106225812531,5.0,9.6806451495697,0.5953777807594849,0.6326329119530987,0.03725513119361379,0.9343739671147367,-6.083200233798216,-5.7472471557201885,-4.7472471557201885,-5.64646123229678,-5.014681843576367
20187,b'primer-cosmos-east',6.60816764831543,-19.234168973485463,8.593667589394185,MUV_proxy,72.95404931448154,5.0,10.254484354225728,0.5949888632101701,0.6933310480600499,0.09834218484987978,0.8201090775601615,-6.593667589394185,-5.815302643086381,-4.815302643086381,-5.581793159194039,-5.038496144119581
21943,b'primer-cosmos-east',4.715499401092529,-17.48759376893191,7.895037507572763,MUV_proxy,118.53507125803986,4.218160875877371,9.366587447682015,0.6220817627893943,0.6392958295375052,0.01721406674811088,1.258994792272945,-5.895037507572763,-5.685877227911901,-4.685877227911901,-5.623129144013642,-4.965991195609796
23571,b'primer-cosmos-east',4.760718822479248,-17.571934379257396,7.928773751702957,MUV_proxy,102.90919197163319,4.858652472344982,9.404845633950883,0.6212369175147592,0.6432654549485426,0.022028537433783413,1.2442360242695647,-5.928773751702957,-5.664252705138777,-4.664252705138777,-5.584896391169523,-4.93883059614634
26971,b'primer-cosmos-east',6.406652450561523,-19.574107712870415,8.729643085148165,MUV_proxy,133.57555911087675,3.7431997539682103,10.370308330204317,0.60353666632751,0.6829705096213199,0.07943384329380987,0.8538090624865597,-6.729643085148165,-6.075100159279048,-5.075100159279049,-5.878737281518313,-5.310675862356118
27072,b'primer-cosmos-east',4.957128047943115,-24.93581603619396,10.874326414477583,MUV_proxy,63.849597371654575,5.0,12.370039219271895,1.4582685330688259,47.434076454621795,45.97580792155297,1.1833418921999908,-8.874326414477583,12.840397680685008,13.840397680685008,12.840397680685008,13.539367685021027
27765,b'primer-cosmos-east',5.172641754150391,-18.41738423430438,8.266953693721751,MUV_proxy,83.07954313529999,5.0,9.784217869136791,0.6154622017948401,0.6580705092181399,0.042608307423299796,1.122019396300922,-6.266953693721751,-5.805565534648274,-4.805565534648274,-5.667149086926231,-5.060456714404907
31668,b'primer-cosmos-east',5.607691287994385,-18.95291826112945,8.48116730445178,MUV_proxy,65.8799880032613,5.0,10.04193643325122,0.6103071550137188,0.6764305768566237,0.06612342184290487,1.0131817597431045,-6.48116730445178,-5.8345988974240806,-4.83459889742408,-5.64062837531577,-5.070972052385291
31770,b'primer-cosmos-east',5.779069900512695,-19.908183131952807,8.863273252781122,MUV_proxy,65.86514684958436,5.0,10.441180242832392,0.6199438664502903,0.7514002251736306,0.13145635872334027,0.9750346729359033,-6.863273252781122,-5.626262554354995,-4.626262554354995,-5.255159344827157,-4.8035914801763635
32928,b'primer-cosmos-east',4.458100318908691,-19.620503351914046,8.748201340765618,MUV_proxy,88.29622998359365,5.0,10.194011372656487,0.6423372772445887,0.7228402986816603,0.08050302143707166,1.348833867833729,-6.748201340765618,-5.700246808582991,-4.700246808582991,-5.385860448928203,-4.89648135102871
40209,b'primer-cosmos-east',5.460907459259033,-17.686411134123567,7.9745644536494265,MUV_proxy,96.23145359555866,5.0,9.52065519957533,0.6051474490532979,0.6334418723582118,0.02829442330491394,1.0478686539339355,-5.9745644536494265,-5.688423847283245,-4.688423847283245,-5.60258166537339,-4.960839782310607
40642,b'primer-cosmos-east',4.634339809417725,-18.677568501973504,8.371027400789401,MUV_proxy,99.40246644881638,5.0,9.834461381731174,0.6297372616337846,0.6747778880180058,0.04504062638422113,1.2862235902660775,-6.371027400789401,-5.811923284367158,-4.811923284367158,-5.644192049440485,-5.057042868388915
40799,b'primer-cosmos-east',7.681150913238525,-17.611949095069065,7.944779638027625,MUV_proxy,72.90880432892983,5.0,9.71289472935148,0.5611993974498874,0.6025840853242866,0.041384687874399195,0.6727787064988333,-5.944779638027625,-5.676069705953532,-4.676069705953532,-5.595456726331304,-4.950228708410103
42464,b'primer-cosmos-east',5.367482662200928,-20.146746643649383,8.958698657459752,MUV_proxy,104.96168627510785,4.7636429800630715,10.495446923679845,0.6317024722366794,0.7643453956595657,0.1326429234228863,1.070986890274497,-6.9586986574597525,-5.587690504677906,-4.587690504677906,-5.176388058843352,-4.7516196850637025
43445,b'primer-cosmos-east',5.696870803833008,-16.8612234852915,7.644489394116599,MUV_proxy,150.07226935186785,3.3317281211205785,9.214176474499899,0.5970598790925002,0.6072614970162332,0.010201617923732975,0.9930280365366937,-5.644489394116599,-5.546720126511674,-4.546720126511674,-5.517389346230196,-4.837973195415162
45179,b'primer-cosmos-east',7.10549259185791,-19.021110586668016,8.508444234667206,MUV_proxy,59.434501554558324,5.0,10.218993493852997,0.5839110501313969,0.6780779984261337,0.09416694829473682,0.7457710497389679,-6.508444234667206,-5.830684421778283,-4.830684421778283,-5.627356477911606,-5.063938436153372
47824,b'primer-cosmos-east',5.6554951667785645,-19.22500257938916,8.590001031755662,MUV_proxy,104.23361021977952,4.796917222244685,10.155550548433519,0.6122233004113509,0.6879846661264577,0.07576136571510683,1.002294939932888,-6.590001031755662,-5.857150967522295,-4.857150967522295,-5.6372959482522855,-5.0848959567629395
48498,b'primer-cosmos-east',4.453303813934326,-17.737477453146425,7.994990981258569,MUV_proxy,183.0793189388025,2.731056696617568,9.440321362652002,0.6295971427081534,0.6397903878125218,0.010193245104368476,1.3506082253901117,-5.994990981258569,-5.862125044106588,-4.862125044106588,-5.822265262960994,-5.149868446055372
48540,b'primer-cosmos-east',5.656249046325684,-16.855273895371152,7.64210955814846,MUV_proxy,129.66140636657602,3.8561975688155847,9.207734462781028,0.5979533160928149,0.6103294477371544,0.012376131644339483,1.002124810102317,-5.64210955814846,-5.522413862774294,-4.522413862774294,-5.486505154162045,-4.811474288900859
50325,b'primer-cosmos-east',6.427699089050293,-19.421946072118455,8.668778428847382,MUV_proxy,136.02620503510835,3.6757623273467788,10.311548337752411,0.6007607221110035,0.6708570430406141,0.0700963209296106,0.8501825855571346,-6.668778428847382,-6.093630941623329,-5.093630941623329,-5.921086695456112,-5.337146188564904
50988,b'primer-cosmos-east',4.526494026184082,-19.50153564592179,8.700614258368716,MUV_proxy,112.92731964664193,4.427626561619788,10.153263660987125,0.6394112544958342,0.7035828611692081,0.06417160667337385,1.3239479421180453,-6.7006142583687165,-5.880667564000192,-4.880667564000192,-5.634683555689635,-5.099702890227321
51514,b'primer-cosmos-east',4.436739921569824,-19.52710020458859,8.710840081835435,MUV_proxy,100.43890060929056,4.97815086551983,10.154514073992418,0.6417811478916545,0.7166248012736683,0.07484365338201382,1.356765533518825,-6.7108400818354355,-5.730827663809062,-4.730827663809062,-5.43682393840115,-4.933856417670405
51855,b'primer-cosmos-east',4.651200771331787,-19.735592258413163,8.794236903365265,MUV_proxy,94.25044203453028,5.0,10.259356980498444,0.6393939316857272,0.7302178432817508,0.09082391159602354,1.280486838537209,-6.794236903365265,-5.671838297486918,-4.671838297486918,-5.3351187157234135,-4.860628432563065
52084,b'primer-cosmos-east',7.075610160827637,-19.18404760972223,8.573619043888892,MUV_proxy,55.488546720226125,5.0,10.281180059971655,0.5866793377219093,0.6913626898968822,0.10468335217497293,0.7499167818830127,-6.5736190438888915,-5.815979749026192,-4.815979749026192,-5.588687960567381,-5.041245815203903
52124,b'primer-cosmos-east',4.833804130554199,-19.040208827876313,8.516083531150525,MUV_proxy,147.2682086334743,3.395165899277118,9.999463944205944,0.6278201160594572,0.662802761239698,0.034982645180240746,1.2209814756790294,-6.5160835311505245,-6.103859299010673,-5.103859299010673,-5.980192029368718,-5.363666871460669
54661,b'primer-cosmos-east',5.667634010314941,-18.696773447367836,8.378709378947134,MUV_proxy,121.92669540006341,4.1008246664884185,9.945472779978628,0.6067835203363293,0.6501813095091625,0.04339778917283321,0.999561358745822,-6.378709378947134,-5.960061532092569,-4.960061532092569,-5.834467178036199,-5.2192267430710935
55423,b'primer-cosmos-east',5.408047199249268,-18.19569406306958,8.178277625227832,MUV_proxy,88.75092882326122,5.0,9.719082345152758,0.6088562918137431,0.6476145767207283,0.038758284906985185,1.0608460426309125,-6.178277625227832,-5.781462051020101,-4.781462051020101,-5.662417378757782,-5.042810489263309
344,b'primer-uds-south',7.13539457321167,-18.435521851204093,8.274208740481637,MUV_proxy,95.11385632924762,5.0,9.987748197802803,0.576841545712224,0.6407238031321527,0.0638822574199287,0.7416605990174616,-6.274208740481637,-5.816955007624699,-4.816955007624699,-5.679778887767617,-5.0722596300029865
2480,b'primer-uds-south',4.684057235717773,-17.9441138390168,8.07764553560672,MUV_proxy,168.19655201304698,2.9727125438410598,9.546051259178498,0.6245689813088732,0.6384479679314252,0.013878986622552048,1.2694290320640573,-6.07764553560672,-5.907610670514314,-4.907610670514314,-5.856600210986593,-5.191637179669055
4620,b'primer-uds-south',5.7462944984436035,-19.253751935075616,8.601500774030246,MUV_proxy,81.08071303865651,5.0,10.176130223874607,0.6107907119457067,0.6939995068045288,0.08320879485882215,0.9821437732437402,-6.601500774030246,-5.812793044344046,-4.812793044344046,-5.576180725438186,-5.034952267039407
7830,b'primer-uds-south',5.54536247253418,-18.498528016985617,8.299411206794247,MUV_proxy,130.2652787861676,3.8383213444064204,9.853947454047665,0.6078212653006092,0.6418265150129171,0.034005249712307895,1.0276744019339263,-6.299411206794247,-5.962144629839895,-4.962144629839895,-5.86096465675359,-5.229447967808442
9104,b'primer-uds-south',6.093060493469238,-18.756118164337515,8.402447265735006,MUV_proxy,106.35932378958098,4.701045307407081,10.01175331508193,0.5988083063957806,0.6579242377287923,0.05911593133301163,0.9110437092032428,-6.402447265735006,-5.882672074137434,-4.882672074137434,-5.726739516658164,-5.131724550641659
9791,b'primer-uds-south',5.027775287628174,-17.58747064739303,7.934988258957211,MUV_proxy,111.88804446545643,4.46875269282561,9.437765787720028,0.6147908179268674,0.635864040378636,0.02107322245176857,1.1626387808226175,-5.934988258957211,-5.6985337748802145,-4.6985337748802145,-5.627597429657116,-4.975918322136496
11501,b'primer-uds-south',4.679971694946289,-20.01098619760709,8.904394479042836,MUV_proxy,86.79155573125136,5.0,10.372391648537464,0.6427086090217358,0.7530127461271732,0.1103041371054374,1.2707953734031172,-6.9043944790428355,-5.5515769433925986,-4.5515769433925986,-5.1457316826975275,-4.717325185491555
14258,b'primer-uds-south',5.471871376037598,-18.495280508337014,8.298112203334805,MUV_proxy,164.2733944448308,3.043706509442823,9.845299340938565,0.6093740661769171,0.6332685655125335,0.02389449933561638,1.0452099697239294,-6.298112203334805,-6.057080995959934,-5.057080995959934,-5.984771633747473,-5.334007870886428
17986,b'primer-uds-south',4.9401140213012695,-19.85290693743861,8.841162774975444,MUV_proxy,70.42326572571035,5.0,10.335174177105571,0.6348780275093804,0.7398264338611616,0.10494840635178126,1.1884194043463014,-6.8411627749754444,-5.6374652154786595,-4.6374652154786595,-5.276355947629623,-4.818125455192962
21488,b'primer-uds-south',5.413991928100586,-19.45355383036247,8.681421532144988,MUV_proxy,69.83585733604345,5.0,10.222820724955046,0.6197789339661512,0.7084983182388459,0.08871938427269466,1.0593733005756012,-6.681421532144988,-5.774354589304007,-4.774354589304007,-5.502234506451712,-4.98467789068389
22358,b'primer-uds-south',4.676494598388672,-18.482651859367174,8.293060743746869,MUV_proxy,105.99213398821126,4.7173311941772145,9.760710203585736,0.6274854246823387,0.6646508298726271,0.037165405190288436,1.2719601542280727,-6.293060743746869,-5.8368303900011025,-4.8368303900011025,-5.699961283877372,-5.092237350290507
23107,b'primer-uds-south',4.952512741088867,-17.47744406286774,7.890977625147095,MUV_proxy,169.02787965091744,2.9580918901226134,9.38622889925598,0.6162139631984421,0.62707242138847,0.010858458190027842,1.184715678086907,-5.890977625147095,-5.766825517474546,-4.766825517474546,-5.7295798851727815,-5.055440302371272
25430,b'primer-uds-south',7.128200054168701,-18.963954009835202,8.48558160393408,MUV_proxy,73.30048856467192,5.0,10.198401609350949,0.582792325700242,0.6737742892386857,0.09098196353844368,0.7426461415130903,-6.4855816039340795,-5.833489364219164,-4.833489364219164,-5.637861692304689,-5.069310135911654
28931,b'primer-uds-south',7.904730319976807,-19.695904133801314,8.778361653520525,MUV_proxy,64.03652116954194,5.0,10.568834685518206,0.5850511373389293,0.76495663184134,0.17990549450241067,0.6475736790981277,-6.778361653520525,-5.654001585164999,-4.654001585164999,-5.31669356465834,-4.842595573993427
29392,b'primer-uds-south',7.470963478088379,-19.271040134684796,8.608416053873917,MUV_proxy,99.15001900293842,5.0,10.355512401682756,0.5821114607743881,0.7028504056888898,0.12073894491450166,0.6979977385794524,-6.608416053873917,-5.795074072239527,-4.795074072239527,-5.55107147774921,-5.0147698697400696
30157,b'primer-uds-south',4.726914882659912,-17.462243864858824,7.884897545943529,MUV_proxy,140.7088541482793,3.553436654903741,9.35758903420952,0.6217146729387002,0.6351512737891498,0.01343660085044962,1.255241678521597,-5.884897545943529,-5.722122223387243,-4.722122223387243,-5.673289626620357,-5.006874686795595
30191,b'primer-uds-south',4.036579132080078,-18.398749253377293,8.259499701350917,MUV_proxy,143.98042061934908,3.4726943972603355,9.663157614558925,0.6433867920975399,0.6636702448899072,0.020283452792367318,1.5209666950287999,-6.259499701350917,-5.961762304165402,-4.961762304165402,-5.872441085009748,-5.233018560110832
30520,b'primer-uds-south',5.349781036376953,-18.550246169587687,8.320098467835074,MUV_proxy,125.41466121274044,3.986774713299682,9.855076571472768,0.6124139992696422,0.6480244777511099,0.0356104784814677,1.0754627380016304,-6.320098467835074,-5.95048739407325,-4.95048739407325,-5.839604071944703,-5.214556282361048
32880,b'primer-uds-south',4.755955696105957,-18.4068519829054,8.262740793162159,MUV_proxy,103.41219140791682,4.835019867509761,9.738336362772754,0.625120032737555,0.6622894216878746,0.037169388950319626,1.2457770581304937,-6.262740793162159,-5.815853971525359,-4.815853971525359,-5.681787925034319,-5.072195285025661
33445,b'primer-uds-south',4.345759868621826,-18.866956947243903,8.44678277889756,MUV_proxy,148.13361631268566,3.3753310858528045,9.881358765759742,0.6381395495554789,0.6661386286922059,0.027999079136726945,1.3914318019148597,-6.4467827788975605,-6.070791760476949,-5.070791760476949,-5.957994454950765,-5.334222654298869
33898,b'primer-uds-south',4.5452728271484375,-18.168545470694003,8.167418188277601,MUV_proxy,109.44208787273796,4.5686262910244615,9.621945470992445,0.6290453266131911,0.6574219020238273,0.028376575410636207,1.3172480840816425,-6.167418188277601,-5.806673990074847,-4.806673990074847,-5.698450730614021,-5.071629565918553
36872,b'primer-uds-south',7.135115146636963,-18.298870973293397,8.219548389317358,MUV_proxy,79.31382445272976,5.0,9.933059903981055,0.5756286575625538,0.6339909182209961,0.0583622606584423,0.7416988357319824,-6.219548389317358,-5.801783919936488,-4.801783919936488,-5.676454579122228,-5.0610374686623825
37557,b'primer-uds-south',5.655717849731445,-19.7382513588335,8.7953005435334,MUV_proxy,144.48232119913436,3.46063100212011,10.360872328506545,0.6192281510279587,0.6868376476168121,0.0676094965888534,1.0022446815366466,-6.795300543533401,-6.141337419084739,-5.141337419084739,-5.945148481750141,-5.376971102303854
37751,b'primer-uds-south',5.359211444854736,-18.57945964960397,8.331783859841586,MUV_proxy,69.87817287995404,5.0,9.86770500432706,0.6124181057388142,0.6615911704399778,0.04917306470116367,1.0730744055460004,-6.331783859841586,-5.822536354277073,-4.822536354277073,-5.669762102607719,-5.072641599384603
37878,b'primer-uds-south',4.773196697235107,-18.44031234984277,8.276124939937107,MUV_proxy,141.10773680466824,3.543391817644535,9.753444609660617,0.6249017847039776,0.64992552854188,0.0250237438379024,1.240213971211418,-6.276124939937107,-5.976608474106206,-4.976608474106206,-5.886753534356936,-5.247686823187097
39711,b'primer-uds-south',5.4619550704956055,-18.15637922733944,8.162551690935775,MUV_proxy,118.33868820158861,4.225160913971394,9.708747197985335,0.6074414201370607,0.6380630361047036,0.0306216159676429,1.047614129335226,-6.162551690935775,-5.8529514782744405,-4.8529514782744405,-5.76007141447604,-5.123021452672289
44435,b'primer-uds-south',5.17327356338501,-17.132449316810934,7.752979726724373,MUV_proxy,98.62308043066938,5.0,9.270307083062875,0.6098524304157121,0.6286862070734847,0.018833776657772527,1.121847422988012,-5.752979726724373,-5.549067621606416,-4.549067621606416,-5.487893990071029,-4.829706406758602
45383,b'primer-uds-south',4.855165481567383,-17.512081162343055,7.904832464937221,MUV_proxy,118.60664697163949,4.215615336630813,9.39034901309396,0.6187032034167674,0.6366732635884012,0.017970060171633717,1.214320597103977,-5.904832464937221,-5.6942342477517,-4.6942342477517,-5.631054782596044,-4.974204421697129
45637,b'primer-uds-south',4.536287307739258,-19.72739182626517,8.790956730506068,MUV_proxy,109.9240731348419,4.54859418634041,10.244585461279993,0.6418498198823732,0.7193646131119846,0.07751479322961141,1.3204468815411072,-6.790956730506068,-5.80313784328355,-4.80313784328355,-5.506792177116794,-5.005385950225279
47509,b'primer-uds-south',5.659402847290039,-19.533665121566017,8.713466048626406,MUV_proxy,196.7753709572188,2.540968402538068,10.27940633335541,0.6160876999302577,0.6524087435107648,0.03632104358050714,1.0014136040158208,-6.713466048626406,-6.362436558972078,-5.362436558972078,-6.25712771207578,-5.628363605670627
48686,b'primer-uds-south',4.843894958496094,-18.156006215187865,8.162402486075145,MUV_proxy,188.83439301175306,2.6478227404733414,9.646791981924753,0.6216510428459205,0.6353062611345809,0.013655218288660342,1.2178274242067153,-6.162402486075145,-6.001909449443714,-5.001909449443714,-5.953761538454284,-5.286890141444552
48982,b'primer-uds-south',5.387849807739258,-18.45270954545382,8.281083818181528,MUV_proxy,86.64903684941646,5.0,9.819868798955454,0.6109054907699404,0.6564642143217433,0.045558723551802904,1.0658752191425482,-6.2810838181815285,-5.812432642911096,-4.812432642911096,-5.671837290329966,-5.066597521048034
50716,b'primer-uds-south',7.863626480102539,-18.313102814447895,8.225241125779156,MUV_proxy,69.90504346274642,5.0,10.01160377378941,0.5636834421058448,0.6315725892941266,0.06788914718828187,0.6520885749946905,-6.2252411257791564,-5.7979944012915,-4.7979944012915,-5.669820383945203,-5.056299724506715
51593,b'primer-uds-south',4.457850933074951,-17.470290655999275,7.888116262399709,MUV_proxy,98.23092206583675,5.0,9.333901355707205,0.6285957795985987,0.6487319534363424,0.020136173837743687,1.3489260271099064,-5.888116262399709,-5.625974096296566,-4.625974096296566,-5.5473314464656225,-4.900789875350233
52581,b'primer-uds-south',6.166954040527344,-18.267739337359817,8.207095734943927,MUV_proxy,77.02489447674957,5.0,9.823791138996661,0.5933997888382265,0.6406699880968902,0.047270199258663714,0.8969940865318501,-6.207095734943927,-5.797883311208968,-4.797883311208968,-5.67511958408848,-5.0579920644994525
55634,b'primer-uds-south',6.879805088043213,-20.151941497626616,8.960776599050646,MUV_proxy,74.47756139010417,5.0,10.648757107854967,0.6089415062174056,0.8098605822120866,0.20091907599468095,0.7780564764564106,-6.9607765990506465,-5.452072425188308,-4.452072425188308,-4.999461173029607,-4.602232003466056
55783,b'primer-uds-south',4.626031398773193,-19.292877225315063,8.617150890126025,MUV_proxy,109.96452826156413,4.546920792591304,10.079754030003345,0.6349424971779176,0.6941811272256758,0.0592386300477582,1.2890661376367918,-6.617150890126025,-5.8801771656620385,-4.8801771656620385,-5.659085048322843,-5.107509788879621
57494,b'primer-uds-south',4.023993492126465,-20.2558488745766,9.002339549830639,MUV_proxy,122.47714623353806,4.082394270083706,10.404738899043286,0.6610947410003005,0.7458558830606234,0.08476114206032292,1.5266599089758348,-7.002339549830639,-5.753487767098619,-4.753487767098619,-5.378832232279014,-4.929632584489399
59568,b'primer-uds-south',8.90157699584961,-18.946349220321327,8.47853968812853,MUV_proxy,78.93528551401158,5.0,10.36869738771349,0.5576848706808635,0.6865903633908564,0.12890549270999296,0.5521615831409198,-6.47853968812853,-5.791614552965587,-4.791614552965587,-5.5855370124167045,-5.0239520351132745
59880,b'primer-uds-south',5.663111209869385,-17.514468259399724,7.9057873037598885,MUV_proxy,120.00611277187473,4.166454428454603,9.472098424746827,0.5999459395328539,0.6207548854599932,0.020808945927139333,1.000578412056675,-5.9057873037598885,-5.704844245497038,-4.704844245497038,-5.644561328018183,-4.985779935334734
59971,b'primer-uds-south',5.391544342041016,-18.431506085331232,8.272602434132493,MUV_proxy,146.73889017794247,3.4074129863847036,9.811756868336595,0.6106825023500713,0.6373651293708836,0.026682627020812366,1.0649523197207464,-6.272602434132493,-5.998362594083761,-4.998362594083761,-5.916090642069142,-5.271968605742869
60046,b'primer-uds-south',5.46284294128418,-18.833020472806208,8.433208189122482,MUV_proxy,120.80852785146519,4.138780671301227,9.9794924832509,0.6122127727629901,0.6582685987186246,0.04605582595563451,1.0473984951964528,-6.433208189122482,-5.967656058676335,-4.967656058676335,-5.82799041954249,-5.222130841295701
60446,b'primer-uds-south',4.366049766540527,-17.69169996415502,7.976679985662008,MUV_proxy,100.02763199041787,4.998618782137094,9.41328496231606,0.6317049248589873,0.6544052770676085,0.02270035220862121,1.3835743432032854,-5.976679985662008,-5.6735653593801665,-4.6735653593801665,-5.582630971495614,-4.944283892415963
62395,b'primer-uds-south',5.659185409545898,-18.51203043636557,8.304812174546228,MUV_proxy,79.42886599802144,5.0,9.870730715500818,0.6055126281445773,0.6555512751480943,0.05003864700351701,1.0014626109651055,-6.304812174546228,-5.821183440816801,-4.821183440816801,-5.6760948206979736,-5.07385056310784
66511,b'primer-uds-south',7.130755424499512,-19.231242016423792,8.592496806569516,MUV_proxy,111.28508555443562,4.492965050158699,10.305572349019467,0.5865348728670169,0.681014640940564,0.09447976807354708,0.7422958444910407,-6.592496806569516,-5.915654268513214,-4.915654268513214,-5.712601507096323,-5.149000010371565
67076,b'primer-uds-south',7.936797618865967,-19.480856916399453,8.692342766559781,MUV_proxy,85.7376135588745,5.0,10.486022528446378,0.5798207117471681,0.7345494004507616,0.15472868870359346,0.6440873309199934,-6.692342766559781,-5.730536949774169,-4.730536949774169,-5.441995204738485,-4.935386363759589
68947,b'primer-uds-south',5.655997276306152,-18.171524451216438,8.168609780486575,MUV_proxy,82.59408137195713,5.0,9.73420950811719,0.6033173982839771,0.6434324932402575,0.040115094956280406,1.0021816223192657,-6.168609780486575,-5.780614845140994,-4.780614845140994,-5.66421636453732,-5.0428453472704176
69772,b'primer-uds-south',5.429375648498535,-19.194279411718135,8.577711764687253,MUV_proxy,69.60870252850678,5.0,10.120649329537107,0.6164200841003262,0.6912009653425093,0.07478088124218307,1.0555778736071086,-6.577711764687253,-5.815891265648374,-4.815891265648374,-5.58734511593671,-5.040739211408467
6756,b'ceers-full',7.136083126068115,-18.23280687828205,8.19312275131282,MUV_proxy,54.396483832198435,5.0,9.906731063919633,0.5750595117108948,0.6309493994628104,0.05588988775191561,0.7415663914724493,-6.193122751312821,-5.79312728046289,-4.79312728046289,-5.673128639207911,-5.054157729041878
9246,b'ceers-full',4.604409694671631,-17.971671112965936,8.088668445186373,MUV_proxy,69.26564929034056,5.0,9.549109414653536,0.6266719861367639,0.6551622901184111,0.028490303981647203,1.2965126154041078,-6.088668445186373,-5.732179860621207,-4.732179860621207,-5.625233285251657,-4.997560997828671
12234,b'ceers-full',6.1422119140625,-18.842551883065187,8.437020753226074,MUV_proxy,57.94758580918855,5.0,10.051241944632324,0.5987014209116187,0.667306113377876,0.06860469246625733,0.9016580641755001,-6.437020753226074,-5.840030156384935,-4.840030156384935,-5.660932977332593,-5.081361092364802
12544,b'ceers-full',4.5496649742126465,-18.01673045710073,8.106692182840291,MUV_proxy,83.87673704464756,5.0,9.561658680261555,0.6282426487381086,0.6572267258185834,0.02898407708047479,1.3156891781588236,-6.106692182840291,-5.738661035107633,-4.738661035107633,-5.6282516907878355,-5.002887915998349
13736,b'ceers-full',5.356953144073486,-18.438453380189998,8.275381352075998,MUV_proxy,64.48052529472373,5.0,9.811076666483347,0.6114878319453797,0.6563439257966084,0.044856093851228684,1.0736455370677274,-6.275381352075998,-5.810594138008593,-4.810594138008593,-5.671157973788371,-5.065145412265833
14076,b'ceers-full',5.661390781402588,-17.953710189762077,8.08148407590483,MUV_proxy,73.16689272624528,5.0,9.647623154045089,0.6019864435253938,0.6369043389495203,0.03491789542412649,1.000965740477644,-6.0814840759048305,-5.7441664221707525,-4.7441664221707525,-5.642971126050528,-5.011464652461326
19354,b'ceers-full',5.42791748046875,-17.186823340763663,7.774729336305464,MUV_proxy,63.349080495239264,5.0,9.31752108435234,0.6040781625837234,0.6245758097675869,0.020497647183863488,1.0559366590475339,-5.774729336305464,-5.565841246407244,-4.565841246407244,-5.503174819437778,-4.845982433081403
20010,b'ceers-full',8.93444538116455,-17.890357612532686,8.056143045013073,MUV_proxy,64.42038348903961,5.0,9.949587583129528,0.5435483659610741,0.6064241150299906,0.06287574906891646,0.5494190123320469,-6.056143045013073,-5.722748374261005,-4.722748374261005,-5.6227299730353835,-4.990438902849778
20632,b'ceers-full',5.653134822845459,-17.81031359915508,8.024125439662031,MUV_proxy,62.625804274768534,5.0,9.589438921946577,0.6014514696611274,0.6332597797490179,0.031808310087890534,1.0028279148868324,-6.024125439662031,-5.716275687287158,-4.716275687287158,-5.623920761574697,-4.986520707713652
20897,b'ceers-full',4.533113956451416,-16.672455631451232,7.568982252580492,MUV_proxy,66.4479321401957,5.0,9.022293648225633,0.6247057632039292,0.6371203303410008,0.012414567137071564,1.3215796585684625,-5.568982252580492,-5.410640034443856,-4.410640034443856,-5.363137369002866,-4.695835808294174
22049,b'ceers-full',7.1350226402282715,-18.669637759181754,8.367855103672701,MUV_proxy,55.6208414369509,5.0,10.081357367695528,0.5791941625886847,0.6538621359422023,0.0746679733535176,0.7417114950249692,-6.367855103672701,-5.833363150693125,-4.833363150693125,-5.673015564799252,-5.080943951059148
22239,b'ceers-full',7.131442070007324,-16.226724031172736,7.390689612469094,MUV_proxy,63.88495294759667,5.0,9.103833819469827,0.565781990655926,0.5812868638935327,0.015504873237606631,0.7422017640955125,-5.390689612469094,-5.27962850502036,-4.27962850502036,-5.24631017278574,-4.569552389939468
23054,b'ceers-full',6.8682966232299805,-18.58860646729115,8.335442586916459,MUV_proxy,64.28460296438449,5.0,10.022272249239457,0.5829376281550708,0.6500142462467944,0.0670766180917236,0.7797648633537718,-6.335442586916459,-5.8306573821899335,-4.8306573821899335,-5.679221820771976,-5.081208857381262
24464,b'ceers-full',5.655385971069336,-18.628603087064917,8.351441234825966,MUV_proxy,61.57873392283105,5.0,9.916979831932899,0.6064841787685438,0.660434156040873,0.0539499772723292,1.0023195863722483,-6.351441234825966,-5.8295628848606285,-4.8295628848606285,-5.672999379871027,-5.0784050455280765
28748,b'ceers-full',4.752955436706543,-18.489657343260586,8.295862937304234,MUV_proxy,65.65756697521525,5.0,9.771158480974888,0.6256832224970468,0.6665962182240273,0.04091299572698048,1.2467493712354984,-6.295862937304234,-5.803582887438409,-4.803582887438409,-5.655898872478662,-5.055384878115809
29421,b'ceers-full',4.785098075866699,-18.16778658143024,8.167114632572094,MUV_proxy,70.82442982441934,5.0,9.645624440158764,0.6231285914261969,0.6566407904656899,0.033512199039492985,1.2363978089470813,-6.167114632572094,-5.767231623866426,-4.767231623866426,-5.647266721254725,-5.02827331865984
30600,b'ceers-full',4.0259318351745605,-16.423998855389815,7.469599542155925,MUV_proxy,87.27410747781781,5.0,9.0,0.6385524027991987,0.6502305798291569,0.011678177029958214,1.5257807851388907,-5.469599542155925,-5.297634966128596,-4.297634966128596,-5.246045593320398,-4.581468504189845
36886,b'ceers-full',4.449919700622559,-17.686136875270147,7.974454750108058,MUV_proxy,71.03828593380159,5.0,9.419446720170315,0.6295033955520546,0.652532579258824,0.02302918370676943,1.3518624318873784,-5.974454750108058,-5.673997394253361,-4.673997394253361,-5.583860187496951,-4.944981654331872
36985,b'ceers-full',5.653713703155518,-17.58230214992759,7.932920859971035,MUV_proxy,61.34467743649027,5.0,9.498292230286586,0.6004272322117068,0.6279430466375487,0.027515814425841945,1.0026971578669759,-5.932920859971035,-5.666649808503867,-4.666649808503867,-5.586768493063716,-4.941052699021131
39094,b'ceers-full',4.73153018951416,-18.281833889964048,8.212733555985618,MUV_proxy,68.47869120959936,5.0,9.685886574937035,0.6250170753355226,0.6606633013650469,0.035646226029524275,1.2537295535563426,-6.2127335559856185,-5.781423863801028,-4.781423863801028,-5.652030956145651,-5.039322890246551
40589,b'ceers-full',8.00671100616455,-18.34084616670424,8.236338466681694,MUV_proxy,59.37592096716466,5.0,10.03700956729815,0.5617315321248039,0.6328397862991533,0.0711082541743494,0.6365936270664675,-6.236338466681694,-5.799466577903342,-4.799466577903342,-5.6684050112698365,-5.056809384689488
41179,b'ceers-full',7.242249965667725,-19.62426284772767,8.749705139091068,MUV_proxy,57.4217396408689,5.0,10.47393013565784,0.591867211861518,0.7397152711571133,0.1478480592955953,0.7272751066642159,-6.749705139091068,-5.7119708944953285,-4.7119708944953285,-5.400650621116607,-4.909227465699735
41913,b'ceers-full',5.245997428894043,-18.93364999102481,8.473459996409924,MUV_proxy,61.63378721184913,5.0,9.998059739299327,0.6177220900000838,0.6782641337888954,0.06054204378881156,1.102341116982818,-6.4734599964099235,-5.829372479512876,-4.829372479512875,-5.636146224443761,-5.065993723487152
42093,b'ceers-full',6.4458818435668945,-18.03659712011666,8.114638848046663,MUV_proxy,56.23605433097119,5.0,9.759227032403352,0.5863793108895313,0.6293696703464245,0.04299035945689322,0.847070136635278,-6.114638848046663,-5.763189902251389,-4.763189902251389,-5.657755218512806,-5.0290750033358425
47021,b'ceers-full',8.023066520690918,-17.42141601885089,7.868566407540356,MUV_proxy,65.36525512787183,5.0,9.670873059609448,0.5542839247588526,0.5932905315017917,0.0390066067429391,0.6348614555694339,-5.868566407540356,-5.629571344421523,-4.629571344421523,-5.557872825485873,-4.906701833773621
48983,b'ceers-full',7.13676118850708,-19.866323724443145,8.846529489777257,MUV_proxy,51.93081889094175,5.0,10.560205608627966,0.5985396199548221,0.7707913311567267,0.17225171120190463,0.7414736386594548,-6.846529489777257,-5.613904245521708,-4.613904245521708,-5.244116672245043,-4.791671716760133
49360,b'ceers-full',4.737311840057373,-18.554953137583333,8.321981255033332,MUV_proxy,68.91183834860217,5.0,9.79571243903907,0.6264629252560764,0.6689928412245475,0.04252991596847111,1.2518395576662449,-6.321981255033332,-5.808156536357634,-4.808156536357634,-5.6540091207549255,-5.057804060154046
55490,b'ceers-full',7.1493306159973145,-20.138818844791903,8.95552753791676,MUV_proxy,52.387914284993016,5.0,10.670460599516492,0.6053253803151727,0.81693959472966,0.21161421441448736,0.739757740356589,-6.95552753791676,-5.4447304047399685,-4.4447304047399685,-4.991491264786931,-4.59468068708627
57051,b'ceers-full',5.668078899383545,-18.690260143509484,8.376104057403793,MUV_proxy,64.39483006557025,5.0,9.942911947342148,0.6067203745559886,0.6630378521384949,0.05631747758250627,0.9994614082180477,-6.3761040574037935,-5.832877464696106,-4.832877464696106,-5.6699094868838005,-5.079584801089319
58630,b'ceers-full',4.546807765960693,-18.129511927632997,8.151804771053198,MUV_proxy,68.52601108185242,5.0,9.606485547649267,0.6288225839597271,0.6599421345397746,0.03111955058004745,1.3167029396416075,-6.1518047710531985,-5.756353551622121,-4.756353551622121,-5.6377181857927985,-5.017838425342995
59162,b'ceers-full',7.841129779815674,-19.704146493664407,8.781658597465762,MUV_proxy,53.05169831149987,5.0,10.56577157544733,0.5859905831948647,0.7644916736326453,0.1785010904377805,0.6545818460560492,-6.781658597465762,-5.654002616780846,-4.654002616780846,-5.315705822575371,-4.842267014376335
59626,b'ceers-full',6.367115020751953,-19.676824018197404,8.77072960727896,MUV_proxy,57.40807305352339,5.0,10.407441109354156,0.6059473586313388,0.733004132555665,0.12705677392432624,0.860691532829136,-6.770729607278961,-5.715329455915876,-4.715329455915876,-5.398709410506951,-4.910819436443549
60774,b'ceers-full',5.2847676277160645,-18.568887700928574,8.327555080371429,MUV_proxy,62.041777733201435,5.0,9.856031843143036,0.6139741717988008,0.6620681460612543,0.04809397426245354,1.0921709884468307,-6.327555080371429,-5.820619119390675,-4.820619119390675,-5.668538331096448,-5.0709555189565805
61323,b'ceers-full',7.12702751159668,-17.347349668703913,7.838939867481565,MUV_proxy,61.552384141078534,5.0,9.551642618641232,0.5696620098016312,0.6011175437033558,0.03145553390172462,0.7428069687744326,-5.838939867481565,-5.6134407596424465,-4.6134407596424465,-5.545791027290711,-4.891920844522516
63106,b'ceers-full',5.655656814575195,-19.256665241290968,8.602666096516387,MUV_proxy,59.95507577844757,5.0,10.168231777973906,0.6125895569093716,0.6943821045938645,0.08179254768449296,1.0022584564407635,-6.602666096516387,-5.811504382570079,-4.811504382570079,-5.574155868386186,-5.033418206839429
67137,b'ceers-full',7.496461391448975,-20.57834587468009,9.131338349872035,MUV_proxy,62.40130278603175,5.0,10.880984489016932,0.6166994371690757,0.9413185811663037,0.324619143997228,0.6948552947908303,-7.131338349872035,-4.954429239390076,-3.9544292393900764,-4.301356506245488,-4.037768324005861
68816,b'ceers-full',4.532282829284668,-16.2031795340367,7.3812718136146795,MUV_proxy,70.80639597093622,5.0,9.0,0.6246244589581529,0.6366149086798997,0.011990449721746788,1.3218766087770952,-5.3812718136146795,-5.228304659300257,-4.228304659300257,-5.18241451300593,-4.514037939532796
70681,b'ceers-full',7.900805473327637,-18.974007494458625,8.48960299778345,MUV_proxy,56.09205306411676,5.0,10.279683545116214,0.5712323322239152,0.6784231648010796,0.10719083257716433,0.6480025419893033,-6.48960299778345,-5.819245993878053,-4.819245993878053,-5.618138892706434,-5.0532402891514945
71267,b'ceers-full',7.517549514770508,-18.567229995452184,8.326891998180873,MUV_proxy,59.90658516540552,5.0,10.078646949657923,0.5718156399123583,0.6470207784139019,0.07520513850154364,0.6922740538844785,-6.326891998180873,-5.824436772126805,-4.824436772126805,-5.673700204310584,-5.075221245185379
71321,b'ceers-full',7.12932014465332,-17.670248617420484,7.968099446968193,MUV_proxy,63.36040081081617,5.0,9.681031461433525,0.5713012047269358,0.6100142451459446,0.038713040419008804,0.7424925626862312,-5.968099446968193,-5.6906900384681185,-4.6906900384681185,-5.6074672159180965,-4.963979093282092
71380,b'ceers-full',7.126262664794922,-18.882355067053595,8.452942026821438,MUV_proxy,54.160871476723834,5.0,10.16556829330093,0.5817919568819158,0.6678279344749493,0.0860359775930335,0.7429119072249852,-6.452942026821438,-5.83607832679929,-4.83607832679929,-5.651019216792647,-5.075421952461057
72633,b'ceers-full',5.443395614624023,-19.518758894354377,8.70750355774175,MUV_proxy,67.06142219180622,5.0,10.251843119204153,0.6200467037747892,0.7133662081085483,0.09331950433375913,1.052138536875922,-6.7075035577417506,-5.759920801971097,-4.759920801971097,-5.475645975239901,-4.966192522058013
72956,b'ceers-full',8.904179573059082,-18.215226034156057,8.186090413662422,MUV_proxy,58.17583598902204,5.0,10.07650837096833,0.5472608011156831,0.6249859853229931,0.07772518420731,0.5519435924964385,-6.186090413662422,-5.772063804764261,-4.772063804764261,-5.6478558220948125,-5.0316911395384265
73890,b'ceers-full',5.660318374633789,-18.243861937398655,8.19754477495946,MUV_proxy,76.25109483703007,5.0,9.76357661242284,0.6036664204434649,0.6457327325559797,0.04206631211251488,1.0012073026603008,-6.197544774959461,-5.791073138544422,-4.791073138544422,-5.669131647619911,-5.0514559705668995
7242,b'primer-cosmos-west',5.658755302429199,-18.66673337279668,8.366693349118671,MUV_proxy,166.7174549082523,2.999086090146705,9.932568879361591,0.6067204716421872,0.6337791904120779,0.027058718769890633,1.0015595618853206,-6.3666933491186715,-6.10514269653733,-5.10514269653733,-6.026677500762927,-5.380017626943177
8118,b'primer-cosmos-west',5.642417907714844,-18.833064082469804,8.43322563298792,MUV_proxy,124.26756861408884,4.023575946454242,9.997467423759405,0.6084806609718549,0.6544412717337325,0.04596061076187752,1.0052537688954968,-6.43322563298792,-5.987329917972335,-4.987329917972335,-5.85356120346766,-5.243770342134758
13074,b'primer-cosmos-west',5.214783191680908,-19.42674007854113,8.670696031416451,MUV_proxy,79.73062908385373,5.0,10.192174350584542,0.6234930219940079,0.7069618123633277,0.08346879036931976,1.1106440030574396,-6.670696031416451,-5.776009718983337,-4.776009718983337,-5.507603825253403,-4.987571083404007
13666,b'primer-cosmos-west',5.288052558898926,-18.631995473953918,8.352798189581566,MUV_proxy,115.84346480281005,4.316169244860771,9.881603445471459,0.6143595845387635,0.6556474385240633,0.04128785398529977,1.0913164548483747,-6.352798189581566,-5.917942845891452,-4.917942845891452,-5.787486242784418,-5.175487307186422
15233,b'primer-cosmos-west',4.98601770401001,-17.884340167219005,8.053736066887602,MUV_proxy,92.76965482447173,5.0,9.552337837288603,0.6169770593226171,0.6461350651271132,0.029158005804496012,1.1748023972993027,-6.053736066887602,-5.723142468474,-4.723142468474,-5.623964388949919,-4.991113104296621
16152,b'primer-cosmos-west',5.714365482330322,-20.602758286075222,9.141103314430088,MUV_proxy,165.23186775265145,3.026050645075859,10.712539862663121,0.6369174574914064,0.73780022423011,0.10088276673870367,0.9891524819734299,-7.141103314430088,-6.178046237489756,-5.178046237489756,-5.889129114407656,-5.382770525459704
18540,b'primer-cosmos-west',8.9337158203125,-18.44357128546024,8.277428514184095,MUV_proxy,105.95344761289829,4.719053615194795,10.170800096215345,0.5496082601914376,0.6340481920730433,0.0844399318816057,0.5494796416987101,-6.277428514184095,-5.829641723429835,-4.829641723429835,-5.6953056862035565,-5.085893040018389
21037,b'primer-cosmos-west',4.476104736328125,-16.294338015678914,7.417735206271565,MUV_proxy,99.04435864493557,5.0,9.0,0.6261225384845406,0.6380799844056205,0.011957445921079946,1.342207919713171,-5.417735206271565,-5.262842838040667,-4.262842838040667,-5.216375127571397,-4.548383596881558
21620,b'primer-cosmos-west',8.087143898010254,-19.353267915806512,8.641307166322605,MUV_proxy,88.58474492387647,5.0,10.45002155612363,0.5753321068862665,0.7210030073181561,0.14567090043188968,0.6281500671224449,-6.641307166322605,-5.758210972855431,-4.758210972855431,-5.493282114815279,-4.9709313491726945
22379,b'primer-cosmos-west',5.73488187789917,-17.561898788827357,7.924759515530942,MUV_proxy,115.64072090795395,4.323736449187159,9.498247703320859,0.598567138022732,0.6214124642980098,0.0228453262752778,0.9846394466010499,-5.924759515530942,-5.707666229191818,-4.707666229191818,-5.6425382432900815,-4.986986896221887
22483,b'primer-cosmos-west',7.135468482971191,-19.278248675968435,8.611299470387372,MUV_proxy,62.23396554893685,5.0,10.324846318684491,0.5871978706207817,0.7003499592786158,0.1131520886578341,0.7416504857586734,-6.611299470387372,-5.8013952576249626,-4.8013952576249626,-5.558423993796239,-5.0214348320127025
22702,b'primer-cosmos-west',5.431190490722656,-19.493345197806313,8.697338079122524,MUV_proxy,102.77250209722588,4.86511459579903,10.24045712819479,0.6199513363082824,0.7081386961373929,0.08818735982911052,1.0551316104425035,-6.697338079122524,-5.799320636029464,-4.799320636029464,-5.529915403101545,-5.010548887384139
25633,b'primer-cosmos-west',7.051051139831543,-18.84724525692404,8.438898102769615,MUV_proxy,76.65286982916518,5.0,10.14400321675277,0.5826040504306484,0.6653516577029283,0.08274760727227981,0.7533527343797336,-6.438898102769615,-5.83727346799981,-4.83727346799981,-5.656786077568868,-5.07814100018681
26495,b'primer-cosmos-west',5.01962423324585,-18.39281792602413,8.257127170409651,MUV_proxy,70.6762484733498,5.0,9.759089593734236,0.6188124162547668,0.659448941330681,0.0406365250759142,1.164996642639983,-6.257127170409651,-5.800235716577186,-4.800235716577186,-5.663168280427446,-5.055576566857921
28491,b'primer-cosmos-west',5.585108757019043,-18.859319987185717,8.443727994874287,MUV_proxy,79.56627634394629,5.0,10.00223887057619,0.6098964211089676,0.6717657582311949,0.06186933712222731,1.0183931921990512,-6.443727994874287,-5.835645154776643,-4.835645154776643,-5.653220302747349,-5.075866866430859
28500,b'primer-cosmos-west',5.428969860076904,-17.950203707308827,8.08008148292353,MUV_proxy,75.64182650308877,5.0,9.62297846893122,0.6070755917478633,0.6403334656600344,0.033257873912171054,1.055677698402494,-6.08008148292353,-5.741239178224952,-4.741239178224952,-5.6395864868153796,-5.008384943419077
29372,b'primer-cosmos-west',5.38581657409668,-17.996768557475626,8.09870742299025,MUV_proxy,93.85081376475871,5.0,9.637289080399919,0.6082745621313409,0.6422408969438905,0.033966334812549626,1.066383690347913,-6.09870742299025,-5.749137565131044,-4.749137565131044,-5.644266607773282,-5.015210575009105
29568,b'primer-cosmos-west',4.360320568084717,-17.5992457981102,7.939698319244079,MUV_proxy,94.09757458873746,5.0,9.375730376052552,0.6315476150144306,0.6529455953662324,0.02139798035180185,1.3857855600936027,-5.939698319244079,-5.65351744003317,-4.65351744003317,-5.567663176269897,-4.9259293477760595
30073,b'primer-cosmos-west',6.004137992858887,-17.97889680301398,8.091558721205592,MUV_proxy,87.42338542566257,5.0,9.69197252049148,0.5948803623501615,0.6328607520313673,0.03798038968120576,0.9284419045579554,-6.091558721205592,-5.751239916158907,-4.751239916158907,-5.649144274644901,-5.018238031318219
30145,b'primer-cosmos-west',5.6646294593811035,-18.653306715944915,8.361322686377965,MUV_proxy,149.96190821601851,3.3341800324370063,9.927785632316075,0.6064899013035995,0.6379653269518629,0.031475425648263444,1.000236807929655,-6.3613226863779655,-6.057481780930359,-5.05748178093036,-5.966329509296077,-5.32812768604958
31319,b'primer-cosmos-west',6.333873748779297,-20.343276521749207,9.037310608699682,MUV_proxy,130.8597623509306,3.820884212361129,10.670697983577613,0.6211480623920987,0.7591583520360754,0.13801028964397666,0.8665496545614795,-7.037310608699682,-5.88312217375038,-4.88312217375038,-5.536865643265588,-5.06873332591943
31661,b'primer-cosmos-west',4.46262264251709,-18.664583184144607,8.365833273657842,MUV_proxy,122.35028415048203,4.086627207052794,9.812095537909551,0.6338614209367397,0.6668379170659738,0.032976496129234145,1.3471644763329333,-6.365833273657842,-5.937090386423995,-4.937090386423995,-5.808467520253841,-5.195246093364592
32535,b'primer-cosmos-west',5.749178409576416,-20.23449898226678,8.993799592906711,MUV_proxy,81.89057825756488,5.0,10.568717433864354,0.6270700561929309,0.7919034647818219,0.16483340858889106,0.981514792181672,-6.993799592906711,-5.4324006314816105,-4.4324006314816105,-4.9639809430540796,-4.577290731003081
33230,b'primer-cosmos-west',4.752186298370361,-17.610550643974662,7.944220257589864,MUV_proxy,102.99714741537545,4.854503377492179,9.4194388874269,0.6215831061102165,0.6440905218259008,0.022507415715684265,1.246998833618438,-5.944220257589864,-5.673348654956799,-4.673348654956799,-5.592087174166879,-4.947291490357474
36162,b'primer-cosmos-west',6.410995006561279,-19.568531734170094,8.727412693668036,MUV_proxy,133.52391874334594,3.7446474362475755,10.368512194324165,0.6033724392045826,0.6826213601326161,0.07924892092803348,0.8530587085424749,-6.727412693668036,-6.074967440374751,-5.074967440374751,-5.879233864386765,-5.310752910709403
42656,b'primer-cosmos-west',5.685393333435059,-19.814370654938724,8.82574826197549,MUV_proxy,137.01309082108364,3.649286334638761,10.394287595318994,0.6199432533938726,0.6973801097528907,0.07743685635901809,0.9955843377326118,-6.825748261975489,-6.081706063599208,-5.081706063599208,-5.858493404086325,-5.308331839425562
43505,b'primer-cosmos-west',4.675452709197998,-18.2588908483399,8.20355633933596,MUV_proxy,109.58652388039856,4.562604801167835,9.671101610255759,0.6262653207323229,0.6570952817585914,0.03082996102626856,1.272309518181456,-6.203556339335959,-5.824993875605439,-4.824993875605439,-5.711425136486282,-5.088167624896368
44446,b'primer-cosmos-west',7.13146448135376,-19.331198491900594,8.632479396760237,MUV_proxy,108.95758931533,4.588941469262587,10.345625844895613,0.5881137742438769,0.6923656203683515,0.10425184612447458,0.7421986937499522,-6.632479396760237,-5.885728526280573,-4.885728526280573,-5.6617032651366745,-5.112083434896588
46914,b'primer-cosmos-west',5.654763221740723,-17.61938173389842,7.947752693559368,MUV_proxy,113.61711005427549,4.400745625030837,9.51322901573344,0.6005591045799495,0.6244322712288971,0.023873166648947564,1.0024601656605607,-5.947752693559368,-5.71678621576532,-4.71678621576532,-5.647496272427106,-4.994719563649896
47165,b'primer-cosmos-west',5.2337646484375,-19.56849778809148,8.727399115236592,MUV_proxy,103.36663149948336,4.83715095236028,10.250775580080342,0.6248912804681223,0.7131183710029297,0.08822709053480748,1.10558267658901,-6.727399115236592,-5.786019086928213,-4.786019086928213,-5.503605078435699,-4.992911079761356
50300,b'primer-cosmos-west',5.696131706237793,-16.937448374384132,7.674979349753652,MUV_proxy,150.08269342514518,3.3314967141723013,9.24459252037743,0.5972842563189111,0.6079801796785566,0.01069592335964542,0.993192322257005,-5.674979349753652,-5.572455847484914,-4.572455847484914,-5.541698796804293,-4.863233492922022
50560,b'primer-cosmos-west',5.145898818969727,-17.434969123823286,7.8739876495293135,MUV_proxy,90.27714609838806,5.0,9.388577531426286,0.6114450560586057,0.6341048765285415,0.022659820469935865,1.1293389472316293,-5.8739876495293135,-5.627012891831123,-4.627012891831123,-5.552920464521667,-4.903345411725286
51657,b'primer-cosmos-west',4.794125556945801,-18.177887340483117,8.171154936193247,MUV_proxy,80.07213167615052,5.0,9.650567491887827,0.6229609408860429,0.6567531387702628,0.03379219788421983,1.233516137837907,-6.171154936193247,-5.768870646147782,-4.768870646147782,-5.648185359134143,-5.029672212807217
53626,b'primer-cosmos-west',5.655242443084717,-19.186536846909597,8.574614738763838,MUV_proxy,104.23609330794173,4.79680295118951,10.14013898307231,0.6117893408269002,0.685620420024536,0.07383107919763587,1.0023519834418297,-6.574614738763838,-5.860395954372605,-4.860395954372605,-5.646130319055236,-5.0900040715974635
54067,b'primer-cosmos-west',5.656432628631592,-16.420082718361684,7.468033087344673,MUV_proxy,129.6591627943341,3.8562642949739088,9.03367635020783,0.5969443009495948,0.6063801889044907,0.009435887954895916,1.0020833879001738,-5.468033087344673,-5.376777716264785,-4.376777716264785,-5.349401104940819,-4.668682174820778
55716,b'primer-cosmos-west',4.438319206237793,-19.52827176095274,8.711308704381096,MUV_proxy,100.42275056217166,4.978951454734855,10.155140625004876,0.6417569363448516,0.7167012502222402,0.07494431387738854,1.356176458313602,-6.711308704381096,-5.730404295156415,-4.730404295156415,-5.436132972389011,-4.933343849897928
1498,b'gds',4.663384437561035,-17.049821320811702,7.71992852832468,MUV_proxy,72.06188418034793,5.0,9.186266972080784,0.6221611421322405,0.6382980347871935,0.016136892654952995,1.27636785708035,-5.71992852832468,-5.521150871752641,-4.521150871752641,-5.46151757478103,-4.802303101759419
2981,b'gds',4.812244892120361,-17.119080989513087,7.747632395805234,MUV_proxy,114.38734607843122,4.371112864679702,9.228856885017269,0.6185889192574183,0.6331960658097537,0.014607146552335415,1.227765776510751,-5.747632395805234,-5.574550075957167,-4.574550075957167,-5.522625380002746,-4.858271839636341
3099,b'gds',5.458367824554443,-17.658893012927248,7.963557205170899,MUV_proxy,72.9155545516948,5.0,9.509393987626343,0.6050887409658735,0.6328789998346622,0.02779025886878872,1.0484861027263923,-5.963557205170899,-5.682349595864977,-4.682349595864977,-5.597987313073201,-4.955258830598367
5434,b'gds',4.107268333435059,-18.946371215886643,8.478548486354656,MUV_proxy,136.0695016042382,3.6745927199341364,9.889275319698163,0.6447788841325325,0.6763733577816496,0.03159447364911716,1.4896336505663912,-6.478548486354656,-6.024332519721155,-5.024332519721155,-5.888067729731105,-5.2799409187217865
14381,b'gds',5.4444098472595215,-17.44868786957614,7.879475147830456,MUV_proxy,88.22444685490777,5.0,9.423916132556407,0.6045832228378104,0.6288413788220905,0.02425815598428005,1.0518904503925417,-5.879475147830456,-5.633211621369254,-4.633211621369254,-5.559332563430893,-4.9096152643871145
14605,b'gds',6.928058624267578,-19.97840232877564,8.891360931510256,MUV_proxy,128.9742241066029,3.8767436165130786,10.584166793937014,0.6039288442530428,0.7275885429454165,0.1236596986923737,0.7709606910217479,-6.891360931510256,-5.971266893190845,-4.971266893190845,-5.695238681695022,-5.180287485022885
16053,b'gds',6.901800632476807,-18.191378539819407,8.176551415927761,MUV_proxy,86.51278858910993,5.0,9.866731479175442,0.578904083749091,0.6308701541288891,0.05196607037979817,0.7748085792042544,-6.1765514159277615,-5.787966359164984,-4.787966359164984,-5.671390842136151,-5.050137849152688
18537,b'gds',4.277338027954102,-19.249148090335602,8.59965923613424,MUV_proxy,154.45247659225817,3.2372417136434715,10.02739303892965,0.6428776782094215,0.676029755252744,0.03315207704332246,1.4184822362064573,-6.59965923613424,-6.14581539945999,-5.14581539945999,-6.009662248457716,-5.401461011456547
22388,b'gds',7.181869983673096,-21.46969717312723,9.487878869250892,MUV_proxy,51.617490766362046,5.0,11.206065867618202,0.6655084912349685,1.3182945806412625,0.652786089406294,0.7353462000469456,-7.487878869250892,-2.855174988836299,-1.855174988836299,-1.4653638247119214,-1.692934596458821
23636,b'gds',7.132840633392334,-18.779453627405857,8.411781450962343,MUV_proxy,89.84060419451028,5.0,10.125065514301577,0.5804562662120298,0.6608129167946961,0.08035665058266628,0.7420102019096889,-6.4117814509623425,-5.836336875838208,-4.836336875838208,-5.663703503300969,-5.079822413989777
23868,b'gds',8.927632331848145,-16.9465346152692,7.678613846107679,MUV_proxy,90.87535500375513,5.0,9.571377079292494,0.5371512026729112,0.5710692022324857,0.03391799955957453,0.549985636811291,-5.678613846107679,-5.498580325002336,-4.498580325002336,-5.4445702686707325,-4.781606968555782
29303,b'gds',5.98597526550293,-18.787360303492225,8.41494412139689,MUV_proxy,130.32232675744794,3.8366411377122294,10.013541647947182,0.601181368189788,0.6459396324572276,0.044758264267439674,0.932063501418489,-6.414944121396889,-6.012328579630805,-5.012328579630805,-5.891543917100979,-5.273097021118177
32147,b'gds',4.603240966796875,-19.883185083381356,8.853274033352541,MUV_proxy,104.21841686410552,4.797616535011941,10.31359813003223,0.642452869122006,0.7363913725641278,0.09393850344212173,1.296917155812134,-6.853274033352541,-5.677489698354533,-4.677489698354533,-5.324754397855131,-4.860941260518713
32402,b'gds',4.942437648773193,-17.55627291774137,7.922509167096548,MUV_proxy,111.45010928298252,4.4863123348802825,9.416752931973868,0.6167302549543489,0.6371447491593755,0.020414494205026612,1.1877238315255796,-5.922509167096548,-5.688503760162833,-4.688503760162833,-5.618302138082719,-4.966133215133443
35367,b'gds',5.489471912384033,-17.944753498605117,8.077901399442046,MUV_proxy,63.37424282665511,5.0,9.62684859068045,0.6057032343180712,0.6392499862259211,0.03354675190784995,1.0409653083117558,-6.077901399442046,-5.740879182795535,-4.740879182795535,-5.639772517801582,-5.008206956794865
37563,b'gds',5.713144302368164,-18.666576660057665,8.366630664023065,MUV_proxy,144.5669394743945,3.4586054171020155,9.93794509425988,0.6055960647316385,0.6394065081088912,0.0338104433772527,0.9894221907806818,-6.366630664023065,-6.043778047830242,-5.043778047830242,-5.946922262972394,-5.31252278187494
39509,b'gds',4.2876787185668945,-17.16212068916509,7.764848275666035,MUV_proxy,107.79712363249557,4.638342686253963,9.193616147522723,0.63224709867176,0.6468023941088195,0.014555295437059468,1.4143383707725494,-5.764848275666035,-5.566171937712951,-4.566171937712951,-5.506569036327026,-4.8473342995816235
41129,b'gds',7.1333513259887695,-16.800949680769378,7.62037987230775,MUV_proxy,68.40762320978455,5.0,9.333715004906628,0.5673647545770526,0.5896227145693461,0.02225795999229352,0.741940272477664,-5.62037987230775,-5.4610027062624535,-4.4610027062624535,-5.413189556448864,-4.746094985321904
44531,b'gds',7.124074459075928,-17.667782455855026,7.96711298234201,MUV_proxy,98.9594943584412,5.0,9.679520428249601,0.5713827303484854,0.6099957486033216,0.03861301825483621,0.7432122693946389,-5.96711298234201,-5.690152109947178,-4.690152109947178,-5.607063848228728,-4.963486018371676
45202,b'gds',7.131255626678467,-17.686303160663435,7.974521264265373,MUV_proxy,89.27772862245315,5.0,9.68764682693322,0.5713587269439739,0.6104888836925886,0.03913015674861464,0.7422273075759379,-5.974521264265373,-5.694223061105053,-4.694223061105053,-5.610133600156956,-4.967223236453002
