id_msa,ra,dec,z_spec,flag_zspec_qual,flag_emission_lines,log_Mstar,log_Mstar_16,log_Mstar_84,dust2,dust2_16,dust2_84,mwa,met,sfr100,ssfr100,logfagn,UV,VJ,chi2,gamma_t,t_eff,log_Mh,ml_bias,log_Mstar_true,response_z
3231,3.611873799819376,-30.42733955706274,2.565506,3,1,10.209352815828288,9.934200373741279,10.470946050079636,1.4997861433277522,1.2232880162541198,1.8019030896509665,0.4806191710517768,-0.1095792618073772,45.72844384203738,3.188375181678756e-09,-0.6162343094280569,1.3916128247740822,1.5312022518473754,5.858410736904494,1.1556218554920712,2.9374368037249137,12.209352815828288,1.1065499496087312,10.165381793091598,1812724.559771837
3686,3.617202003263485,-30.42553381079773,9.318165,3,1,9.783516105210015,9.665953574895479,9.966722947193634,0.3714641126557011,0.1514743361081299,0.6724914906191954,0.07929439108736819,-1.7248238847448039,55.45496605599109,9.820503088033953e-09,-3.0268666554594756,0.015658561399156667,-0.3892812567676174,20.945638809966137,0.8323099261956239,0.4319731998277357,11.783516105210015,0.879426507433351,9.839316553343503,3083702.4603550844
4286,3.619201005497743,-30.4232703426477,5.836704,3,1,10.27088720228269,10.157086654887816,10.393410417816012,3.276976080911963,3.0754078379165306,3.481380950784005,0.01639262861090473,-0.224643348690581,207.1746765422683,1.119372837691811e-08,-3.162163792114698,1.3648387425197193,2.657950226897622,74.6015546743753,1.3132095492343203,1.264278197904188,12.27088720228269,1.210135001464637,10.188053379800419,2510120.7951809806
4546,3.59923294059471,-30.42250704788694,2.48573,2,0,8.146325506831822,7.8770468567382705,8.339790967900962,0.1777134037676944,0.09403305536037825,0.3266478584821008,0.4929294119855499,-1.0649054846509993,0.47192467255034154,3.7453921991631214e-09,-2.526005205670521,0.29594853650066355,-0.06369664423955612,29.193709990963765,0.70089269727012,1.842124328961222,10.146325506831822,0.7797512407940944,8.25436943232268,1792330.5409438293
4978,3.621933437092616,-30.42110500007863,2.647003,3,1,8.03167215367204,7.926507932189775,8.111258192375752,0.18213690971458574,0.14746730008391065,0.21266355966614992,0.1207394272386991,-1.676477524093825,0.9154522880765091,9.399419168978083e-09,-3.095633837437585,0.43733692925560064,-0.8809307996472207,36.63733084017022,0.6927069311359279,1.702905969957776,10.03167215367204,0.773365284543738,8.14328748046496,1833324.2934080157
6226,3.601032508695363,-30.41830491547581,0.779047,2,0,8.239280348585927,8.142419806211226,8.318967732098002,0.09557705465308994,0.03393118148235086,0.1956121995362342,2.4577474682963794,-1.4211009891197104,0.038879390943606575,2.1742229168363716e-10,-3.2335154401364385,0.8753076053873983,0.22862777251290822,38.055355585055466,0.7776342817035942,5.339793913153381,10.239280348585927,0.8385766755603059,8.315737569955925,1280456.8384760183
6291,3.6056030353963,-30.41812687686951,2.675929,3,1,9.82801386696137,9.78151008595993,9.87030835037185,0.1060807262582314,0.09274868421317535,0.12228278002124732,0.324523503130487,0.16953230423403265,40.21846602602844,6.007394375757157e-09,-1.403028098262642,0.2592069403054964,0.4216861079355496,95.22044129727695,0.9140145580407851,2.220843543859746,11.82801386696137,0.9390034310180683,9.85534668782679,1840580.3884644648
6645,3.627104103364937,-30.41582045629366,3.053197,3,1,8.071945554047037,7.812226474398592,8.25216507781476,0.12685975872116112,0.08485589499024383,0.21445420039512503,0.22299977452224673,-1.3644391056461016,0.7955235744824332,7.123644463575959e-09,-2.1452991372934003,0.35131759057155776,-0.7844503004121144,17.73965898451995,0.679913130291801,1.4292495659471451,10.071945554047037,0.763338908833096,8.189228154287155,1932725.111131948
6948,3.613830543328084,-30.41516712561463,3.404849,3,1,8.765773502840394,8.609416667123662,8.840270877192967,0.28185029058716926,0.1318968361648455,0.4128608766543013,0.14353150466449163,-1.7201138797974243,3.8947789701458304,7.122962445866927e-09,-1.9663855794807645,0.1989512552053938,-0.31448814367439226,32.11568630046907,0.6974113836464096,1.2954091828622014,10.765773502840394,0.7770381153403748,8.875331180466755,2014822.2845700313
7309,3.611317802661625,-30.41455737328158,6.346668,3,0,8.776426188070499,8.627072919083162,8.872974718023935,0.08681992808541125,0.009974929822140736,0.4047869678394013,0.15088793275642773,-1.6336059178287765,4.233472006777476,7.3217108367186985e-09,-2.761830860175223,0.050777267353375066,-0.45541930506115946,43.28600066212637,0.6287279316130708,0.5434014389523816,10.776426188070499,0.722643213033205,8.917502259871528,2602054.8089538775
7487,3.605599501480133,-30.41347657793688,2.620839,3,1,8.033509128584106,7.939246270679615,8.139803134532366,0.5284418216327272,0.22086809936775453,0.7134622229691734,0.19316200309396955,-1.676632851754475,0.8232358677423784,7.303724628300489e-09,-0.960422873170371,0.18291608005711169,-0.11313265325570754,24.756205561180842,0.6936581635783272,1.7235007091591725,10.033509128584106,0.7741085268480965,8.14470727732342,1826736.221352169
7887,3.61262811872089,-30.41230841868884,2.747564,3,1,9.10867093713743,8.933390112116907,9.233647220762311,0.4207027677647037,0.25607537750931925,0.533322927759553,0.4706320248371737,-1.3996918923634447,4.003719810533033,3.0836317751494142e-09,-2.3395421097171605,0.41524450344643427,-0.03134388200839666,39.89205295785738,0.7470312780384638,1.7639854845069214,11.10867093713743,0.8153369984044875,9.19733378692878,1858428.0944927623
8936,3.604124454272525,-30.40954777649949,6.645962,2,0,8.028355984975523,7.771562368550064,8.199608025561377,0.08073638363816324,0.025579292329869607,0.18244595549093234,0.15905653876002193,-1.15677946757552,0.5631074842350676,6.059605519633083e-09,-2.1665745280293818,0.19950276194050787,-0.22271299722522286,35.213753043123525,0.5875794549276363,0.4783099419264708,10.028355984975523,0.6892021465536817,8.19000936356609,2654527.939050557
8943,3.614087403729256,-30.41044795973289,6.325826,3,1,8.832788558634045,8.72915541270414,8.915175959634292,0.2082128020689452,0.11991776321797132,0.39141519137804803,0.05694849026009054,-1.731162609280981,7.077564217823126,1.1280503870263872e-08,-2.7215716639145597,0.2977552155229084,-0.7468170021812028,57.59878719797237,0.6339143109569332,0.5502235997727211,10.832788558634045,0.7268108290598351,8.971367169213934,2598361.2607949646
9457,3.57822017674908,-30.40850853208303,2.850896,3,1,8.277885069259648,8.12344860485041,8.408101319214602,0.2344436078015437,0.14678807338248254,0.28287344538996395,0.4785931363001072,-1.261500458034669,0.6530581169740469,3.377208709488443e-09,-4.11766243534131,0.4581674301305547,-0.3994598856473388,59.76055007720747,0.6918433389467297,1.5691332915207112,10.277885069259648,0.7726902544467561,8.389879634517774,1883875.1958662232
10137,3.61857835646692,-30.40716794511019,4.503619,3,1,8.143016844467722,7.807970769136213,8.358731127862288,0.26633862223556143,0.15295068293277317,0.40608134556828707,0.1686783057498057,-1.1827848850199443,0.7851832066188302,6.966342137792618e-09,-2.207057766047966,0.4611320282946352,-0.5039441193270591,29.74147294998109,0.6397258855329927,0.8522338343854721,10.143016844467722,0.7314686996090978,8.278821097571518,2252140.1533652386
10646,3.636959983509949,-30.40636155877451,8.51059,3,1,9.61964852134041,9.43959438359435,9.768443388641222,0.7187847280298342,0.531310966242044,0.9061007668645296,0.03737388393519029,-1.7772772489932507,42.4807703623179,1.0581030419443627e-08,-3.0367782809689623,0.6060840359084523,-0.28534684295531676,11.303146276246244,0.7590826328240307,0.44528892280452625,11.61964852134041,0.8245221720755065,9.70344618266906,2960567.4699286963
11045,3.612434169529675,-30.40554575330742,6.331689,3,1,8.530848029976607,8.376811582357753,8.73802453869439,0.5944203943818586,0.48215581308589256,0.752402775804614,0.08709472424304648,-1.2409304068625282,3.0222212423015113,9.290254628880496e-09,-2.2474362300470365,0.6230278024709435,-0.24963263039202133,49.91418401960819,0.6127155738173451,0.5311857972692201,10.530848029976607,0.7097105210882234,8.679766786510873,2599400.812187301
11254,3.5804459401238,-30.40502288450324,6.87195,3,1,8.218157103606417,8.01155534147053,8.331328986669249,0.02583317458755474,0.007073157627824252,0.05954472860734064,0.13957804673361787,-1.4167251475789713,1.047029701201243,7.276817004662129e-09,-1.6901400437266936,0.15687667710970032,-0.6492843710126657,54.79675576916885,0.5884599123433348,0.4585408267434256,10.218157103606417,0.6899248978050618,8.37935528568658,2693471.5740100173
11432,3.607424724685428,-30.40646592839755,3.204713,3,1,9.283944279212895,9.139012641837592,9.460281489582973,0.1396528434377843,0.08742003043096869,0.31323544729534447,0.35534629483412694,-0.8298413895032174,6.2441436927090335,3.2636120845723238e-09,-1.8226673672566847,0.48576333538554195,0.08198786445791484,54.37618423700352,0.7585421479557363,1.5098960341613539,11.283944279212895,0.824111172608006,9.367958477232463,1968518.0976562037
12065,3.570058411157738,-30.40368850435579,5.544374,3,1,9.21723377091865,9.036612204772451,9.297764371120183,0.5544245648651752,0.3900582289106968,0.7096345325325643,0.20279797530625887,-1.4872660217767404,6.4858436736492,4.357199383336181e-09,-1.44420505888229,0.44497263064351955,0.00010128521092411802,56.71183015203531,0.6966024734004621,0.7160425659799042,11.21723377091865,0.7764071183942791,9.327144262407911,2455869.5157520073
12697,3.567413350746695,-30.40256286847841,2.549042,2,0,9.153452268970415,9.093714779056864,9.222371396410214,0.38810155393889767,0.2562702948395631,0.6540948882413175,0.8753750711439156,-0.7507456221289857,0.04735600360979955,3.000184362977863e-11,-1.027633317262977,1.242121034355229,0.5503564859570815,39.59138032366002,0.7581139135574271,1.9402480765500394,11.153452268970415,0.8237854690829871,9.237638141889873,1808534.5192171477
13123,3.579828558636116,-30.40156942018814,7.039813,3,1,10.326235523322412,10.259080854545934,10.385154545926572,2.8808510920192267,2.7381164130584845,3.018126465597115,0.3315371155561649,-0.4235518136161389,18.20126284333734,8.78004245947358e-10,-3.129851429123316,1.7392659291440893,1.9824443274428702,298.36811383752183,1.4513524626311214,1.0956749617336057,12.326235523322412,1.2978993828201533,10.21299449740639,2722038.1446261914
14087,3.640464141784403,-30.39925814103492,2.72589,3,1,8.9175417166465,8.799603437165677,9.074794838847767,0.17570228482647654,0.050396517333877754,0.40499218604138926,0.544687393238269,-0.7937643432808932,1.3069396963529492,1.4731104392954925e-09,-2.133822340085239,0.639722911450388,0.16701935124979883,1.077694628722766,0.7290202919497272,1.736305202792053,10.9175417166465,0.8015262162957492,9.01362398483297,1853046.2012588892
14397,3.57730915306663,-30.40158450809923,2.590551,3,1,9.20477166838963,9.120792588020102,9.309931944765568,0.3569581011014409,0.23681861533814183,0.49660368906672453,0.45775220643430287,-0.7404540887964517,4.49952832169269,2.7565417858564774e-09,-1.7762686657875295,0.7172280882671735,0.3189930534006642,44.29424147976793,0.7633965896732038,1.9204809231673097,11.20477166838963,0.8277994830307885,9.286846517546135,1819079.9327132383
14398,3.57790171128664,-30.40099235018795,1.297464,3,1,9.617975947572992,9.565543285517006,9.69678554184703,0.3063180796220092,0.11855586747233753,0.5039622412531441,1.7573561472230732,-0.6224458502615808,0.6092549200567494,1.363771556070402e-10,-0.6377035799334938,1.12563755791086,0.5639996359942892,14.568033358019525,0.8729154823532339,4.204399303861257,11.617975947572992,0.9092441959271411,9.659295410114442,1455109.2132207807
14411,3.576619032908668,-30.40180125373854,3.985362,3,1,8.366689805757964,8.316574774067112,8.40929547876318,0.12184662048709163,0.11148325078557508,0.14621159610289922,0.5231635507866019,-1.2794642476122693,0.969593747876327,4.185544934034825e-09,-2.7978986081931247,0.3103845933107543,-0.5008995729256114,185.60187311719753,0.6606865569310924,1.0203363310611568,10.366689805757964,0.7481640380823332,8.492692976578684,2143480.7251757598
14573,3.565413500879167,-30.39832137593697,1.690981,3,1,8.472828515188885,8.379697867488293,8.626152597762932,0.0596376288098511,0.03502386927967133,0.10638774936666429,0.7086706192594874,-0.47930341346056526,0.8218635487270883,2.6838887331781125e-09,-2.628204120407858,0.439680692401641,-0.009042426537838821,14.85026119976062,0.7410165747317333,2.8445358484651404,10.472828515188885,0.8107361635996759,8.563948969652184,1574804.143250836
14880,3.586331525730275,-30.40154576412095,1.82895,3,1,8.491315535624254,8.455811692142902,8.546015646800965,0.07850983383525803,0.03444216489997304,0.11825821103811629,0.25812916217697457,0.1537058218248719,1.1388581007599627,3.620638435784449e-09,-4.0609495522497,0.6113817469188589,0.23447189465264628,153.5331420981235,0.7361057322267325,2.6278048146949855,10.491315535624254,0.8069713938533337,8.584457395836314,1614670.3440640755
15383,3.583534552387626,-30.39667857268421,7.042226,3,1,10.110755209477874,10.0738285834405,10.157656624258442,3.0418275088561773,2.9481526344898072,3.1340724485002585,0.24688617007287525,-0.34300987094439495,41.962246247448434,3.237172669807406e-09,-2.9462097601766146,1.5520628707502873,2.0230679463868775,479.8014753507046,1.1120612341418474,0.8391545343112697,12.110755209477874,1.0771844892237517,10.078465118259599,2722446.5984845324
15989,3.571727083234977,-30.395616262396,3.696915,3,1,8.574892568165827,8.32307058912195,8.692877286852022,0.43372422236668806,0.2766322383152749,0.5993183978646075,0.34010060548803733,-1.205546182638669,1.2340518806736864,3.638592005924525e-09,-2.259480240032764,0.4068247089158419,0.03131962781771236,34.49871720160173,0.6778259894956837,1.1441663972982294,10.574892568165827,0.7616978885344682,8.693109816457305,2080547.251085637
16388,3.568819256249635,-30.39552577240471,2.437367,3,1,9.712690180846943,9.656296005348093,10.06051083943428,0.8388342156527383,0.550074277565161,1.068111772084183,0.3808744360287597,-0.6272567592404221,21.481790159908194,3.952796182126645e-09,0.1138456188611352,0.9651046195283861,0.8611837879696971,21.251744452220525,0.8749145440753042,2.347398243037176,11.712690180846943,0.9107012763404241,9.753314235610492,1779853.2038345183
16594,3.597202696492125,-30.39432868826726,7.041422,3,1,9.38339781479208,9.260276374951836,9.5334582633489,2.201087322187366,1.9883280557950644,2.4206858672090275,0.15298523972730643,-0.3048633781120362,15.747323936190808,6.508229643653194e-09,-2.3529405339608513,1.3218996617976906,1.7482326544278521,88.71594084522542,0.7042021270972662,0.5314663138590207,11.38339781479208,0.782326664458268,9.490009682002608,2722310.510430432
16863,3.631389794646223,-30.39381459579425,5.133747,3,1,8.330450212006063,8.289952757286585,8.37968032531021,0.2323221767437888,0.18462797746069592,0.2960572891536791,0.01845091530193442,-1.8200005136619435,2.2808441205821692,1.0836448647983372e-08,-2.1885289064520794,0.5830055943435504,-1.0290753314349246,30.39920311768786,0.6300546631924556,0.7136573374221681,10.330450212006063,0.7237103125366003,8.470885450840795,2377574.653969881
16987,3.632659348567927,-30.39363622622898,3.970784,3,1,9.972656329703497,9.822067265907146,10.131450553698526,1.0648884377517522,0.87103890828423,1.2841534713642389,0.3631118283524733,-0.4755120622639336,38.4593248439124,4.151658423867055e-09,-1.6089642610517223,1.1277982952132461,1.0818581512792385,11.225357202372626,0.9816488136733397,1.522659629515961,11.972656329703497,0.9871185249410753,9.978287027451868,2140344.4896558127
17089,3.626803309604352,-30.3932550693055,1.327061,3,1,8.33742435607573,8.246156826468473,8.444648251028125,0.06860513543717867,0.03475306366665826,0.2012702242261234,0.7554493996295423,-0.2729220295280492,0.29350250662542865,1.399865019449918e-09,-2.940244581838912,0.6684330498524425,0.18488498938355136,11.134578745503427,0.7525569838863428,3.559332749783467,10.33742435607573,0.8195539981473885,8.423846782763643,1464451.9171348712
17201,3.562335390813489,-30.39300588012083,4.281478,3,1,8.116536769030231,7.95336269893917,8.213165252300051,0.046262111414221097,0.020215093038872277,0.08865718916391868,0.15644152487460292,-1.6834561886521024,0.9485763625518141,7.686083788442292e-09,-2.316237070020733,-0.08250022208391883,-0.5424596509997457,86.1701805607392,0.64488912397422,0.9136923214097231,10.116536769030231,0.7355963012707157,8.249897232180555,2206220.778797988
17378,3.556863231734695,-30.39258019997243,2.210754,3,1,8.231445731798212,8.157067250161884,8.277881950776012,0.12755627749505205,0.04772203111544433,0.23722975886366082,0.6838987092830882,-1.720037830693105,0.02673801137235049,1.5514776305307972e-10,-1.9521612404580986,0.6507792615496903,-0.10202681966451621,22.28046585513608,0.7130831274895143,2.1152837715014043,10.231445731798212,0.7892200545529449,8.33424761939568,1720183.3874328632
18023,3.566944483899502,-30.39134311591738,2.403845,3,1,8.150164312744796,8.020214942120342,8.294456731796737,0.20051553706749414,0.07599467806128467,0.3513479710587937,0.5017934500401454,-1.0121625564643522,0.3638987531512045,2.490922341123857e-09,-1.0736269581635276,0.534027517294593,-0.019483369012036178,23.83622680687636,0.703932241764249,1.9161454947910286,10.150164312744796,0.7821167738077681,8.256892712582369,1771153.1701126248
18045,3.588865982784674,-30.39179887128784,1.346455,3,1,9.509456868633379,9.339904025192373,9.5655168846557,0.1725964268706001,0.0831439278649588,0.359293789624863,1.4103816451290023,-0.0116489470228327,3.0897200419520656,9.394510113377734e-10,-1.534897437297511,0.7354815673304458,0.48596754476191606,9.969067472089954,0.8489242875535196,3.967950184120612,11.509456868633379,0.8916784508323452,9.559248597447034,1470541.7124311705
18113,3.563607128244524,-30.39234196139302,5.150331,3,1,8.53998687896706,8.471954582359375,8.605404248667055,0.06621250925530128,0.02558575065991614,0.1683613871735289,0.19221445461894135,-1.7059668461778528,1.6524458269425282,4.884717152244864e-09,-1.7144648563007594,0.1415069615074529,-0.42702073777577,83.54850195954761,0.638959373819023,0.7208230947665244,10.53998687896706,0.7308550835071248,8.676155606896215,2380786.645123834
18407,3.562749052812184,-30.39094895761764,3.978884,3,1,10.221677077905015,10.14494010682452,10.283703773968076,0.8078163059862756,0.6701506761841445,0.9516922438631172,0.7863218053417917,-0.3339597961287475,1.8241509628202235,1.0394911806047925e-10,-2.1543076073256535,1.7375075297630218,1.031698695746929,50.358919472106244,1.2005690190875402,1.8577108113240055,12.221677077905015,1.1365040625106713,10.16610608542624,2142087.6486269184
18471,3.586734331113893,-30.39077691529309,2.211075,3,1,9.638871017560149,9.538257749885215,9.694604943684656,0.19005865779435305,0.14180083938437674,0.2906717797311275,0.7207438328329766,-0.1092504750991472,9.71970739533656,2.147964667770176e-09,0.16740111104540212,0.6854199519024391,0.5235911674981644,22.896003673142484,0.8571715046409796,2.5423328467786632,11.638871017560149,0.897733450187596,9.685723609953577,1720269.3742550903
19007,3.555707505530983,-30.39034508071001,3.203452,3,1,8.375036431016406,8.113133631544747,8.54175003093386,0.12371045470951555,0.07836748175845532,0.2227766589061719,0.38305289002161896,-1.0035178590878444,0.7820970532223575,3.5090374390613757e-09,-2.505165062898043,0.3493491611357342,-0.06624013320546851,56.6276419836427,0.6837578426055924,1.3616432924799509,10.375036431016406,0.766357874908941,8.490604806550039,1968222.8946946023
19179,3.591432469439992,-30.38951036624599,1.368616,3,1,9.062057987354205,8.976958580334575,9.13562499744954,0.06548301023743039,0.022849400518865484,0.14122365973483647,0.7977532923959711,-0.31444852731559136,2.1131290463652697,1.8158778064243864e-09,-2.299395170176761,0.553283513435634,0.2125053190790851,21.839133389209625,0.788730340630252,3.637524619715653,11.062057987354205,0.8469348099544938,9.13420800413874,1477469.629332529
19283,3.640955656367929,-30.38892009874826,1.282122,3,1,8.052326193852673,7.884476822709868,8.191117940960261,0.04877885546301142,0.015905035200581685,0.09514104148681735,1.039464203516156,-0.7112774375441901,0.26231478819458964,2.297537566634208e-09,-2.27011599487121,0.47282442207960074,-0.24830874765444833,8.397681926839544,0.7482997227954126,3.6386293872381668,10.052326193852673,0.8163058503497174,8.140473284814364,1450242.6125307449
19365,3.587123978554278,-30.38876510218637,4.299465,3,1,8.207470216657038,8.099469910407333,8.29762846546618,0.2298958772160883,0.1693460162922931,0.3197820323419224,0.10901553806557611,-1.5260492631435971,1.3397417162902083,8.660089771591417e-09,-2.2769114977342366,0.3347471103036064,-0.80352094844881,35.65034006170184,0.6469057725663183,0.9119040172238131,10.207470216657038,0.7372057578541334,8.339881498093572,2209974.4215714354
19436,3.561881502034278,-30.38875517366881,4.311137,3,1,9.410623678528077,9.330524810201203,9.49107045521157,0.14588856727385807,0.1299996108861056,0.1759312434228917,0.20028697710953902,-0.3283131805175016,15.647850083558893,6.012470252627082e-09,-2.169313245134028,0.5569993913698319,0.17315132742441008,93.09248358040769,0.757835282671153,1.0647676033776334,11.410623678528077,0.8235735203123401,9.49492130387386,2212406.802376091
19563,3.573781468658007,-30.38836689329941,4.161504,2,0,8.296549541351451,8.099611566941935,8.44956620322089,0.3495121542364813,0.17146450401886035,0.552505942387175,0.3016031569950204,-1.3191941464797567,0.7005667411646515,3.464609131082988e-09,-2.601575397292407,0.41017002192838703,-0.034291260770512366,34.88080981015498,0.6534078467505593,0.958099764986086,10.296549541351451,0.7423847497491111,8.425920499433527,2181018.5891917567
19896,3.580023807484358,-30.38780642480901,2.32512,3,1,8.87052037158782,8.804862143426211,9.093210599827161,0.12729085636753104,0.11276183119458005,0.2721735371645851,0.3425038619623684,-0.32550425190944254,3.4111655716975284,4.495741218017876e-09,-0.7590241817376242,0.47453140617275125,0.20865280817195142,20.581533502441903,0.7382712736850624,2.080111474808208,10.87052037158782,0.8086324757206058,8.962769192414758,1750551.5108102362
19981,3.576805522493503,-30.38798120823639,1.359161,3,1,8.116446726380651,8.048757305015577,8.188703850285872,0.009689124225882306,0.0013467237082568568,0.2523679518743385,0.8808921923254536,-1.6697635405876647,0.6909981348677121,5.669260091027115e-09,-0.8779912190979609,0.12477164628115744,-0.46631646165220175,57.322109957677014,0.7458803241163889,3.459583771259274,10.116446726380651,0.8144574600864104,8.205578320771364,1474517.8118964857
20129,3.5642139013699,-30.38725451483703,3.736875,2,0,8.367447678106828,8.258562374125132,8.4395469375062,0.1237705377409927,0.0479402507584931,0.25088965814441044,0.4109292909142559,-1.5707311391951257,0.35298477413971574,1.498921581184296e-09,-3.0851189435297512,0.48542098977403825,-0.1936302050301535,33.44540055833174,0.6676624338580563,1.1128607445904726,10.367447678106828,0.7536849773539793,8.490257819219927,2089378.8550667395
20466,3.640408392504773,-30.38643760620369,8.503934,3,1,9.333338092864894,9.20078817982946,9.49703156109981,1.3809587862264605,1.127181349469548,1.628250179551349,0.06309068639248847,-0.21247365112481686,20.565535776738145,9.692463958363042e-09,-1.5362744917550581,1.2630627335639666,1.2335934074867438,73.76195262300376,0.6709010265694388,0.3939744315757843,11.333338092864894,0.7562422194703521,9.454677173380864,2959531.309920542
20513,3.568250327788409,-30.38662800438834,2.187949,3,1,9.004407036891621,8.834168012421515,9.128703831199807,0.21739876586667842,0.10655814163052196,0.4490052298526035,0.7195906367987103,-1.2748012149730288,1.1476915255389637,1.1168373168823235e-09,0.0549657148905629,0.6457801471082902,0.20207088786686356,73.8130796622697,0.7538377691022482,2.2597159453751954,11.004407036891621,0.8205301148107585,9.090312511885045,1714063.5339449935
20616,3.611991468606265,-30.38624136499828,3.244303,2,0,8.126532760607299,7.937077814886729,8.332874139856294,0.14839931111860527,0.0457431690650238,0.360484417469253,0.4345084436952677,-0.707592036259838,0.30801387170163536,2.3767618107633822e-09,-1.7752022351724959,0.4765022168723938,0.11660891557693276,12.123236144939444,0.6751003327236897,1.3252038722565567,10.126532760607299,0.7595525488034559,8.245974935185442,1977763.799041736
20879,3.585735235909187,-30.38577120682226,3.058875,3,1,8.452633514093481,8.341170455553415,8.57962391799695,0.13962165631624332,0.05189597740130344,0.2712789612427839,0.5494354213841607,-1.0219890515215746,0.5744395528919333,1.9918603668119677e-09,-2.0894721287373,0.5102703506704138,0.05882486853111857,20.62955119993632,0.6912145535539692,1.4499882840610503,10.452633514093481,0.7721986029327803,8.564904502533414,1934078.3851747066
21111,3.582498880226519,-30.38546129981444,3.056035,3,1,9.914310339397309,9.796264376453289,10.055065865208475,1.402057788005524,1.2786503341265405,1.5864625279645266,0.48116019321015835,-0.8038117370960173,27.424738550076334,3.360114030324708e-09,0.38551214483240415,1.4360749380531992,1.5996613561068713,39.959601456465805,0.9510701149098321,1.9971729330183314,11.914310339397309,0.9654922113406229,9.929561564736511,1933401.628219031
21129,3.631268994743258,-30.38519377538393,2.510315,3,1,8.168579633405269,7.8252902216054405,8.367819382636524,0.16393603388799977,0.11739990894206641,0.24473255654472015,0.5116564775761351,-1.119485340518235,0.4862001052227432,3.5277278607039565e-09,-0.23286987493593791,0.4462679680607664,-0.3532157766007131,36.39434937656989,0.7005517768193859,1.822221629061135,10.168579633405269,0.7794857268550895,8.2767714661637,1798640.1263176578
21834,3.602081181334115,-30.38428236177805,2.674826,3,1,10.128533453211393,10.068180138846554,10.183574813300552,0.4967861152294833,0.2926807773398679,0.602750801939961,0.3377584309432272,-1.2845341643003616,73.38562314699972,5.419659157075149e-09,0.043256269399033265,0.47762681327862566,0.28956384554762593,28.916148541673238,1.0881770480848645,2.64519247490302,12.128533453211393,1.0609372379961413,10.102843760166001,1840304.2252845045
21858,3.607154252134269,-30.38382430998405,3.059687,3,1,8.363288687534986,8.229221908712832,8.493978999567426,0.14784826224466383,0.08188401022902247,0.26033285251307653,0.41512849405906993,-0.7469749820718343,0.7321036525228053,3.1883173893683378e-09,-2.6217264745949307,0.489552951052854,-0.07401436274671624,24.941549477336487,0.6878429629019217,1.442486902351895,10.363288687534986,0.7695600407440681,8.477046178576563,1934271.8369453659
22028,3.62289825704358,-30.38362728727651,3.548083,3,1,8.315372860886812,8.208831237773964,8.617454546567034,0.10019034916643996,0.07301188345009921,0.221371399358166,0.20957768073207428,-0.5660841737825834,1.3723624231251979,6.57621693260465e-09,-2.61330036994758,0.257402333673987,-0.021844269612095957,41.24589190367895,0.6712980771660273,1.1888653317495657,10.315372860886812,0.756555481538459,8.4365320786367,2047318.5616312867
22084,3.632125845600926,-30.38344062308187,3.15165,3,1,8.759951600286472,8.604025930638578,8.907868901651213,0.24046941435443928,0.13241527025646985,0.3889370388819941,0.43023484671906725,-0.8883673363753514,1.7463856684214125,3.2189438415690357e-09,-2.089202373017603,0.4769601804714263,0.07892592543122845,44.637709292960174,0.7043922997268505,1.428834986224455,10.759951600286472,0.7824745478018319,8.866481380494813,1956057.422470005
22179,3.544622104763942,-30.38317938555394,3.486199,3,1,8.021850212430987,7.785280534814166,8.163710643818266,0.20315056612608606,0.10577942620060324,0.3610054797500132,0.42218858600969505,-1.3738834977882743,0.1920113729966736,2.00682883472163e-09,-2.4230105420141506,0.5347251890096132,-0.12569697978541683,19.775064212799563,0.6653003084569434,1.2025400695425268,10.021850212430987,0.7518174598804557,8.145737805070636,2033342.3219910613
22346,3.631025363033293,-30.3832451629288,2.489916,3,0,10.86859709580049,10.812746271598689,10.921688510249394,0.6144335745438505,0.38515829353574305,0.7622230876240088,1.4540304520079328,0.046804220565895206,1.6144738991562795,2.291967143338257e-11,0.22481777413360593,1.7891721866889263,1.1599599664097973,9.477288833488545,2.8713196434773396,7.533200387069006,12.86859709580049,2.092459589499645,10.547940016340345,1793406.4195268177
22431,3.550474759128371,-30.38289639506826,3.478579,3,1,8.952174259345291,8.837927431038574,9.123522861338339,0.13738389761463812,0.1112751859672855,0.18554677501843342,0.3760651763303706,-0.7247814735575735,3.5172772429641057,3.766918422280559e-09,-1.1542764877794267,0.470989914580322,0.10078460561588187,64.94345374327406,0.7102934279892381,1.287121045174601,10.952174259345291,0.7870574922447147,9.056167801887536,2031614.7288302477
22755,3.608297991531357,-30.38230370505374,1.610406,3,1,8.017488755949056,7.95372170918404,8.294501665196988,0.09479038018063365,0.059509101784226935,0.16535521713706108,1.1590320010996968,-0.3767869482541441,0.5282868349030833,4.3527508642249275e-09,-3.1243894674676778,0.42768125971747395,-0.23085000073112028,20.88810699739663,0.7327422490570727,2.939198023243475,10.017488755949056,0.8043885188432398,8.112022892729737,1551048.087455705
22876,3.636093316993662,-30.38190206911861,2.48364,2,0,8.94073708693817,8.874668915543833,9.098788320523685,0.11248506938591804,0.029967111285696457,0.41442307164865466,0.6277207659402995,-0.6113858421098908,0.6516117335632062,6.511781721294849e-10,-2.375484758461813,0.7848513873205967,0.2370301519942366,9.958180205202781,0.7385910359656119,1.9429245039049203,10.94073708693817,0.8088776259311303,9.03285426421695,1791793.1309166246
22991,3.55931330718414,-30.38194215345254,2.236867,3,1,8.561912327577481,8.459961747024723,8.65851977570495,0.290109070036863,0.15463826577985226,0.43610861146306384,0.6109382074006704,-1.3521639006070516,0.8616423600783099,2.263356438162578e-09,-3.188449991854692,0.6134473977328838,0.06421910743175374,51.33235832158312,0.7235248635510113,2.1208592298522024,10.561912327577481,0.7972920286193479,8.66029490556858,1727164.3312667154
23391,3.54610329245719,-30.38127277220031,3.472313,3,1,9.444089376157491,9.367420798588611,9.567440748745698,0.1763241640113491,0.1375852153308417,0.2660535536905359,0.4819678200065282,-1.3060362667588028,10.956551554494167,4.087361838240675e-09,-2.784709634532275,0.41937149431461407,-0.07071647843174844,25.335899674045628,0.7824425027905256,1.420822226863329,11.444089376157491,0.8422028437467266,9.518672672650274,2030193.0107258277
23608,3.542812607523306,-30.3806461406399,5.794448,3,1,8.578525014531047,8.526417425004349,8.640843879517242,0.6267272561221366,0.5373611306078121,0.726520107053946,0.027934708610451234,-1.7288376222959863,4.0493552076420976,1.0888230188677552e-08,-3.1211233215251024,0.674505393607177,-0.36197969235094263,30.652949043013287,0.6266472133665706,0.6089309698736926,10.578525014531047,0.720968315148184,8.720608835607278,2502351.5494030807
23775,3.599809027415764,-30.38037168083878,3.211445,3,1,8.360805764445283,8.206739269406963,8.48187267210006,0.11900487315571259,0.04533448785420152,0.2582541296911248,0.4388537239231924,-1.240084942855891,0.6111150408031074,2.644947783573308e-09,-2.7178466253065423,0.38333051427206044,-0.12334201939708578,10.727196229281393,0.6830054242838516,1.356308006889619,10.360805764445283,0.7657674584984585,8.476708857506521,1970093.325708201
23821,3.576107013272243,-30.38063598424679,3.788445,3,1,8.041472747784425,7.962660955967241,8.121690127028396,0.16488201083738943,0.1478007127850366,0.18745906198100937,0.13409616428607016,-0.2700744503336468,0.8942198256731199,8.246710486356567e-09,-2.2960881612236532,0.6128429635495749,-0.03767030347389522,34.50852874219634,0.6568027320341001,1.077219204064489,10.041472747784425,0.7450826755497828,8.169268282361076,2100721.5217634155
23889,3.574411737267303,-30.38014742822486,1.750486,2,0,8.127638317521816,8.001393369776306,8.285862949563363,0.3300877427833748,0.16478991727050094,0.5568912059741907,0.9910916596010605,-1.001350476303199,0.10481696159820181,7.582076008236602e-10,-2.500442254169756,0.8471939129055528,0.3119277921752399,17.21816883526432,0.7288759981184192,2.7105841511711035,10.127638317521816,0.8014151616286096,8.223780763116979,1592120.5662888724
23955,3.581272399256927,-30.38022783699074,3.475445,3,1,9.490188963297866,9.334304386324261,9.872515569478766,1.37330237155806,1.2709052197785038,1.7138179170949528,0.16807417485943607,-0.004094134819040217,25.11191631806152,8.642559111237173e-09,-1.4527211999734124,1.6601398078759217,1.9243828289144567,52.08852646345577,0.7928943621664599,1.4383009647586305,11.490188963297866,0.8500622512727127,9.560738232413824,2030903.7672917936
24219,3.615283501649778,-30.37967830415681,2.323126,3,1,8.009720240890372,7.637156130748717,8.166068553048655,0.11573948187110056,0.04646569649775306,0.31653291978599296,0.3543259743712918,-1.2417076939291145,0.40521858894017787,5.18283788171455e-09,-2.2901155085333604,0.20804457906178442,-0.25457054466809126,35.652631038921506,0.7039403704145203,1.9851351889963926,10.009720240890372,0.7821230958365594,8.116445130240491,1750026.5488271883
24278,3.5668205440534,-30.37977016206105,3.697385,3,1,8.865719033067279,8.742823454962961,8.97651946404811,0.16231437263574236,0.0753732279803215,0.36867399357666636,0.3654114357964566,-1.004603591824158,2.1973808733349416,3.145536582087783e-09,-2.2938388737048228,0.5049302680612477,-0.05165256762518666,11.815306347822462,0.6968172186518714,1.1760479876407448,10.865719033067279,0.7765746535776941,8.975535821452901,2080651.3441708586
24531,3.601342849372456,-30.37919855119247,7.89159,3,1,8.418715531706281,8.322147597362974,8.553928682094948,0.09898966933876555,0.07767769947512645,0.19360088283861748,0.0398676882199818,-1.5819506814317759,2.665705499817891,1.041192681260772e-08,-2.7741143710247087,0.43979323178387375,-1.11396837896174,30.962483225632763,0.5772694796935592,0.3746544516542255,10.418715531706281,0.6807145253278304,8.585750513873212,2862601.8486684454
24817,3.620128013592639,-30.37873014144503,5.662414,3,1,8.476910387321249,8.323706250406683,8.602652315002626,0.06592573538960325,0.022186695068995566,0.22734204248380793,0.16213903765992976,-1.34460274243431,1.6117972852593965,5.9346085700455335e-09,-1.7432224849221467,0.2132261430300595,-0.3058955797311569,15.557403528006537,0.6241856349126476,0.6246446287537166,10.476910387321249,0.7189846834182217,8.620190748646017,2477918.631109585
25147,3.610358196024509,-30.38018308729289,1.885811,3,1,9.689074722694684,9.619980111784766,9.732259801317152,0.3351785016714308,0.18354673124343285,0.5172709935013486,1.2619067682772438,-0.5368107339983936,2.698444888824292,5.554118773879271e-10,-0.533326185740191,0.8793384380537077,0.5117496709865605,18.271513313611045,0.8778290043962179,3.0442013709331723,11.689074722694684,0.9128237863673401,9.728687774289034,1630816.794615508
25774,3.543275736024467,-30.37783221070708,1.411879,3,1,9.340269187714107,9.223581431250722,9.440687902453737,0.7150768044095981,0.5155864760031377,0.9614725049792994,1.4349476956471559,-0.15500555732907745,1.3444509517068328,6.114697125456538e-10,-2.769731208745183,1.1787126967379429,0.8751064923244805,7.630208734598623,0.8188436462809887,3.6800230095912556,11.340269187714107,0.8694421455535087,9.401028499250947,1490901.6353871236
25931,3.57553242332735,-30.37865005795499,4.288877,3,1,8.386840338550996,8.360630299354177,8.414016469557687,0.10092228357269009,0.0943660734339222,0.10968436500337347,0.04648332041650596,-1.8576290554950767,2.765746057472093,1.1515506548870277e-08,-3.3317264591839395,0.10787013246230259,-0.8523182799455675,94.02516120946073,0.6533016499380453,0.9236767289952743,10.386840338550996,0.7423002870790589,8.516260710038152,2207765.622343097
26185,3.567070796096838,-30.3778606473943,10.060783,3,1,8.493028149963166,8.414779416616504,8.571298690183388,0.09559638568963877,0.03419888556168321,0.2228452946458909,0.1113998377279033,-1.666659096693067,2.380384051607396,7.952200600298025e-09,-1.8883574285917795,-0.0013482332490255544,-0.5602841893146433,52.307366973329,0.5457226714224316,0.2551395045265358,10.493028149963166,0.6544559153991129,8.67714775246634,3192744.5267042588
26720,3.620011148716018,-30.37621062157984,2.655035,3,1,8.905277763842326,8.83505772452768,8.998669064861783,0.4629488489922564,0.3796043084562092,0.5531047132999406,0.20229505399297912,-1.426818856898995,6.9395096253807385,8.50831859750534e-09,0.05020664459817681,0.2715645787214136,0.006126608677089251,26.35223415517582,0.7302254298134624,1.7893062777875575,10.905277763842326,0.8024534842709654,9.000857896734189,1835341.9997373787
26835,3.536318998368472,-30.37603687307785,3.341873,3,1,8.297831893612805,8.155486895585081,8.385072590252443,0.13905051219390982,0.045680981375319396,0.2711998445668499,0.44578024925669313,-1.4719394487296074,0.3611824342796728,1.8455338864728817e-09,-1.9167047813885292,0.4504835854320923,-0.11508711569963026,20.101008234862277,0.6768910457701411,1.2845368975258389,10.297831893612805,0.7609622949278257,8.416468755252831,2000367.5054349387
27011,3.605024959677146,-30.37596230798215,2.485132,3,1,9.025557568890891,8.866220393921253,9.192408767706548,0.5192483765335255,0.3490059943779987,0.6327646131276177,0.424424378797214,-1.2916969503124356,4.7191473673054904,4.243216163832563e-09,-3.1837675561371777,0.43461112487792875,0.05336527949511449,9.315295967108524,0.7462048582636625,1.961712977431516,11.025557568890891,0.8147055044452525,9.114556918319632,1792176.7912792533
27621,3.620596704402897,-30.37501027721055,1.079871,3,1,8.668983943755018,8.563203203117347,8.862646631389849,0.2773685390670234,0.15844303264065582,0.3704250282962488,1.271584608008946,-0.5361569551676144,0.83951884722269,1.8141958872423567e-09,-2.691179980586537,0.7115483081028486,0.21878492136709227,11.819608628316585,0.7759345696333296,4.299598495609199,10.668983943755018,0.8372932127783315,8.746106372987265,1384488.755317283
27679,3.562037083419579,-30.3750569147544,2.986469,3,1,8.835033550786509,8.759382847184733,8.958506615141332,0.23532294794562209,0.17093821251304253,0.2681227233188654,0.15628643711389212,-1.024898848081232,6.50901002547616,9.740153913469401e-09,-2.3869831519164837,0.3859345624524444,-0.5014243381621775,42.36996994575576,0.7146007083278535,1.539653542986641,10.835033550786509,0.7903954101835711,8.937189141142332,1916749.809025685
28110,3.620651311659063,-30.37426584617231,5.62603,3,1,9.325308420432512,9.225451180561484,9.42105340418068,0.22077840644096453,0.1365693757220731,0.29803746700502587,0.1705752048975553,-1.2977521141686972,13.33810907237825,6.38430636955984e-09,-1.171883017162775,0.336294666148671,-0.4466819147870531,15.954250460756734,0.714938935731116,0.7213606558186284,11.325308420432512,0.7906572628318195,9.427320155794524,2471143.3078637915
28284,3.623366642744465,-30.37478743255576,4.329758,3,1,9.45358015124647,9.30224728749333,9.55669290435633,0.3104504353627953,0.22576280676988614,0.39451480869114475,0.339477237209697,-1.1284062256381968,10.917184790681388,4.0458628973865316e-09,-2.6733489360602203,0.40258896898625096,-0.12399201961112283,53.40564783655771,0.7672784015446963,1.072410465932623,11.45358015124647,0.8307437474332083,9.534113069987233,2216281.790025808
28308,3.605812329200131,-30.37391080590589,6.363283,3,1,8.433081247080235,8.353845715025006,8.507114874193464,0.25976704527657635,0.19726380017691125,0.30013596608539805,0.06824151113747409,-1.5701135376065416,2.8454765258050547,1.0724564026392513e-08,-3.574268435488117,0.3492749307993428,-0.8820762758152512,37.12950644490057,0.6071848977882005,0.5230069029862141,10.433081247080235,0.705220085008364,8.584756574360373,2604995.5110901822
29020,3.58797522527903,-30.37305729819644,2.995249,3,1,8.17252527603443,7.8358221480459385,8.212724226261411,0.20133153570666484,0.06430037525634058,0.2351233506421093,1.0978925842376788,-1.3763145615169792,0.12881489472704127,8.644277879812892e-10,-2.2206454280746044,0.5118574192842615,-0.16007365067776647,20.905274856837675,0.6841852420109948,1.4693148771591193,10.17252527603443,0.7666931648671022,8.287903684532118,1918859.4212187612
29244,3.625254921265964,-30.37347943039498,2.515936,3,1,8.96097324350907,8.823837897312831,9.026089967068827,0.1986192527845675,0.10359140500721373,0.30952285862576395,0.7195100419780631,-1.579025908088179,0.4573925931773445,5.24879956102546e-10,-2.6837717375064303,0.7112654229424358,0.003705144485678602,25.621029468083425,0.7392934937626978,1.918455475818495,10.96097324350907,0.8094160632234224,9.052801424599963,1800079.6142393257
29315,3.540729510754602,-30.37586676927629,2.407836,3,0,10.030587421189155,10.001636711009054,10.092921494075842,0.4597818870067093,0.35396495679261675,0.6013933665568252,1.7712678725632474,-0.07893233767547647,0.03879419169345952,2.9335052610161004e-12,-1.973532373001187,1.8934831567162504,1.1696276456755577,24.067997585239294,1.0180972104588317,2.7665374680109034,12.030587421189155,1.012633925778744,10.025134947939152,1772191.2023255278
29700,3.624894638138065,-30.37217143075452,2.638625,3,1,9.037309246418946,8.879675342940923,9.168474207912894,0.6682848675506933,0.42454827709949294,0.8495479326745672,0.32004580076406713,-1.3854250895496634,7.805326972156032,7.825477658327029e-09,-1.934211390058394,0.35016309249652267,0.0710073367832571,32.792497884945796,0.742627976803264,1.8318499752889805,11.037309246418946,0.8119698706022507,9.127769332047171,1831217.3000493417
30249,3.596139281111247,-30.37137663068211,5.784264,3,1,9.201880857288854,9.044287244166876,9.327307098175023,0.16010323040362973,0.09139655713920941,0.2502529847936597,0.2914899623381777,-1.129481604985019,4.144958034162394,2.7291454336849217e-09,-2.0041857933636242,0.5595446552116776,-0.08762096916457907,16.157442594969236,0.6894961805920413,0.671511294165753,11.201880857288854,0.7708543106587273,9.31490855194313,2500475.4952608515
30354,3.593492323657777,-30.37125120970177,2.558738,3,1,9.02634368994191,8.889362429759782,9.11962878043041,0.4255186930214714,0.3192466276375666,0.490916138983768,0.49594119914104556,-1.467230390622917,4.024637523876625,3.622007568584256e-09,-0.5144104051657261,0.3376574336416134,0.00937325373507747,18.847757994179556,0.7439902863979565,1.8964411640390406,11.02634368994191,0.8130122433263615,9.116246604164518,1811003.2967391307
30390,3.604634245985477,-30.37115252344006,6.372124,3,1,8.734423681819115,8.614654824260745,8.953257252358124,0.15853941341687325,0.07589776686655196,0.2763005653044777,0.13224992165423993,-0.3112801406776839,3.969208469460633,7.4487634505740444e-09,-2.0563316500486497,0.4495170550002996,-0.14265371367517332,24.099077134503265,0.6249413804997582,0.5373336631521424,10.734423681819115,0.7195939406440769,8.87733618411603,2606558.9343807288
30414,3.554328765508593,-30.37197326369528,2.387451,3,1,9.966584942358095,9.749600796063582,10.115341864285721,1.7248753623466275,1.5816531521998551,1.8908442633933331,0.6800256649925296,-0.09664894777001026,35.06820538269669,3.919636130292831e-09,0.21034579183443025,1.2936695134863037,1.927066896288558,88.49629048379033,0.9815732440686887,2.690984528324146,11.966584942358095,0.9870653308538054,9.972239044105551,1766882.8035837577
30790,3.625604263208541,-30.37083042012625,0.855729,2,0,8.345419134260098,8.205060166562944,8.458638500988371,0.35337045138208223,0.18316919911797705,0.5234672681522122,2.1555190873166454,-1.3924696296528083,0.057829679444236955,2.564228575528697e-10,-2.7933717863535743,1.062679092903295,0.4059736616937357,16.97065188320685,0.7760044617094441,5.032568608895869,10.345419134260098,0.8373460053214408,8.42251418146293,1307761.387409798
31133,3.602095006020594,-30.37025601168761,2.494205,3,1,8.661580220563001,8.469051467749985,8.842611020723961,0.29349866566475674,0.16983123257983737,0.4151188989247902,0.44937996396318697,-1.2657470879127173,1.2677816827862414,2.6479125846060367e-09,-0.32170681342762464,0.4694802556291755,-0.03533187361308521,25.430003764163118,0.7193764967287108,1.8839387266196463,10.661580220563001,0.7940893494770955,8.761710849368015,1794508.1019599773
31707,3.599726360265741,-30.36954021162342,3.292657,3,1,9.044071437160598,8.860384895514192,9.137274671250243,0.5040630450639652,0.28274333698629817,0.5994947370033579,0.521564776019687,-1.5140118276465828,3.957066790396018,3.4874339396852636e-09,-0.10003516857435368,0.4197336650080281,0.035036889130964255,20.409114795559926,0.724552164201527,1.3985084004122628,11.044071437160598,0.7980842875015256,9.142022676557065,1988997.9113111207
31912,3.597864659967604,-30.3690458455888,3.470078,3,1,8.26409760633042,8.083660335388108,8.372051710212153,0.1810737944065258,0.04686743708260461,0.3385154948450151,0.31081135872308285,-1.53558144457041,0.6896742565767742,3.853475747314172e-09,-2.2123930507671115,0.2870997120739389,-0.29419333065044384,17.304947876443507,0.6719673051697205,1.221121301612937,10.26409760633042,0.7570833583740031,8.384953906369622,2029685.6615742254
31927,3.547034691655121,-30.36945236351608,2.368629,3,1,8.318937354468598,8.149160044142482,8.443807494274752,0.29720107319002764,0.21564803152195497,0.41120872687250615,0.646224769256168,-1.1279964348820206,0.3493469058775824,1.7227063816309757e-09,-3.083491912886984,0.5635752571027695,0.1812913533828251,47.61079921658693,0.7097512680364829,1.9618273647109041,10.318937354468598,0.7866369168381753,8.42316303049442,1761967.220580451
32111,3.606001170050417,-30.36888517095076,2.330112,3,1,9.559641940602052,9.455675315076528,9.644204576806711,0.27166081680423704,0.17950354305382737,0.34242839546656495,0.426158430840502,-0.005751158733822703,15.858509217487942,4.4579966099974305e-09,0.11056021598170762,0.5774091449314653,0.5987178140286638,37.10568571047186,0.8342608939753785,2.3453798512433526,11.559641940602052,0.8808689882372841,9.61473062006356,1751865.0687767025
32921,3.586493340018857,-30.3703920542622,3.791799,3,1,9.234093390087825,9.071213009754361,9.363983679863539,0.13435337057102023,0.08172425902972852,0.2952045838349954,0.42428793536586357,-0.8323214556411932,4.0460544613271825,2.4159865313222764e-09,-2.172251409829955,0.5610906160487552,0.12742500137625257,77.27722985128722,0.7364767587948943,1.206631125752294,11.234093390087825,0.8072560943076009,9.327082057718945,2101457.1036307164
33157,3.540782270324589,-30.36843673476909,0.778385,3,1,8.7646958172221,8.667629731201835,8.857390236721233,0.10238337232014275,0.03210601924670792,0.19672634351742768,3.0098978573899102,-0.47193947931685376,0.13269740690111154,2.0711775261491335e-10,-3.569878074527752,0.9692515991116508,0.54755233381238,19.90409531043559,0.7952868432084776,5.463747302075541,10.7646958172221,0.8518569253599921,8.834329158775201,1280218.5813367967
33251,3.604372280740574,-30.36666358625502,2.088476,2,0,8.125456561822833,7.9725544258224454,8.216952228667443,0.24064826060757144,0.14534526128083364,0.34912506990782094,0.7000364821916987,-1.5037628199622977,0.13506548850774644,1.0814488239477819e-09,-1.643272213851606,0.7279640413868123,0.027544391167488413,27.937189587548204,0.7152043702177202,2.245970495216232,10.125456561822833,0.7908627338250797,8.227355450152553,1687109.801287397
33373,3.594637842915118,-30.36640370338478,3.881272,3,1,8.541237221595365,8.316701338650772,8.595720190962922,0.4855844699489619,0.05207899612428002,0.5248731774921,0.332121119818484,-1.823265874759833,2.1917096970718233,6.148226562288863e-09,-3.7684007721786945,0.10458032065079337,-0.3163701904168619,67.30971368390324,0.6710276211068709,1.0694667317289308,10.541237221595365,0.7563421051382417,8.662518943597508,2120985.684817321
34026,3.61746137134869,-30.36720800331858,2.847816,3,1,8.586474123408916,8.25779222059312,8.7540037653326,0.3026010874372697,0.2508842523613942,0.3958198977142414,0.4823743781583833,-0.8011525820608894,1.176780536179069,3.184320574737975e-09,-0.08005731585483478,0.5819720624384246,0.14659861931585638,39.7236250946164,0.7038661222636028,1.5982963899109364,10.586474123408916,0.7820653487880472,8.693231079514947,1883121.6704185633
34114,3.543021398958145,-30.36525817461086,1.576433,3,1,8.270384114188527,8.184726316942543,8.348172054787463,0.06526706647853997,0.024326785695739594,0.12282251512910142,1.111806923727579,-0.7711185137966982,0.21843043387493666,1.1850861703133577e-09,-3.5610943449510497,0.6329086676954461,-0.024907164364758927,16.674315970847093,0.7396378453065154,3.02346824133323,10.270384114188527,0.8096799542794425,8.362070726861946,1540922.0138605328
34138,3.612379571489302,-30.36503987176917,2.835523,3,1,8.024282088830272,7.888309945902581,8.173814201365973,0.05269120235494512,0.014347008486276958,0.13925115859261591,0.4551478832659087,-1.2148697597478688,0.2415300417962826,2.3098176637915136e-09,-2.18004738221829,0.4170060733198966,-0.26367047071105176,27.543443916476203,0.6860974973910284,1.5653565148984416,10.024282088830272,0.7681925387059486,8.138812004192435,1880111.1660750275
34310,3.583190974721729,-30.36618680941115,2.585887,3,1,8.799736648279756,8.591534676013643,8.936781730060163,0.35638720493236214,0.2475581796176713,0.4407943916737423,0.5123847147216223,-1.399129274958532,1.6744093360020469,2.8043759627022816e-09,-3.579283187655659,0.38530516885631627,-0.015561408287627643,33.323404320343506,0.7246423186061768,1.8264925905658846,10.799736648279756,0.7981537988937591,8.897650063225907,1817898.088232671
34579,3.529660301295419,-30.3648360416567,2.50085,3,1,9.5912540747904,9.544068833117622,9.63153392339199,0.3984710980743602,0.37480824154307024,0.4200008756025003,0.46345072061733616,0.10344654057222735,21.05812848554499,5.666685641491177e-09,-1.2133984771067077,0.6316184800482354,0.7152823442417571,36.51119632183049,0.8384231354851819,2.1895536476834687,11.5912540747904,0.8839430339153033,9.644829797168068,1796213.6175856146
34605,3.530556846876181,-30.36596643350503,3.255047,3,1,8.909819020401661,8.679370690129957,9.077864919906576,0.07890509184074959,0.0513486944759964,0.11740038082783455,0.3076741846187955,-0.4975264721081837,3.7709957953184507,4.513742504264967e-09,-1.6893496549798277,0.37454141051268053,-0.11736302681417499,99.94833978243456,0.7127071151831004,1.3937736933108205,10.909819020401661,0.7889287197234481,9.012781254238135,1980265.4658403755
34695,3.588637702819949,-30.3639785984301,1.626304,2,0,8.339473097602024,8.201781696692482,8.465305288490917,0.27980572130422876,0.1480179348027027,0.41038327070939695,0.8628347684159606,-1.28161560514375,0.2408369219501578,1.1500051393441848e-09,-3.1174161484350273,0.7541547433217417,0.14262519667806117,26.07550159580109,0.739394525891516,2.9399850230004394,10.339473097602024,0.8094934922102632,8.431259735937626,1555764.0458629967
34777,3.528941229844678,-30.36381533927931,2.563623,2,0,8.350627275621843,8.156295985422576,8.436313696212306,0.5901211859242086,0.36533639013585234,0.7203043603623493,0.6767112440725602,-1.433558971942988,0.155153298735876,7.235075600691416e-10,-2.6385644693213597,1.2335796370830145,0.4384215835944616,22.315167182899817,0.703854577496088,1.7905017271513226,10.350627275621843,0.7820563695955662,8.457389218058157,1812245.8323307023
34878,3.554092944266401,-30.36362309241883,5.774095,3,1,8.630895461049548,8.480961041641718,8.80469422531604,0.1541015639707782,0.08875312815080029,0.30719884283026605,0.22535845525756554,-1.0208619538770947,1.8334804245947436,4.724059263470429e-09,-2.607993080796871,0.5118351184638072,-0.07777172100150409,14.353000982463577,0.6302090949256958,0.6151522866829272,10.630895461049548,0.7238344792399489,8.771256194536273,2498600.798847227
35401,3.588951602408107,-30.36303001246324,2.4991,3,1,9.611040605950853,9.52256113627132,9.713440202661118,0.18943589833155727,0.14437747726039668,0.2376664585262326,0.21550460648776712,-0.2333833034894905,28.70099399822584,6.4808677809964795e-09,-0.722114831051389,0.6870582324925003,0.37089966815166164,14.776122508603413,0.8436959662516766,2.2049508563493947,11.611040605950853,0.8878307462816406,9.662710425039336,1795764.6170921177
35426,3.532610169727253,-30.36340130778234,1.155187,2,0,8.67675472704929,8.607831733941252,8.73655720242322,0.51713362196688,0.3436470122373975,0.6752504291566854,1.8278544311271216,-1.616811127309868,0.10159021856286309,2.1367226299737866e-10,-3.0895854390336037,1.3390018798577294,0.5123915891427977,23.166716151184648,0.7727667687832941,4.073895099562016,10.67675472704929,0.8348989339473711,8.755120820530344,1409333.2959949535
35436,3.534222639371892,-30.36552595681587,2.303907,3,1,8.303516774057135,8.122934870355513,8.443856911073645,0.14366892218063998,0.10491194097721977,0.22688583385698474,0.45229713733255617,-0.6860494315209082,0.7775103270726977,4.140239455707257e-09,-3.2155824168453413,0.5708665864469467,-0.3088312692162134,13.187969773101106,0.7116407709537663,2.024059445454541,10.303516774057135,0.7881022638794707,8.406934199008008,1744958.6502837252
35516,3.600600453820034,-30.36271684333974,2.496652,3,1,10.708527393664237,10.183715363622897,11.01831296353142,2.5531800484601983,2.0509852851273975,3.047866154806412,0.7549242129525707,-0.040452742664481275,44.1574318243666,9.679616353522327e-10,0.24715609637127223,1.9933454272777205,2.3786804119878973,36.112636543938436,2.103175431828704,5.502210201267396,12.708527393664237,1.682723848950076,10.482514543711893,1795136.341117298
35585,3.558938591647417,-30.36242712493549,4.281477,3,1,8.809981644179228,8.752926085259507,8.854164325390146,0.06949630452088074,0.04052975806469909,0.15036356792632682,0.22734990920560022,-1.7884651766341895,2.4530218467891034,3.811737211764281e-09,-2.3977461778123708,0.18864371181770423,-0.48055642901324447,19.65812667388046,0.677253337582604,0.9595468837979299,10.809981644179228,0.7612473744802709,8.928455836404565,2206220.5699340217
35796,3.591943712196029,-30.36207078797736,2.301926,3,1,8.282636424230176,8.141918300085608,8.436234972411482,0.1107579295346752,0.058082129462549176,0.18984638407784407,0.4586515973346238,-1.2953096724850406,0.5560493942405935,3.023707428404897e-09,0.010965089600381006,0.42809083873472886,-0.20559030609745932,30.735399276683367,0.7111038207589735,2.0243184541655173,10.282636424230176,0.7876859671835448,8.386283315753419,1744435.439218087
35849,3.609666988873312,-30.36202553339319,1.997497,2,0,8.213076296546992,8.001907610207558,8.365508815898144,0.2940668096872683,0.11807296442997137,0.5094086893016919,0.7928192543812411,-0.9392891651881351,0.2697967428267536,1.7725287107333501e-09,-2.4490660276072824,0.6076989882102346,0.220735976832227,23.64145127652927,0.7208109309967838,2.3648600147574927,10.213076296546992,0.7951974062531463,8.31260134172185,1662074.9788141327
36678,3.59479913773713,-30.36072884931821,3.004048,3,1,8.456473495189233,8.360254693248958,8.569830310404045,0.11921217537567286,0.07474387349579406,0.16617463609293803,0.23178609015523796,-0.5142763773447684,1.730688169014594,6.110544544090437e-09,-2.92157839719415,0.4544412285915982,-0.09573784815435005,38.49052233126646,0.6931007316484175,1.4836077341764318,10.456473495189233,0.7736730163815164,8.567916045082269,1920971.2743297333
36689,3.54777932025955,-30.36282392787126,1.859669,3,1,8.001010803915761,7.863017449159059,8.104487751314084,0.5127647256178268,0.44584958811944964,0.7264805417657106,0.12819131532187425,-1.139476823268196,0.9662117257519104,9.95006785219266e-09,-1.3965074764732712,0.45603352581155576,-0.4463155809496726,33.19508775979106,0.7218944034949345,2.5368614329775694,10.001010803915761,0.7960339172515523,8.100079231452742,1623413.3639957507
36691,3.546526020858145,-30.36106014304124,2.013727,3,1,10.09857427413724,9.83510394547549,10.224809738357557,1.678788063095523,1.2864139188986108,1.8450432485429382,1.1217699942477237,-0.8276601248155193,17.697630503689254,1.6151715387605101e-09,0.2101194206676693,1.6718525655976109,1.6707353687215658,41.08288249777754,1.0589911390270188,3.4470397158472865,12.09857427413724,1.0409374376391172,10.081149645783851,1666568.5714065293
37126,3.590110771951833,-30.35974219091935,10.119248,2,0,8.62919944581121,8.573849129373896,8.693187961255488,0.019914028457075572,0.00474297312488281,0.06265229679078171,0.05961914482979468,-1.8590958336599654,4.647553425397351,1.121280849510494e-08,-0.800558309641092,-0.26516950279908613,-0.746894531144406,39.46706864211545,0.5533623371583462,0.2566690721694733,10.62919944581121,0.6608558181442737,8.809092727951278,3201171.497561479
37206,3.602916724913664,-30.35961392787175,2.689186,3,1,8.705321330859329,8.640924690292852,8.764142272290972,0.1761293770534701,0.07991873558538093,0.23003637918211645,0.07045324498786577,-1.80710432360372,5.571415361392623,1.135231548762511e-08,-3.0064824866452304,0.12754167856580523,-0.5340744155179422,98.4589775320105,0.7153520660037025,1.7289042594122401,10.705321330859329,0.7909770542011997,8.807157445817207,1843896.3684545832
37753,3.524153427672907,-30.35877050165959,4.699656,3,1,8.474939743776435,8.213196014199152,8.688579836802182,0.11219953051911016,0.06226419205460494,0.1876255771811601,0.23083170824075527,-0.9556164753651029,1.3852126985302886,5.099296131520901e-09,-2.6844075800159164,0.40249310510888137,-0.5015938000149731,10.075846647906367,0.6465745846859596,0.8174219870986233,10.474939743776435,0.7369415452541123,8.607506703109236,2291899.423971305
38059,3.605254866904467,-30.35794114836597,7.589203,3,1,8.154664583436377,7.915792872098175,8.340982822163692,0.05231885103013818,0.0185642389160231,0.11423808333654956,0.09170186473759334,-1.4327383688808024,1.1055064763839995,9.084845590838012e-09,-2.873710135729638,-0.06924463232053313,-0.5128041619203252,25.70581252298779,0.5726701923528849,0.39148963862117914,10.154664583436377,0.6769135459254145,8.324131378451547,2813504.8400171627
38108,3.530008614510292,-30.35801311552825,4.961999,3,1,9.316380600997537,9.23937802165521,9.397225927558088,1.8395956356390304,1.6461312626292046,1.9806751638479951,0.04126116772325687,-0.4801056266688707,20.648772913428274,1.0306151754127748e-08,-2.4577007113862654,0.9848613591402433,1.365206080342503,128.61555788431014,0.72565206546275,0.8576444589376832,11.316380600997537,0.7989321628425571,9.41387069596876,2344051.679976361
38163,3.599024167062871,-30.35971994492639,1.360104,3,1,10.7800576884726,10.709473458396175,10.833010834264007,1.2324218407104144,1.1484887812292301,1.3030554026539474,2.02699908845479,0.12097326552503085,50.82525378132145,8.36154207196366e-10,-0.5712193583308656,1.6468911867705458,1.7163516315279068,19.1582468013172,2.0497303938892713,9.50175839691055,12.7800576884726,1.6526759936543938,10.56186996978353,1474812.478384964
38248,3.610133367539723,-30.35760707985218,6.554216,3,1,8.080126298460055,7.863319528720475,8.2946529005026,0.09122030788823474,0.03620199302215171,0.19275251280707953,0.14955021155484122,-0.4324962933392472,0.7236572418687774,6.794302767840963e-09,-2.0170810504826737,0.2595196174956449,0.0394870581117317,28.028645224683956,0.5907771303831226,0.48970230797357006,10.080126298460055,0.69182551088917,8.240129725988245,2638553.669266555
38369,3.536258302196468,-30.36038064827926,1.891395,3,1,10.481703572940454,10.287648102596687,10.685669253333174,1.9338673950173288,1.81310720771953,2.0627375643129837,0.5819067870724767,0.12776635974593248,121.4341608992016,4.290158366356643e-09,0.22217883446151898,1.5545760001152615,2.0725661652183156,66.17225777274356,1.4567705799917954,5.037679525727387,12.481703572940454,1.3012891643687432,10.367329759441438,1632393.8348327589
38475,3.606601050373981,-30.35734610005801,2.403409,2,0,8.513085913484126,8.342515212892602,8.596218736508405,0.22650526081606664,0.11439793787496155,0.38300994734051313,0.6897134619062104,-1.437052893615045,0.21364175488798534,6.386958009240144e-10,-1.1757347132934761,0.7537106061280952,0.11657374233763207,21.794149938937718,0.71547964939878,1.9479460737827785,10.513085913484126,0.7910758013640026,8.6148678136314,1771039.7325864825
38607,3.532560160480609,-30.35872536211338,2.493506,3,1,9.678310148408919,9.580227919210296,9.904830440804778,0.43068630957816656,0.33484035711840265,0.5434407575956307,0.4627889089595756,-0.2519401306046377,20.18413014829198,3.9094779874546875e-09,-0.14114594851994866,0.9728074237639746,0.724316554429322,15.991613127341266,0.8631133430429193,2.2610315969240444,11.678310148408919,0.9020850415149343,9.723062667053524,1794328.6013436893
38766,3.513563315910684,-30.35679962823883,12.190246,2,0,8.153484304247316,7.836557170575738,8.515314251394368,0.10676373969321679,0.03076771803075649,0.28495599843765357,0.06577503020487147,-0.9061612459606205,1.1401615061753507,9.466530604837672e-09,-1.979456204042067,0.1959541404954983,-0.21491288030632916,8.043049896343579,0.5011358199536615,0.17979228097333727,10.153484304247316,0.6165507243342138,8.3635154919413,3486564.3137048255
38987,3.609138843342225,-30.35684000950778,1.062268,3,1,8.797616159286314,8.700021846367457,8.883703664036519,0.08699660829587764,0.025226212912351886,0.23755092818504536,1.5637212338500293,-0.6230016176853961,0.5149094120201178,8.080147151411927e-10,-2.976189410973722,0.6673871170527192,0.24409061542080224,12.463523697889894,0.7831749620976084,4.391483030274409,10.797616159286314,0.8427546477532618,8.871915002972534,1378617.4918373842
39408,3.538710548689325,-30.35570719805588,2.319804,3,1,8.053367051761512,7.937958610740541,8.113744864756136,0.16048070158265915,0.06401134659511602,0.2696707452598619,0.6414776924652565,-1.6865559717823273,0.09059746603656416,8.185843785364269e-10,-2.537294225194159,0.573334425605708,-0.11664390906749844,19.66706051729203,0.7049108726279936,1.9908014281547308,10.053367051761512,0.7828777431677495,8.159673105301511,1749151.6133257288
39646,3.589375407700017,-30.35540328112234,2.690189,2,0,8.259959126901979,8.09294876578238,8.362712580393234,0.15607599907972264,0.05835748914619835,0.312328187085362,0.4938850646134419,-1.4016635694921284,0.2637516122306431,1.6114632742338826e-09,-2.261305749547886,0.5305849526199253,-0.04781361252728544,17.614941309842994,0.6967169021425194,1.6831883844385613,10.259959126901979,0.7764963927983041,8.369819684340854,1844147.0067215357
39744,3.547242081951557,-30.35640978195318,2.186445,3,1,9.43236933327808,9.296748329919305,9.555950860896258,0.5120089218786346,0.38434394110783265,0.6282431131042301,0.9321059761570342,-0.8452533919046976,3.270220473152906,1.236754441415099e-09,-2.286884468730662,0.9186782146496775,0.4749115020467407,29.692618145138905,0.8107269119444691,2.431932545573404,11.43236933327808,0.863400334772722,9.496157120565524,1713659.158642698
39855,3.544342540547786,-30.35586861411156,2.186126,3,1,9.981670363179733,9.851570887331489,10.049072627036665,0.5347197327174111,0.3547340456033233,0.7469163576318647,1.098918943259828,-0.02369018967557028,5.332675539727822,5.570498518663858e-10,0.0704502751483922,1.1005028804646741,0.8079005143573141,18.10904832111348,0.9900410972838143,2.97025689577253,11.981670363179733,0.9930183090252437,9.98471310719661,1713573.3779444636
40242,3.57088584337454,-30.35437330357962,3.896917,3,1,8.489731226740602,8.367996984016372,8.591969585760314,0.14048375238296115,0.0629750066261783,0.2702879198025143,0.4980588024431198,-0.8726365995566268,0.4292684366241622,1.3765267502797093e-09,-2.7256081176644362,0.6240518051281647,-0.0033077973513222503,28.40454273384028,0.6681745766146069,1.0598457873526352,10.489731226740602,0.7540896203578633,8.61230826374356,2124381.9588765106
41033,3.528986932192909,-30.35275803659545,3.994343,3,1,8.512381623631494,8.312487749434972,8.700068933035693,0.13883699733915678,0.051662998769702165,0.33554158849388344,0.3451385984470016,-1.006936079422366,0.8166436852517565,2.6480431833362973e-09,-2.210977330324336,0.4136517173600396,-0.0598684874032287,11.606705836890042,0.6665607551495596,1.0266455812118407,10.512381623631494,0.7528142273827713,8.635693805434077,2145410.5688189385
41225,3.533996360109116,-30.35330846833722,6.768724,3,1,9.562568161162622,9.448423358960751,9.666509201259533,1.4870684392417024,1.3091746512372269,1.712727297104833,0.06537025715966144,-0.37320005123613953,37.76794043389155,1.0786914579127965e-08,-3.3161469204385976,0.9300132257402289,1.2213129224978871,79.04088118566536,0.7592044840525514,0.6034234586263197,11.562568161162622,0.824614818951344,9.646317026027178,2675753.3590374133
41744,3.517614726162668,-30.35145109747492,3.974903,3,1,8.551472979839913,8.32305665170593,8.732454862402506,0.15619812632691546,0.07800022399863817,0.24907454084030647,0.33490984943795293,-0.9772561612739474,1.2910341615170629,3.890794294844171e-09,-2.3828967967131924,0.36776420046428626,-0.26618252975061907,16.884610403567088,0.6689857651236415,1.0363978535314486,10.551472979839913,0.7547303484900935,8.67368116606584,2141231.0956083187
41913,3.597077644611595,-30.3510926399905,1.680507,3,1,8.340076930222695,8.192119086766132,8.533254903075166,0.31436895042426477,0.12939873621437037,0.5348937234062257,0.7842458750843804,-1.1653178115845537,0.4891888402028807,2.263389844499631e-09,-2.8949580148743403,0.5989167758451828,0.09425442139506046,26.04362304620017,0.7371238400552814,2.8456194012981944,10.340076930222695,0.8077525173479597,8.432798610059013,1571736.3809494262
41964,3.575268563070321,-30.35105368196042,3.69222,3,1,8.358513832478915,8.12498257406623,8.483601176835375,0.15804407214028668,0.09737583264254712,0.2701160709450982,0.31315552205172725,-1.3948799260105522,0.6820905884213209,3.212404362723173e-09,-2.256200352988081,0.38692125916242404,-0.23141356531132473,21.874215482085255,0.6686126317268904,1.130298722345135,10.358513832478915,0.7544356530331989,8.480891628426065,2079507.1416083188
42203,3.563828462671671,-30.36763464399957,1.324502,3,1,10.454050018734257,10.383292853109685,10.532561529006756,0.8105359655734127,0.6936927010514201,0.9028441911528065,1.3030652053696716,0.1605095028791385,37.74211190517957,1.2856695954875867e-09,-0.5565093634045417,0.8895798765115117,1.1287086289023769,20.271040439397105,1.3641127022667026,6.461886553547967,12.454050018734257,1.242782637056251,10.359654841646762,1463646.4884663918
42213,3.563478822759592,-30.3701042902041,1.860813,3,1,9.06264175284236,8.98085361701085,9.156653117601797,0.17777298356847823,0.13750154700827527,0.2102899467920004,0.3750772835454103,0.07945103556291377,6.930192889299764,6.339470466215864e-09,-1.473255647414477,0.41619183112097957,0.42698194789061716,63.548159354297745,0.7704706300420942,2.7059894996702942,11.06264175284236,0.833161631603549,9.14191249104641,1623738.0517805207
42238,3.562698647843957,-30.36562486736085,1.327759,3,1,9.175247631870251,9.004219582821424,9.335842514011487,0.3503932833371504,0.24710128976477974,0.4407301951240078,0.9679079241385674,-0.731917731504249,3.692376284683173,2.556313067761408e-09,-2.393607548055023,0.5396931610566114,0.09707177090972863,46.240885751641514,0.8013888321540096,3.7886732528873623,11.175247631870251,0.8564269006814672,9.242557331685452,1464671.531231491
42244,3.560916329460413,-30.36665397601377,2.319473,3,1,9.070611758942364,8.973619784031984,9.151145068836922,0.1532015892322867,0.12252888705099343,0.182199198265512,0.3444575913631699,-0.1257590186109323,5.823890227867405,5.392821332489561e-09,-1.2142579706030785,0.4961908258466643,0.3417546925098023,37.052306037092784,0.755931403750473,2.135206466184611,11.070611758942364,0.8221246526286025,9.155674087576969,1749064.4118499467
42360,3.571637384537469,-30.35075373171117,1.529461,3,1,9.383578319310915,9.270041506885564,9.454008997602413,0.14539245676124857,0.0573696360086351,0.2972649633474488,1.2137112997100565,-0.09616534706343416,2.190656566300171,8.671487396392514e-10,-1.8775155018868532,0.7486569939978835,0.3995955483478575,3.9470197862865755,0.821477922943356,3.4481896546196356,11.383578319310915,0.8713991409191525,9.443361191866167,1526810.8126418283
42422,3.561702883346216,-30.3504618859921,3.782224,3,1,8.082621968973516,7.89230966027866,8.376561261730235,0.22086507544062264,0.12224917624814201,0.35806398840514836,0.1412428369987371,-0.8968526803359509,0.9557900423235136,7.915730177811436e-09,-1.6470430875508844,0.20295222315910877,-0.09398190553805108,66.71013915526265,0.6579193756553148,1.0811453477452144,10.082621968973516,0.7459691606871323,8.20990109541539,2099356.4819725114
42489,3.523296852564072,-30.35023272502571,3.681908,3,1,8.046651463483993,7.8899527169412575,8.16498454847226,0.14487497272896918,0.08349408927726001,0.21413561047437657,0.2156615463105649,-1.4979774547016587,0.7073118303073297,6.743762569296657e-09,-2.8003309885923056,-0.029251113476721713,-0.38256603566557956,11.711802476709238,0.6600126805310562,1.1194268855776828,10.046651463483993,0.7476297861334902,8.172964867813421,2077220.8387169624
43078,3.568650772812348,-30.34918530975187,1.347864,3,1,8.470189164111854,8.34405782398416,8.610321619271307,0.1578001060627006,0.05552855712095281,0.3429548531404792,0.8496013336745315,-0.5479566778671121,0.6144092675826189,2.2317621365326303e-09,-3.434912628144315,0.5719189838661087,0.172216333176344,15.773134710323419,0.7557141006625626,3.529257533922534,10.470189164111854,0.8219592136081507,8.555338896139183,1470983.1618342884
43197,3.593125936253167,-30.3488530200051,3.79084,3,1,8.021005274736204,7.854512637895843,8.193971051015074,0.13322695615424512,0.04448430523455031,0.36380100233782997,0.3352253006422058,-1.01826642760301,0.29823223738810756,2.9839767420356073e-09,-2.305479119146562,0.4250067959382058,-0.04863645358294022,23.70937513570636,0.6562893557516988,1.0755745561822598,10.021005274736204,0.7446749628040191,8.149038522341536,2101246.8070172053
43497,3.574647123264998,-30.34853652628033,1.026637,2,0,9.445826520813831,9.34772500058311,9.529786540881457,0.48601393591314374,0.2579513944649504,0.6785618651350093,1.9829512851607785,-0.5053309295476796,1.1651788600533108,3.8915132105379484e-10,-2.792948096755824,1.0546580290965792,0.6378981199463034,7.00993439628146,0.8480431956563871,4.871950666727478,11.445826520813831,0.8910305236540554,9.495933939080588,1366656.0134869344
43709,3.575939430037462,-30.34802820207057,6.726886,3,1,8.04794255883248,7.816137609167644,8.312303250882309,0.22519768259610073,0.09320236111110689,0.48586920975836617,0.16004563814534797,-0.8489801083541184,0.5983309835045647,6.238257864899848e-09,-1.9349336565343633,0.33670607421466414,-0.004650229009207862,15.54288503344147,0.5864199966936563,0.46988451524510955,10.04794255883248,0.6882498728163544,8.210196419021614,2668538.577124191
44387,3.563346090589764,-30.34651683482088,2.580053,2,0,8.170815280430643,8.085337836864321,8.21597927503697,0.05907682785643931,0.01602651999897381,0.1323075578781425,0.6241252890799373,-1.7410786422416225,0.12411139166558183,8.560632438204125e-10,-2.6387674578151277,0.45118245524876244,-0.21380832102961023,22.91729689290759,0.698146921713443,1.7639500089115858,10.170815280430643,0.777611687159035,8.280052501209783,1816418.6865367796
44394,3.573319873590545,-30.34652003820094,1.379232,2,0,8.202113194317459,8.058263112305495,8.344613564223213,0.29286843199542395,0.15800575997627977,0.4777955254209459,1.3178734393241127,-0.8019214248911722,0.1452199193005378,9.536782461508896e-10,-2.9745632173406737,0.810528401774242,0.326708977951359,21.257099512551065,0.7467662379067859,3.422084103564251,10.202113194317459,0.8151344955458286,8.290883921952565,1480776.8944712772
44472,3.583433825682449,-30.34651255690972,2.443905,3,1,9.707734827775905,9.462703980921543,9.855407143876578,0.2630360501305179,0.10647693681389277,0.3098071542973167,0.5171325037542653,-1.046656205008189,24.650156189242672,4.4557251528270415e-09,-0.17358448556301198,0.3989665777671938,0.0651594996485052,10.101013672579871,0.8732052710271592,2.3362542704967306,11.707734827775905,0.9094554797104093,9.748953383737966,1781545.0732440087
44493,3.593160882975037,-30.34647500036664,5.681066,3,1,9.483437899055136,9.402081950467078,9.568594536427314,0.07585028282551687,0.015228106394936491,0.17731736144125856,0.19276055900161224,-0.8417718639877285,16.60812433078842,5.594063139407323e-09,-2.326230858543876,0.4401824656561466,-0.012444883403428975,22.18831227563461,0.751260486570799,0.7486693705411632,11.483437899055136,0.8185653991997773,9.570384516007303,2481384.7798356465
44644,3.582911844334689,-30.34600599328564,3.657494,2,0,8.241319377965805,8.079750674749661,8.346828674907567,0.32209978109329346,0.12344373482527242,0.5849264767352391,0.5166967133025415,-0.8658909123902554,0.14438260611308484,8.482728486441154e-10,-2.462498906846461,0.8932590154851532,0.29852146184246564,15.098897870858142,0.665752481219348,1.137998694711465,10.241319377965805,0.7521751054554955,8.365000422373468,2071797.8835784148
44755,3.581993206619945,-30.34624275687531,3.696915,3,1,10.152801450264226,10.03854256171798,10.229023132815621,0.734203035905753,0.5311331679546332,0.8826074262178076,0.749201906027064,-0.6725061504778638,10.64944242252334,8.139187655465468e-10,-2.0257063591404876,1.4749942312272104,0.8711486238824513,49.710518674096825,1.1227555777746172,1.8952050000689094,12.152801450264226,1.0844253340589671,10.11760179536399,2080547.251085637
45092,3.566919926483153,-30.34727124202078,3.459809,3,1,10.771193112349328,10.733161287088311,10.809311099764344,0.14602012595811592,0.12368705014396683,0.17659688479582641,0.6411788512444743,-0.2937296725807306,54.49149339249461,9.079154560165931e-10,-2.0634403028393873,0.8752264283466289,0.35865982326001955,11.471407934240741,2.631346950287065,4.798179681623522,12.771193112349328,1.9684513255761884,10.47706843200643,2027352.9476635288
45097,3.567461400372616,-30.34583301897544,3.458917,3,1,9.559102675345969,9.42478946426424,9.680088466729192,0.2226760684293303,0.11472267428537955,0.42582743069770657,0.442971372418563,-1.0200438348971907,7.888620779499573,2.1861216462101293e-09,-1.3414786025722223,0.7103419112211178,0.2020311522567262,6.313064799396018,0.8106948028130622,1.4787173484208205,11.559102675345969,0.8633763979336111,9.622902503144434,2027150.193547582
45099,3.565937712912368,-30.34570400635107,1.034149,2,0,10.90426319751702,10.838701609820264,10.952612194737664,1.2792599041951032,1.0877202276956053,1.4678756345657924,3.124708798028317,-0.12266785967144697,0.7640838296521082,9.251287344110166e-12,-2.744532094556011,2.087860798618671,1.6924041537564847,11.114927557548754,2.379309306464673,13.598876425793943,12.90426319751702,1.8344911979523537,10.640747565202592,1369186.517023886
45570,3.578343677815771,-30.34696412478411,3.692221,3,1,8.1729440213152,8.040974907248959,8.242256391298426,0.11642129732168231,0.08501371891570636,0.16321429749106842,0.1773344093207317,-1.689488231669845,0.8957287458409877,6.476703593108197e-09,-2.7914028473809696,0.07179535751607702,-0.4147270579787907,25.48660351237753,0.6627988572020059,1.1204701015697842,10.1729440213152,0.7498376201645245,8.297976795659114,2079507.3631992748
45889,3.56712988564632,-30.34342503257744,1.853019,2,0,8.181741711149073,8.049407331026309,8.241457438842978,0.18834833971815068,0.07970239911366615,0.28571183251938975,0.7341377477484053,-1.681945451900172,0.06575054605928646,4.269351686917403e-10,-3.2669424309191366,0.6729267796624754,-0.07036010384036828,14.159611443615736,0.7258417672055759,2.559398070509972,10.181741711149073,0.799078358274103,8.279152342476548,1621524.6869536089
45924,3.584760065466972,-30.34362752753509,4.466714,3,1,11.017349426806646,10.989531246681134,11.0510580692287,1.0403978411665147,0.9930647097875958,1.097894724373542,1.0270052339191122,-0.412846284226095,31.50146936789367,2.9802488977312875e-10,-2.8856257284545084,1.543907848369635,1.1973288132155062,487.0041013459673,5.929667113983757,7.979298799045606,13.017349426806646,3.476331784236249,10.47622820759543,2244576.4906547517
46310,3.577179511301788,-30.34261363630498,1.602253,2,0,8.905888440702705,8.821338697558735,9.044140150512602,0.09942387951383527,0.02320032557368404,0.4598757694946106,0.7240906062516158,-0.5834266750163332,1.486895530818379,1.8578869107373343e-09,-2.406603033155246,0.6213349288608399,0.20330971014797683,4.640179172913074,0.7670302789864076,3.0906610548890234,10.905888440702705,0.8305556861188068,8.98651968487452,1548624.0230604715
46491,3.555492450783238,-30.34201140693182,3.747441,3,1,8.470711967113965,8.295732550157854,8.642413111880488,0.03752244198390123,0.008065851908315602,0.1563845419043582,0.25326584773326644,-1.0756666895105065,1.4168871339584448,4.836285054496462e-09,-1.952038750042274,0.22680344981462497,-0.1898871251751082,15.639830463350668,0.6714931219881414,1.1155323141290638,10.470711967113965,0.7567093462117375,8.591782869087831,2091707.825103688
46702,3.558483375931619,-30.34165190511789,4.292051,3,1,9.248035850344815,8.807950444846384,9.376202865390997,0.31413850570789165,0.11008468611208994,0.4087770936909321,0.21380008306282353,-1.3351837801842517,8.926734230078372,5.383260995630571e-09,-2.1798197162369592,0.43093073222935985,-0.2432968471418313,23.936454058503433,0.7273525859443483,1.0274526509194286,11.248035850344815,0.800242276105008,9.344814359295171,2208427.993302023
46758,3.563005571771961,-30.34147920917394,3.456688,3,1,8.695605717544225,8.54708180786782,8.87518564007304,0.11102264337056975,0.09064194554141189,0.16927411654191712,0.2852426917559572,-0.5601035097269076,2.228321253726202,4.695388804942317e-09,-2.2732626536283758,0.43012088995055464,0.02043458813365362,20.801243498862785,0.6913938148886927,1.2620504069618497,10.695605717544225,0.7723387822403956,8.807797874483509,2026643.4468845278
46937,3.5793404698907,-30.34199404219214,4.466322,3,1,9.392066872624476,9.290664086454035,9.481566310780853,0.21466394413335782,0.17796667539552094,0.26784029181228725,0.14662774327419215,-0.19311763376223418,17.840512010929572,7.363052164639029e-09,-1.570577755209172,0.5357926612308717,0.27007378465278364,26.305979237544197,0.7507512909174138,1.0103621574636001,11.392066872624476,0.818176989802943,9.47921961127553,2244496.0136297857
46972,3.572018481938384,-30.3424956433513,4.471791,3,1,8.060562005322366,7.826012958504582,8.270894858713822,0.33146322260712174,0.22107644745867605,0.5011102953963549,0.2340242850528256,-1.0209299740026125,0.5151119144885203,4.8855851568715e-09,-2.3844138973936477,0.5815799446946919,-0.06433883960781728,22.00050539737207,0.638475977111638,0.8579779690559848,10.060562005322366,0.7304679960922902,8.19696081232788,2245618.5307393596
46973,3.572150877670315,-30.34152605386452,3.024923,3,1,8.223296712641531,7.989952735750213,8.401553490277054,0.17154218840211344,0.10151006779066976,0.2810456186379157,0.37308814023935555,-1.0397230754866182,0.6108517485981504,3.93632123552925e-09,-2.234448074698714,0.3660999585473341,-0.2615154557783548,35.7603891917659,0.6845829646641122,1.4541046866363048,10.223296712641531,0.7670051173138025,8.33849845115183,1925972.231575523
47040,3.580625483924651,-30.34125754520926,4.457583,3,1,8.766359418388852,8.674533261408653,8.915635148868141,0.08417544998030288,0.07088018876268845,0.14200969901382102,0.10413635250422286,-0.33844354033461044,5.251548471169341,9.26678604730613e-09,-2.9232545874923845,0.32349889750615546,-0.0868600902743566,33.239734006759655,0.6695996139323949,0.9033066540485896,10.766359418388852,0.7552150502972226,8.888288782178414,2242701.1599408425
47271,3.567194328660442,-30.34153590273758,1.837998,3,1,10.097355380516316,9.730676919459745,10.29485341272262,1.685218731274653,1.487689279906797,1.8985545026246295,1.103529840154851,-0.5156371936488197,13.356600504731318,1.179912916183345e-09,0.0439877382165248,1.7286019967649757,1.7161464706492247,6.744048901956248,1.0564139777623787,3.7537761946412544,12.097355380516316,1.0391635316065668,10.080671483309638,1617250.4310712053
47584,3.589420483308963,-30.33974463176702,4.473979,3,1,9.421465896065019,9.330461173290017,9.527361021727886,0.17563263854223313,0.11120137851661188,0.21949644937652507,0.13185030575401577,-1.6287000632029374,23.16199084270245,8.348249157108086e-09,0.22394449022462348,0.4349200128959225,-0.4421782943785004,31.353075958671038,0.7570720439665045,1.0167382270138217,11.421465896065019,0.8229928205987005,9.506069849416502,2246067.4625665187
47875,3.585372873298383,-30.34093460413817,1.86654,3,1,9.689668451542909,9.55288911402611,9.803775517666496,0.1276314818782029,0.05434761879034447,0.24227244446403828,0.9837231498741207,-0.4681139197925833,6.735772470815933,1.3748863508603213e-09,-0.22313748774175934,0.5592467572935504,0.2846492455474028,14.16922767812615,0.8783816736587227,3.0760108537506516,11.689668451542909,0.9132260394387332,9.72909016521253,1625362.5023360173
48006,3.521258000683432,-30.34757078985189,1.577391,2,0,10.037403316150478,9.907487521184166,10.118538095248253,0.28926479848286973,0.1313135247086447,0.5361071834062858,1.2694177450903426,-0.4230571155465197,9.585536741389243,9.092302073029238e-10,-1.9874932906631724,0.8338024722822936,0.46680455138132615,1.1916058849933902,1.0193593729013728,4.164672145964153,12.037403316150478,1.0135125350740724,10.031574191755062,1541208.4692214744
48070,3.577271729714065,-30.33835156994644,3.255778,2,0,8.598653846823145,8.486614752579165,8.670394674952101,0.1569566519586039,0.05755897633770865,0.29063787538566804,0.6847918983659288,-1.5056114420152351,0.1365447923053437,3.5169824553235827e-10,-2.0313101596587,0.7391726275146482,0.052401099072987734,20.758210960304346,0.6918294600937338,1.352599572464997,10.598653846823145,0.7726794039257155,8.710654510714551,1980435.5593656665
48208,3.563801399667385,-30.33881163844836,1.611451,3,1,9.418876182710976,9.299845448558528,9.566593924389334,0.14774001512137508,0.048116213767421236,0.26304387179208555,0.5357320083281119,-0.16542986640848556,8.1796458108833,3.222909357659286e-09,-2.2449823752159794,0.5827287116167561,0.30449593806465103,6.985326726096202,0.8246858635089821,3.3060938412502816,11.418876182710976,0.8737797689682953,9.477474197644302,1551358.514850774
48252,3.573862355910408,-30.34051954983556,1.86732,2,0,8.576889051282693,8.426741512207698,8.668510075232915,0.3818863895636633,0.14814004665874947,0.6256334506775316,1.1163962620115575,-1.3594792568357303,0.1315135194822383,3.5397447703959754e-10,-2.817623194250657,1.1098445721371242,0.38545952494352065,37.4210347857552,0.7380735031329622,2.5836402643076584,10.576889051282693,0.8084808362262568,8.669219321189718,1625583.6219647392
48512,3.574890840384879,-30.33753239990904,5.795127,3,1,8.262592250835201,8.105986856179138,8.414750654115085,0.08127164297107334,0.02508180781170495,0.1650276989010369,0.1717565123279955,-1.0250253555283133,1.101184642244084,6.209232105391508e-09,-2.3053244977225473,0.31272059881535696,-0.26709363986714507,21.478702279149804,0.61248322484833,0.5950782716922974,10.262592250835201,0.7095221189528663,8.41162631194454,2502476.58194837
48540,3.545614582719143,-30.33772401944714,1.647474,3,1,10.560514996790669,10.288072199384096,10.763304293321942,2.1983758404791613,1.859975330753473,2.3974063958378045,1.7242555266810582,-0.01658345546680623,21.71794939991409,6.483654083868543e-10,-0.0498502743708773,1.6878393185804157,1.9863256657190291,34.687152264963665,1.56610255770523,6.155298861393831,12.560514996790669,1.3689076143096095,10.424140857604394,1562021.7791055285
48834,3.56255164842299,-30.33684988556001,2.534974,3,1,9.525886851836644,9.464084169292349,9.609059194224583,0.1427380325999807,0.048370274308720596,0.3277615508835383,0.7776143907065579,-1.0655194328557513,0.9729487902748476,2.828017805716637e-10,-1.5170773347508302,0.8599500944211869,0.22102257642557532,8.054060789476015,0.8216344007984544,2.1151910845383726,11.525886851836644,0.8715153285102217,9.585611821803298,1804946.5472417737
48984,3.556500649576883,-30.33589146837693,3.685655,3,1,8.556838652325217,8.308295296860054,8.80179972243739,0.2274143966886568,0.13832481561784082,0.3435446390487944,0.22795049547124255,-0.9216785646342345,1.886243926038673,5.67412671437818e-09,-2.7014681850963926,0.48409605163275415,-0.4425012677136735,19.047930478902106,0.6772331152030674,1.147264532077231,10.556838652325217,0.7612314631351408,8.675321922127488,2078051.8877063682
49431,3.548054920290077,-30.33581838328604,3.7679,3,1,8.231600740416198,8.102938709359677,8.347672404237803,1.1713262349101217,1.025653609380965,1.322210206879685,0.14272694862129134,-1.7451864985421017,1.3798324843137915,8.609255372303735e-09,-3.4653511321683323,0.6404577022204059,0.7107074381379377,23.674502727408715,0.6622776233429293,1.093188169251178,10.231600740416198,0.7494247938438582,8.356872683295128,2096210.0658092452
49702,3.547714325949791,-30.33370172649842,4.874412,3,1,9.036327607768493,8.850665747405335,9.205443954476117,1.5285596961916739,1.2516172100638943,1.8377578932729475,0.1389380055122864,-0.43201165079453896,7.79739100645206,7.662075310821463e-09,-2.014133166798918,1.2055549167524227,1.4168255001862988,14.597979223565295,0.6850577216536459,0.8278036479035145,11.036327607768493,0.7673774202101206,9.151318591668796,2326769.8853131137
49723,3.551861072039059,-30.3349071448452,2.494205,3,1,8.189790513911609,8.073089370193857,8.305568318708518,0.04221032532321389,0.01336365815201973,0.09201779774771271,0.4716197675978017,-0.49835226272194394,0.5170021632896076,3.3452005885001097e-09,-2.814281431691301,0.39104913740561287,-0.025131688696937715,25.961937593777648,0.7016520317546884,1.8375210216695679,10.189790513911609,0.7803424826265336,8.297505262925775,1794508.1019599773
50379,3.559976443700897,-30.33209503223014,1.775153,3,1,8.41669130402578,8.266536402192619,8.5829848314695,0.062431483772942276,0.015637444004120805,0.16406880826506587,0.732231927208699,-1.0808081655675814,0.49560597651041177,1.9293347289334004e-09,-1.3529718371650779,0.36216968765707946,-0.0795663600151002,30.390501479222547,0.7356137351044426,2.700399015613816,10.41669130402578,0.8065938024535186,8.510036423287703,1599243.8853408194
51076,3.553695099646515,-30.33005478898781,5.929627,3,1,9.052165085418418,8.785547053891898,9.255692946022426,0.15453921532590853,0.08339987911832114,0.3134525574624953,0.22047803068136204,-1.0815361159999122,4.074784916401585,4.373592280607626e-09,-1.854267998304957,0.3479339790587801,-0.08576202475244443,7.762567323234395,0.6650852970128014,0.6274746580681119,11.052165085418418,0.7516473712225049,9.176150942499468,2527121.7309817113
51398,3.575060222246004,-30.33130673480997,3.785574,3,1,8.779828784607659,8.621040921656954,8.975117399126626,0.10142980605210511,0.07101638493156559,0.14772346647882206,0.16607186978801544,-0.5172896214064577,3.8159004184805605,7.101072709344853e-09,-0.919814926814639,0.24639008446408184,0.022454857227465652,26.734785508200243,0.68785209253507,1.1291529546031103,10.779828784607659,0.7695671907057223,8.893582240649621,2100091.664285157
51435,3.562258433860792,-30.32908799652893,3.677697,3,1,8.333531581905666,8.110160576703533,8.579136074373835,0.026066327617411345,0.010666793975222189,0.05596626073621908,0.31818667271543216,-0.8412906687551983,1.0431685822078918,4.981034703947758e-09,-2.333865391508427,0.06970902039773463,-0.30360229025118457,15.109430829347033,0.6681447524203794,1.1347409453754642,10.333531581905666,0.754066058871585,8.456122188626416,2076286.4819672646
51660,3.56095117776596,-30.32932097580294,4.437427,3,1,9.245610485597025,9.15536697697174,9.350711654857948,0.19096746080488902,0.06938668900267411,0.3734250133571558,0.3033863669219444,-0.4871532018472976,4.740969268605827,2.7505975817982704e-09,-1.8077524713779627,0.6794015929648367,0.2560506988225839,29.664526288400058,0.7238008431365069,0.9818425028502576,11.245610485597025,0.7975048984501666,9.343877126327563,2238555.9459615927
53845,3.560745780823197,-30.32315188086716,5.280225,3,1,8.286717641680589,7.9851941902692625,8.560528190000737,0.13213748043317589,0.06223806920484948,0.2602937878867033,0.1651935684941156,-0.462762831564636,1.0860878242123493,6.479739089010495e-09,-2.01506450058552,0.43937024162212523,-0.06791386721363679,26.047015735235348,0.6250229861447655,0.6833717121357237,10.286717641680589,0.7196597152039713,8.4295904490588,2405796.200844951
60018,3.574879169,-30.35606971999999,2.311847,3,1,8.041771957607942,7.89868374593924,8.214729624550012,0.264583487880483,0.08069780115489918,0.5030630077799404,0.5237875902714546,-0.8670845956009716,0.25405567831466935,2.1734511132292e-09,-1.4885720677171685,0.5844233815411961,0.1662015543830897,49.34014508531364,0.7049760359991892,1.9980315813637264,10.041771957607942,0.7829284020145905,8.148049909511327,1747054.1477584487
60061,3.551117917,-30.37475583000003,3.749341,3,1,8.44813089352474,8.402324348738837,8.491902773513667,0.09180105120640492,0.04930963099083063,0.1483437496881577,0.411157667829044,-1.7738161442139724,0.07478975828858869,2.5999106541691334e-10,-2.626897855398065,0.532710716389488,-0.21841445297850015,40.37925846829743,0.6704770746654314,1.1131797989663732,10.44813089352474,0.7559076716012371,8.569662140566948,2092126.3502953162
60157,3.6038467,-30.38223800000003,7.880038,3,1,9.44959378769008,9.274795116764006,9.565421714969396,0.22717857994313984,0.13294362977974483,0.3868599100188319,0.13895481396940135,-1.4245020243254973,16.972690564793737,6.372087477665482e-09,-1.5638593325659111,0.3675005417662618,-0.26310515403918444,32.115962082949025,0.7092664491186182,0.46122154281856825,11.44959378769008,0.7862607415567832,9.554027196051416,2860741.6906809323
