z_phot,log_Mstar,dust
9.9624,8.59327,0.0
9.948,8.82049,0.0
8.2109,9.00183,0.1
8.9365,10.78474,0.7
9.1798,9.80691,0.0
8.4734,9.0498,0.1
10.0162,8.1874,0.0
9.0575,9.81607,0.0
9.286,8.4727,0.0
8.1904,8.48509,0.1
8.0694,8.86835,0.1
10.0648,8.06854,0.0
9.7488,8.39569,0.0
8.0216,9.33213,0.2
9.2758,8.04387,0.0
8.3117,9.73986,0.2
9.3228,8.92846,0.0
10.0323,8.07529,0.0
9.0083,8.93834,0.1
8.109,8.77793,0.0
8.0747,9.11917,0.1
9.9274,8.54631,0.0
8.0711,8.69074,0.1
8.5962,10.68757,0.7
8.172,9.63962,0.4
8.2928,9.33515,0.2
9.0636,8.47602,0.0
10.0261,7.87772,0.0
8.4179,9.03497,0.1
9.6589,8.91314,0.0
8.7039,8.5585,0.0
8.6853,8.84835,0.1
8.641,9.425,0.2
8.1742,8.77372,0.0
9.9356,8.31148,0.0
9.9519,8.74035,0.0
8.2318,8.93233,0.0
8.7464,8.53323,0.0
8.4668,8.47462,0.0
10.3339,8.70405,0.0
8.2236,9.35987,0.4
8.5467,9.49353,0.4
11.8566,9.90808,0.0
10.0356,8.07078,0.0
8.8358,8.44917,0.0
9.8282,8.95838,0.0
9.9196,8.71672,0.0
8.3237,10.28404,0.5
10.0018,8.09441,0.0
8.4191,9.12558,0.0
10.01,8.41402,0.0
8.0288,8.77482,0.0
8.4354,9.30944,0.0
8.9882,8.50552,0.0
8.0207,9.4183,0.1
9.9531,8.68931,0.0
10.0291,8.66415,0.0
10.0318,7.85504,0.0
8.7994,8.49377,0.0
9.5958,10.08655,1.2
9.501,8.18913,0.0
8.2926,9.46933,0.1
8.3653,9.48564,0.3
8.2298,8.33316,0.0
10.5092,8.75916,0.0
8.6701,9.35147,0.2
8.3395,9.58384,0.5
8.089,9.65347,0.5
10.0504,8.15659,0.0
10.3956,10.36032,1.2
8.3358,8.33092,0.0
10.8821,9.35852,0.1
10.0395,8.03376,0.0
8.2252,8.60938,0.1
8.9196,8.10135,0.0
8.6006,8.50739,0.1
9.5289,8.74102,0.0
10.0516,8.89319,0.0
9.254,8.81922,0.1
9.6191,8.77298,0.0
9.8652,8.16766,0.0
8.766,8.2449,0.0
10.0169,8.12112,0.0
9.078,10.87808,1.2
9.5684,8.62645,0.7
9.8051,8.39877,0.0
9.8454,8.97238,0.0
9.5082,8.47837,0.0
8.9157,8.15886,0.0
9.5496,8.58522,0.0
8.4968,8.37042,0.0
9.4035,8.22544,0.0
8.1293,8.38866,0.0
9.0937,8.32594,0.0
10.0292,8.06349,0.0
8.3088,8.72163,0.1
9.0734,8.54917,0.0
9.8604,8.54508,0.0
8.5302,9.22107,0.2
9.8452,8.39744,0.0
9.9927,8.5536,0.0
9.6726,8.21602,0.0
8.6291,8.65382,0.1
9.4704,8.5069,0.0
8.315,8.37041,0.1
9.8964,8.11484,0.0
8.4489,9.38996,1.2
9.9994,8.25642,0.0
8.4835,9.81571,1.2
9.9938,8.0553,0.0
10.0516,8.35774,0.0
9.1725,8.13757,0.0
9.2701,8.03414,0.0
9.2535,8.29719,0.0
9.346,8.18895,0.0
8.674,8.93421,0.1
8.4879,8.44471,0.0
9.4439,8.44628,0.0
8.9593,8.62257,0.0
8.6143,8.42477,0.0
10.1063,7.31831,0.3
9.9914,7.84893,0.0
9.1862,8.34763,0.0
9.3163,8.016,0.0
8.7795,8.20148,0.0
9.4589,8.30057,0.0
9.7184,7.95473,0.0
8.3092,8.19157,0.0
9.8904,8.33388,0.0
8.9125,10.68352,0.2
10.8178,8.99316,0.1
8.2319,9.50905,0.2
8.9468,9.71681,0.0
9.3876,8.18922,0.0
8.1182,8.60493,0.0
9.234,8.90576,0.1
8.0578,8.63289,0.0
9.3264,9.32813,0.0
10.0094,8.4934,0.0
10.0184,8.82334,0.0
8.9322,9.51045,0.1
9.0697,9.95465,0.3
9.0637,8.23893,0.0
8.0444,8.53354,0.0
9.115,8.44355,0.0
9.2089,9.73367,0.0
9.9851,8.31428,0.0
8.728,9.55405,0.1
8.2003,10.24333,0.2
10.1475,8.82194,0.0
10.0322,7.97884,0.0
8.8096,8.82953,0.0
10.0479,9.1223,0.0
9.6308,8.37445,0.0
10.0011,8.44499,0.0
9.9502,8.0105,0.0
9.7528,9.32276,0.1
10.0198,7.98091,0.0
10.0114,8.02419,0.0
8.0389,9.13325,0.2
8.8351,8.6938,0.0
8.3334,8.66793,0.1
8.951,8.55739,0.1
8.3052,8.93136,0.1
8.1386,9.02911,0.0
8.3835,10.45923,0.6
8.3437,8.77701,0.1
8.6207,8.90333,0.1
8.2767,9.90556,0.4
8.5763,10.06204,0.1
10.0466,7.93977,0.0
8.5938,8.68922,0.0
8.0123,8.82387,0.0
8.9385,11.41383,1.2
9.1078,8.18866,0.0
9.2486,7.9859,0.0
10.0566,8.07882,0.0
8.22,7.54564,0.3
9.2236,8.65924,0.1
11.8724,10.29378,0.1
8.3324,9.81023,0.4
10.0428,7.83092,0.0
10.0016,7.9433,0.0
8.8522,8.96794,0.0
8.1544,8.65406,0.0
10.1277,8.86447,0.0
10.0402,8.12894,0.0
10.0924,9.96149,0.1
9.3977,7.76728,0.0
9.5563,8.82848,0.0
10.0386,8.08213,0.0
8.336,10.30172,0.5
9.7723,8.37469,0.0
9.2557,8.84311,0.0
8.5297,9.3341,0.4
9.1989,9.06239,0.0
9.6651,8.25669,0.0
10.0055,8.34119,0.0
9.135,8.18409,0.0
9.6912,8.53799,0.0
8.825,8.85035,0.1
9.6962,7.85936,0.0
10.2245,8.5911,0.0
9.3216,8.16271,0.0
8.1794,8.82991,0.1
8.5328,8.05406,0.0
9.9183,8.37342,0.0
9.7442,8.33111,0.0
10.3751,8.3293,0.0
10.032,8.13573,0.0
9.2359,8.95467,0.1
10.0157,8.05661,0.0
9.9053,8.01677,0.0
10.0549,8.10311,0.0
10.0148,8.19135,0.0
8.2743,9.07462,0.1
8.9536,8.19034,0.0
9.1244,8.67789,0.0
9.1815,8.8728,0.2
8.0853,8.24677,0.0
8.4527,9.06882,0.0
9.7353,8.30701,0.0
8.5197,8.65122,0.0
9.1197,7.94551,0.0
9.9156,8.3588,0.0
8.4078,9.08229,0.2
9.0862,8.91596,0.1
8.8098,8.44338,0.0
8.4778,8.7353,0.2
10.0348,8.23729,0.0
9.7955,8.61344,0.0
9.4132,8.25247,0.0
9.4539,8.47953,0.0
11.3248,10.3594,1.2
8.0414,9.42926,1.2
9.7035,8.09341,0.0
8.6689,8.6379,0.1
9.2068,8.32718,0.0
8.621,9.05124,0.1
9.0684,9.27268,0.6
10.0286,8.08765,0.0
9.3342,8.04955,0.0
10.0301,8.10794,0.0
9.9106,8.0413,0.0
9.861,8.40237,0.0
9.8806,8.19576,0.0
8.3539,8.09147,0.0
9.4265,9.78493,1.2
9.3931,8.49924,0.1
8.2408,9.58864,1.2
8.6986,9.7979,1.2
9.186,8.44701,0.0
8.307,8.39249,0.1
10.0124,8.13942,0.0
10.0438,10.32187,1.2
9.3664,8.38006,0.0
8.0236,8.50348,0.0
8.2048,7.49732,0.1
10.039,8.64274,0.0
10.0015,8.06915,0.0
9.3665,7.82147,0.0
8.0242,7.51348,0.0
8.0919,9.58784,0.3
9.777,8.33296,0.0
9.6031,8.51126,0.0
9.8425,8.34041,0.0
10.0278,8.61381,0.0
9.235,7.94838,0.0
9.6315,8.17713,0.0
9.2607,8.67006,0.0
8.1329,8.69144,0.1
9.5143,8.32491,0.0
8.9727,8.34729,0.0
9.1737,8.63817,0.0
9.9204,8.44025,0.0
9.7582,8.0385,0.0
8.2221,8.36862,0.1
9.1479,8.39497,0.0
9.1638,8.43091,0.1
8.6261,8.16831,0.0
9.7759,8.20563,0.0
8.8516,8.25054,0.0
8.6833,8.55437,0.0
8.526,10.14088,1.0
8.2522,8.72382,0.1
8.3968,8.18154,0.0
8.8749,8.59355,0.0
8.4093,9.75838,0.1
8.0757,8.52514,0.0
8.7416,8.34241,0.0
11.1976,9.79187,0.1
9.515,8.58724,0.0
8.4673,8.99135,0.1
8.3363,8.67476,0.0
9.9966,8.38437,0.0
9.0808,7.63333,0.7
10.228,9.28404,0.1
9.6174,8.55867,0.0
9.4693,8.05914,0.0
10.059,8.11968,0.0
10.0518,8.0882,0.0
8.2906,11.42275,1.0
11.0721,10.55746,0.4
8.008,8.85006,0.0
8.2212,10.21024,0.5
9.0627,8.68768,0.0
9.1491,9.80874,0.1
9.8433,8.7987,0.1
8.2653,8.65953,0.0
9.7979,8.52286,0.0
8.2103,8.39469,0.0
8.1682,8.28736,0.0
9.2542,8.06164,0.0
9.3051,7.94462,0.0
9.4491,8.95767,0.0
8.4936,9.19064,0.1
10.0231,8.16174,0.0
8.3845,10.38505,0.7
8.5298,9.55098,0.1
8.1052,8.64311,0.1
8.0273,8.54865,0.1
8.4051,8.30984,0.0
8.4694,8.76637,0.0
8.3272,9.12365,0.2
8.1384,9.89663,0.3
11.3035,9.36805,0.1
9.3285,8.00611,0.0
8.4672,7.86231,0.0
8.5766,9.1361,0.1
9.977,8.26364,0.0
8.1117,7.08419,1.0
8.6136,8.38767,0.0
10.1318,8.66673,0.0
8.0312,9.35311,0.1
8.3001,9.17655,0.2
9.8408,8.09716,0.0
8.8737,8.86809,0.0
9.9832,8.41681,0.0
8.2466,8.65946,0.1
8.3865,8.39648,0.0
8.5817,9.01424,0.4
8.6596,9.44953,0.2
10.0495,8.92562,0.0
10.0255,7.98818,0.0
9.2216,8.14652,0.0
8.1053,8.03183,0.0
8.6751,8.1481,0.0
10.0165,8.21386,0.0
8.2216,9.5701,0.0
9.6167,8.96114,0.0
8.3548,8.7494,0.1
9.4284,8.38611,0.0
8.1022,8.34441,0.0
9.2755,9.88371,1.2
9.0676,8.18077,0.0
9.8486,8.79608,0.1
10.7163,10.43144,1.2
8.0948,8.2245,0.0
8.0248,9.40669,1.2
8.0061,8.54719,0.0
9.8112,8.28596,0.0
9.2835,8.22481,0.0
9.7657,8.27916,0.0
9.9835,8.06696,0.0
9.8449,8.13215,0.0
8.7098,8.14107,0.0
8.6858,8.06032,0.0
8.9899,8.04355,0.0
9.8947,7.92549,0.0
8.8778,9.18747,0.1
8.2069,8.12374,0.0
9.1082,8.52479,0.0
9.4514,8.00313,0.0
8.9066,8.14241,0.0
9.7368,8.12713,0.0
9.8371,8.14403,0.0
8.1862,8.63056,0.0
9.9619,8.22447,0.0
9.548,8.07467,0.0
8.0721,8.22722,0.0
9.9162,8.13169,0.0
8.4285,8.29593,0.0
9.7316,8.57724,0.0
9.4782,8.38153,0.0
10.0159,8.08424,0.0
8.0083,8.72267,0.0
8.4753,8.5158,0.1
10.5326,10.16862,1.2
8.2311,8.46911,0.0
8.586,10.07084,1.2
8.1433,9.58057,1.2
9.508,9.82749,1.2
9.9721,8.04246,0.0
9.7508,8.07155,0.0
10.0615,8.05798,0.0
8.2895,8.31874,0.1
9.8297,8.05815,0.0
8.0473,9.031,0.1
9.4176,8.49729,0.0
8.3351,9.87357,1.2
9.7922,10.45483,1.2
8.4742,9.78631,1.2
8.6445,9.78228,1.2
8.8572,8.78999,0.1
10.3335,8.89846,0.0
8.2389,9.52645,0.1
10.0792,8.53208,0.0
10.1907,8.92201,0.0
10.1655,8.70685,0.1
8.2728,8.79658,0.0
9.0522,8.99153,0.1
8.9611,7.99327,0.0
9.9599,8.33317,0.0
9.9983,8.59356,0.0
9.9492,8.04045,0.0
8.0742,8.69511,0.1
8.018,10.1231,0.5
9.9056,8.29082,0.0
8.7786,8.98055,0.0
9.1238,9.34998,0.0
10.3293,8.32652,0.0
9.7233,8.7515,0.1
8.0342,8.58539,0.1
10.2347,8.57763,0.0
8.4632,10.08214,0.5
10.0023,8.14485,0.0
8.2611,9.90636,0.4
8.0094,9.19083,0.1
9.9816,7.94009,0.0
8.245,9.52827,0.3
10.0687,8.55713,0.0
8.3204,8.90511,0.1
8.4204,10.08221,0.5
8.9441,9.30382,0.1
10.7921,9.53893,0.1
9.679,9.07855,0.1
10.0601,8.53982,0.0
10.4926,8.5346,0.0
8.4796,9.4205,0.0
8.0365,8.92837,0.1
8.4902,10.39339,0.7
8.366,10.16171,0.6
8.1383,10.01744,0.2
8.9127,9.03718,0.1
10.0221,9.62325,0.0
9.8785,8.17025,0.0
8.694,10.30547,0.2
8.0854,9.88011,0.1
10.7847,10.25881,0.1
8.8116,9.09543,0.0
9.4943,8.50591,0.0
8.7539,8.66511,0.1
8.0921,9.94172,0.1
8.1208,9.0029,0.1
8.4314,8.48795,0.0
9.1389,8.76474,0.1
8.2162,9.50597,0.1
9.909,8.68476,0.0
10.0172,8.07746,0.0
8.44,8.03816,0.0
8.4487,9.99452,0.2
10.0289,8.06107,0.0
9.9727,7.97645,0.0
9.4693,9.09247,0.0
9.2188,8.21731,0.0
9.2803,8.10957,0.0
8.3288,8.44856,0.0
8.5124,8.44415,0.1
10.1831,8.39825,0.0
8.3647,9.8466,0.4
10.0577,8.20071,0.0
9.486,8.18046,0.5
9.8723,7.93418,0.0
9.5873,8.33968,0.0
10.0443,7.90225,0.0
9.3389,8.48529,0.0
9.5718,8.66672,0.0
9.8025,8.46698,0.0
9.9881,8.41998,0.0
9.233,8.45701,0.1
9.958,8.09985,0.0
9.2872,8.66581,0.0
9.6887,9.2904,0.4
9.9611,8.42408,0.0
9.1813,7.64244,0.0
9.3026,8.56391,0.0
8.5763,8.35868,0.0
9.6672,8.16498,0.0
9.2167,9.01781,0.1
10.0663,8.03544,0.0
9.0779,8.1295,0.0
8.2149,8.40461,0.0
9.194,10.556,1.2
8.5366,8.29276,0.0
8.0083,8.47328,0.0
8.15,8.65126,0.1
10.1007,8.26849,0.0
9.5853,8.71595,0.0
8.3663,8.11807,0.0
8.64,8.61633,0.1
8.1795,8.77092,0.1
9.762,7.859,0.5
9.8017,8.04762,0.0
10.0397,8.67899,0.0
10.0417,8.24824,0.0
9.5065,8.01012,0.0
8.4471,8.38347,0.0
8.111,8.22191,0.0
9.3099,8.69416,0.0
8.32,8.32075,0.1
9.2387,8.67105,0.0
9.1519,8.57665,0.1
9.7307,8.49058,0.0
8.0219,8.65834,0.1
8.2886,8.4071,0.0
9.245,8.38375,0.0
9.9996,8.08846,0.0
9.4293,8.09152,0.0
10.0216,7.97128,0.0
9.283,8.57218,0.0
10.0615,8.72285,0.0
9.7458,8.45137,0.0
9.5189,8.14202,0.0
9.7555,8.49684,0.0
8.6081,8.19505,0.0
9.9591,8.39925,0.0
8.8419,8.41028,0.1
9.9004,8.21777,0.0
8.1386,8.86886,0.1
9.4391,8.23099,0.0
9.4226,8.01556,0.0
9.0501,8.70455,0.0
8.5082,11.37444,1.2
9.7498,9.47941,0.1
8.0738,9.18823,0.1
8.2288,8.40947,0.0
9.3011,9.03577,0.0
9.0184,9.29289,0.0
9.0087,8.7587,0.0
9.4083,9.95606,0.1
9.7883,8.18283,0.0
10.0761,8.75436,0.0
8.6987,9.21939,0.0
9.9999,8.29819,0.0
8.2115,8.59828,0.0
8.0347,9.39223,0.1
10.0124,8.02989,0.0
9.1774,9.17238,0.1
8.0169,8.73678,0.0
8.0597,8.70189,0.1
9.3706,8.54524,0.0
10.148,8.72683,0.0
10.4975,8.55517,0.0
8.9656,6.22907,0.6
8.3851,8.95646,0.1
10.067,8.16055,0.0
8.4759,8.66137,0.0
9.1587,9.58457,0.1
8.0864,8.74277,0.1
8.0217,10.06152,0.5
9.1986,9.51523,0.0
9.3255,11.14426,0.9
8.3289,8.44314,0.0
8.8431,9.23052,0.0
9.0843,9.39788,0.1
9.066,9.60253,0.1
9.2903,8.0026,0.0
10.0653,8.22238,0.0
9.5484,9.15171,0.2
10.0425,7.99137,0.0
9.0675,8.66941,0.0
10.0421,8.04784,0.0
8.4501,8.6241,0.0
8.3187,8.82321,0.1
8.5917,8.92882,0.0
11.4028,10.51543,0.5
8.9999,8.46014,0.0
8.298,9.66055,0.5
8.4258,9.84317,0.2
9.4497,8.54764,0.0
10.0948,9.26247,0.2
9.065,8.34373,0.0
9.4038,8.07576,0.0
8.4171,8.74777,0.1
9.8283,8.24368,0.0
9.6841,7.24126,0.0
9.2121,8.24381,0.0
8.3422,9.32792,0.1
8.7515,9.74939,1.2
10.033,7.94264,0.0
8.1626,8.23428,0.0
8.3884,8.05131,0.0
9.2267,8.09778,0.0
9.9432,8.30401,0.1
9.7019,8.48839,0.0
9.1758,10.53046,1.2
9.6777,8.29042,0.0
8.1577,8.49555,0.0
9.908,8.53141,0.0
9.0226,8.44479,0.1
9.3094,8.20087,0.0
9.7726,8.32311,0.0
9.916,9.31181,0.0
9.8115,8.28897,0.0
9.7162,8.06893,0.0
9.2694,10.49701,1.0
9.9719,8.24901,0.0
8.4919,8.58872,0.1
8.3469,8.4313,0.0
8.1171,8.97849,0.1
9.3673,8.19111,0.0
9.98,8.1554,0.0
9.1832,9.91517,0.9
9.9982,8.50715,0.0
9.7443,8.27721,0.0
9.3468,7.95408,0.0
9.9955,7.94012,0.8
9.9979,7.5438,0.4
9.5131,8.2592,0.0
8.3911,8.57835,0.1
10.0212,8.07823,0.0
9.9815,8.62863,0.0
9.9906,8.19808,0.0
8.2681,8.16389,0.0
10.0277,7.9864,0.0
10.0008,8.09873,0.0
9.0863,8.56787,0.0
10.0428,8.91186,0.0
9.0929,9.55334,0.1
10.0819,7.46327,0.0
8.3007,9.02295,0.3
9.5328,7.31274,0.4
10.0614,8.02406,0.0
8.8327,8.34346,0.0
9.5945,8.42948,0.0
9.9931,8.01598,0.0
10.6781,10.11105,1.2
8.2098,9.70416,0.1
8.4515,9.70661,0.1
9.522,8.44942,0.0
8.2131,10.09711,0.5
8.0411,8.93248,0.1
8.4265,8.78555,0.1
8.1959,10.22532,0.5
8.236,8.79114,0.1
10.0345,8.21289,0.0
10.0466,7.91776,0.0
10.0386,8.5171,0.0
9.7089,9.12065,0.0
9.2519,10.52635,0.0
9.3177,10.92661,1.2
8.3896,10.14781,0.2
8.3125,9.99353,0.1
8.9008,10.02543,0.1
9.7477,10.70574,1.2
9.7554,8.22411,0.0
10.0601,7.90421,0.0
9.8331,8.03453,0.0
8.7756,8.26464,0.0
8.1864,9.93985,0.1
8.9839,10.42218,1.2
10.0163,8.04967,0.0
9.147,9.86151,0.1
8.2465,8.87134,0.0
10.3006,8.81273,0.1
9.2719,8.37359,0.0
8.0628,8.58872,0.0
10.114,8.55011,0.0
8.3568,8.2982,0.0
10.4985,8.94638,0.0
9.2769,8.7138,0.0
8.2126,8.52745,0.0
10.0693,8.11917,0.0
9.6531,8.98275,0.1
10.0629,8.06488,0.0
10.0341,8.30554,0.0
8.4386,9.22937,0.1
10.0394,8.24209,0.0
9.743,8.56373,0.0
8.1561,8.6541,0.1
8.6,9.31835,0.1
10.0055,8.54426,0.0
9.8305,8.98571,0.0
9.4596,9.14338,0.0
8.0759,8.80737,0.0
10.0737,8.06438,0.0
10.0481,8.1528,0.0
8.6781,8.85055,0.1
8.6244,10.22156,0.6
8.7061,9.1806,0.0
8.2692,8.44487,0.0
8.5717,7.77114,0.0
8.4965,8.94383,0.2
8.3028,8.54916,0.0
8.1292,8.92593,0.0
8.3054,8.5084,0.1
8.2446,8.60587,0.1
10.0535,8.55021,0.0
8.0726,8.98254,0.1
8.3322,9.61238,0.3
8.4551,9.10712,0.1
8.8081,9.99927,0.1
9.0816,9.10762,0.0
10.0277,8.31913,0.0
8.9292,8.46247,0.0
10.0238,7.94207,0.0
8.7248,7.95389,0.0
9.5123,8.09551,0.0
9.1497,8.27759,0.0
8.7668,8.11186,0.0
8.0375,9.40839,1.2
9.065,8.05644,0.0
10.0211,8.21508,0.0
9.2926,8.58357,0.0
9.5638,8.19865,0.0
10.0271,7.88593,0.0
9.9841,8.238,0.0
8.3424,8.0682,0.0
8.1436,8.40718,0.0
8.9819,8.38744,0.0
8.906,8.30178,0.0
8.5369,7.35037,0.0
9.6296,8.21457,0.0
8.923,8.56583,0.0
8.1492,9.21632,0.2
8.1449,9.0947,0.0
10.0765,8.48088,0.0
10.0386,7.98936,0.0
9.7531,8.24874,0.0
8.9901,8.15082,0.0
9.6614,8.34779,0.0
8.8533,8.58999,0.0
8.1303,7.30343,0.4
8.902,8.39545,0.0
8.1717,9.76563,0.4
8.4735,8.37627,0.1
8.9772,8.40047,0.0
9.2935,7.14761,0.7
9.4168,7.96907,0.0
9.8552,8.08576,0.0
9.967,8.12168,0.0
9.7168,8.27499,0.0
10.0666,8.39026,0.0
8.5057,8.58528,0.1
9.4195,8.35552,0.0
8.0961,8.04166,0.0
10.0105,8.01134,0.0
9.3113,7.81559,0.0
9.9693,8.57602,0.0
9.2582,8.38971,0.0
9.9996,8.07253,0.0
8.4265,9.98031,1.2
8.4404,9.46218,0.1
9.4571,8.29977,0.0
9.6915,7.90435,0.0
8.2158,8.53186,0.0
8.4518,8.46098,0.0
9.9331,8.03115,0.0
8.471,8.25623,0.0
9.576,8.13541,0.0
9.3009,9.77357,1.2
9.4723,7.32022,0.4
8.245,8.42482,0.0
9.6962,8.27594,0.0
9.9176,8.07449,0.0
8.061,8.79847,0.1
9.2014,8.58176,0.0
8.0663,9.31624,1.2
9.2087,8.75889,0.0
9.6329,8.68897,0.0
9.5496,8.72637,0.1
8.1667,8.63727,0.1
8.2824,8.0133,0.0
10.0468,8.01111,0.0
10.508,10.32984,0.9
8.3558,9.88392,1.2
9.6242,8.73036,0.0
8.3672,8.66015,0.0
9.9118,8.03005,0.0
10.0518,8.17873,0.0
8.1277,11.2092,0.7
9.9746,8.1591,0.0
8.1185,8.86993,0.1
8.748,9.02001,0.0
9.4078,8.87134,0.0
8.8594,8.78709,0.1
9.2356,9.60997,0.2
8.1416,8.88554,0.1
9.4045,8.44741,0.0
10.0421,8.92696,0.0
10.0358,9.2136,0.0
8.2331,10.41797,1.2
8.1771,9.23436,0.1
8.9205,9.28318,0.0
10.0123,8.15821,0.0
9.8956,9.01097,0.0
10.0393,8.81596,0.0
8.0045,8.90171,0.1
10.5187,8.37167,0.0
9.4752,9.95452,0.0
9.9758,8.20226,0.0
8.3523,8.70383,0.0
9.1608,9.42456,0.1
9.4156,8.46979,0.0
9.1225,8.95875,0.0
8.4169,9.30245,0.1
8.917,8.7146,0.0
9.3515,8.57303,0.0
10.063,8.01202,0.0
9.7461,8.32412,0.0
10.0646,8.11208,0.0
9.2549,7.82217,0.0
9.9603,8.2095,0.0
9.2224,9.85113,0.2
8.6073,9.33044,0.0
10.0041,8.1141,0.0
8.0325,9.97177,0.5
9.8841,9.41403,0.2
8.6339,8.61324,0.0
8.4926,8.86987,0.0
8.9437,8.95812,0.0
9.0098,8.88004,0.0
11.9403,10.07228,0.0
9.727,8.63308,0.0
10.042,8.08631,0.0
8.3865,8.57484,0.0
9.9783,8.21971,0.0
10.0305,7.95166,0.0
8.14,9.79041,0.2
8.0212,8.71704,0.0
9.0032,8.28417,0.0
8.2489,8.56808,0.0
8.5886,9.2812,0.5
8.5003,9.93866,0.5
10.0215,8.41913,0.0
8.2853,9.19992,0.1
8.2697,9.24749,0.0
9.2946,8.31148,0.0
9.4754,8.32276,0.0
9.675,8.80733,0.0
8.4954,8.85299,0.0
8.4227,9.73528,0.4
8.8453,8.49835,0.0
9.3529,8.97827,0.0
8.7683,9.12462,0.0
8.514,9.39721,0.4
10.0395,8.01558,0.0
8.6784,8.77619,0.0
8.1802,8.92512,0.2
10.0318,8.16445,0.0
8.18,8.37918,0.0
10.0517,8.09393,0.0
9.1982,8.06298,0.0
8.5891,8.29278,0.0
9.4154,8.24652,0.0
9.2079,8.56387,0.0
8.7428,8.60062,0.0
8.4433,8.7775,0.1
9.3108,8.11791,0.0
9.6686,8.48199,0.0
8.4267,8.28103,0.0
9.7873,8.37386,0.0
9.2017,8.23111,0.0
9.3899,7.97561,0.0
9.0863,8.38173,0.0
9.8824,8.33267,0.0
8.376,8.2511,0.0
8.1219,8.26344,0.0
9.2595,8.92742,0.0
8.7161,8.35652,0.0
9.0885,8.47295,0.0
9.8659,7.98179,0.0
9.9138,7.79545,0.0
9.922,8.33941,0.0
8.9648,8.42756,0.0
9.1617,9.07157,0.1
8.352,8.68172,0.1
9.5162,8.36591,0.0
9.3924,8.67861,0.0
8.8212,9.84366,1.2
10.044,7.89147,0.0
9.7364,8.44958,0.0
9.592,8.22731,0.0
10.088,8.87516,0.0
9.6939,8.18902,0.0
9.2548,8.36705,0.0
9.1963,7.13551,1.0
9.2031,8.35424,0.0
9.9668,8.35695,0.0
9.4894,8.41966,0.0
8.0917,9.10875,0.2
8.5681,8.09137,0.0
9.6838,8.20602,0.0
9.7592,8.53017,0.0
9.463,8.45374,0.0
9.3017,8.37152,0.0
9.1213,8.14873,0.0
8.1536,8.08173,0.0
8.9935,8.89843,0.0
9.8304,8.74853,0.0
10.059,8.25329,0.0
8.1325,8.77695,0.1
10.0445,8.62696,0.0
9.4781,8.97998,0.0
10.0349,7.79858,0.0
8.5764,8.8947,0.0
9.1607,8.49722,0.0
11.1345,10.15508,1.2
8.5937,8.46542,0.1
8.7725,8.49426,0.1
8.2762,8.84799,0.1
9.0458,8.5409,0.0
8.2139,8.22026,0.0
8.4625,8.61476,0.0
10.0694,10.07257,1.1
8.1888,8.50613,0.0
9.644,8.62582,0.0
10.0567,8.01947,0.0
10.0574,8.11081,0.0
10.4336,8.48475,0.0
8.735,9.0083,0.0
8.0262,8.44204,0.0
8.8124,8.5811,0.0
8.9517,9.80048,0.2
8.1084,8.9544,0.1
8.7119,8.65278,0.1
8.0253,10.60409,0.5
10.0248,8.43898,0.0
9.6077,8.24549,0.0
8.3098,9.90465,0.2
8.0622,9.65457,0.1
8.0702,9.12648,0.1
9.987,8.05253,0.0
9.839,8.61001,0.0
9.3722,8.70087,0.0
9.1977,10.55122,1.2
9.2574,9.68835,0.1
8.05,8.68854,0.1
8.0277,8.58312,0.0
8.2115,8.92338,0.1
8.1571,9.53207,0.1
9.4962,8.1934,0.0
9.4506,8.05775,0.0
8.9097,9.16448,0.0
10.1918,9.04355,0.1
9.5037,8.61896,0.0
9.7746,8.28279,0.0
8.4341,8.60566,0.0
9.167,8.43585,0.0
8.1019,8.73155,0.0
8.3089,10.11889,0.5
10.0539,8.02251,0.0
8.0905,9.34783,0.2
8.3342,9.79505,0.5
8.3684,8.4507,0.0
8.3002,8.64593,0.0
8.1751,8.7169,0.1
9.0876,8.53599,0.1
9.9783,8.50562,0.0
8.1061,9.46517,0.0
8.7795,8.48395,0.0
9.886,8.32304,0.0
10.0146,7.84469,0.0
8.6765,8.65161,0.0
8.5927,9.07366,0.5
8.2877,8.78677,0.2
9.0617,8.45967,0.0
8.3703,8.60731,0.0
8.2162,9.80792,0.4
10.0606,8.1152,0.0
8.928,8.98531,0.0
9.4693,8.03143,0.0
9.4521,8.92533,0.0
8.7914,8.43907,0.1
9.2172,8.34163,0.0
8.0796,9.43684,1.2
9.8281,8.4189,0.0
9.9611,8.54807,0.0
9.9739,8.03714,0.0
8.8853,8.26991,0.0
9.2692,8.69212,0.0
9.5689,8.67283,0.0
9.8823,8.0026,0.0
9.6618,8.09886,0.0
8.438,8.24503,0.0
9.962,7.9172,0.0
9.8021,8.4818,0.0
9.3713,8.21677,0.0
8.6723,8.25398,0.0
8.2312,8.91378,0.0
9.7104,8.34088,0.0
8.9481,8.63185,0.0
10.0509,8.01095,0.0
9.7194,8.19964,0.0
10.6639,8.56654,0.1
8.8209,8.23302,0.0
8.745,8.41209,0.0
9.3108,8.45487,0.0
8.5451,8.18566,0.0
8.0369,8.0674,0.0
9.8911,8.05765,0.0
9.9986,8.04892,0.0
9.0278,10.38094,0.8
9.0089,8.94713,0.1
8.4935,8.44704,0.0
8.5804,9.86646,1.2
10.0153,8.20077,0.0
8.1407,8.074,0.0
8.8142,8.31981,0.0
9.0522,8.17375,0.0
8.5516,8.79758,0.0
8.678,8.36193,0.0
9.067,8.48615,0.0
9.0434,8.58034,0.1
8.909,8.24544,0.0
8.4528,9.75278,0.0
9.9253,7.91762,0.0
9.5456,8.112,0.0
9.8799,8.47007,0.0
8.9506,8.57098,0.0
10.0037,8.10087,0.0
8.0689,8.48548,0.1
8.1378,8.15891,0.0
9.9802,8.22933,0.0
8.0227,7.9829,0.0
10.0464,8.27601,0.0
10.013,7.97885,0.0
9.9941,7.97019,0.0
8.477,8.74585,0.1
9.8723,8.0261,0.0
8.0672,8.76848,0.0
8.4005,8.73202,0.1
9.505,8.68895,0.0
8.0223,9.51862,0.1
9.5044,8.02009,0.0
8.9071,8.03715,0.0
8.1693,8.3153,0.0
9.2501,7.97427,0.0
8.2627,8.99574,0.3
8.844,8.64422,0.1
8.8252,9.95345,1.2
8.0482,9.0195,0.2
9.385,8.49287,0.0
9.8417,8.36601,0.0
9.5921,8.20133,0.0
10.0369,8.54318,0.0
10.0583,8.18033,0.0
10.0017,8.32666,0.0
8.2831,8.41077,0.0
11.294,8.56181,0.0
10.5558,9.63226,0.1
10.0333,8.60238,0.0
8.4961,8.77929,0.0
8.0858,8.82961,0.0
9.2016,8.61261,0.0
10.1487,8.28183,0.0
8.3122,10.80616,0.6
8.1181,9.12844,0.1
9.7498,9.19056,0.1
8.6685,8.9367,0.0
10.0378,8.05733,0.0
8.3123,10.16139,0.5
8.3088,10.13194,0.4
8.8836,9.33111,0.1
10.0057,8.34614,0.0
8.0387,8.86357,0.1
9.0377,8.92354,0.0
8.464,10.79827,1.2
10.0183,8.10294,0.0
8.5041,11.56265,0.7
8.2079,10.20975,0.5
9.0119,8.87405,0.0
10.0564,8.10466,0.0
8.2064,9.74881,0.1
8.4327,9.86119,0.5
8.4602,9.3154,0.1
8.0953,8.52655,0.0
8.5739,8.75707,0.0
8.7451,9.39729,0.1
8.4806,8.97377,0.1
9.7847,9.09284,0.0
8.0297,8.2915,0.0
8.3915,9.68892,0.1
8.365,9.46418,0.4
9.7478,10.41238,0.4
8.7506,8.84778,0.1
8.0768,9.25984,0.1
10.08,9.3006,0.0
9.478,8.27145,0.0
10.0436,8.03337,0.0
10.0002,8.19142,0.0
10.0359,8.15566,0.0
9.9649,8.02437,0.0
9.3791,8.43705,0.0
9.8962,9.12493,0.0
8.5539,8.28272,0.0
9.7813,8.50539,0.0
8.2068,8.38079,0.1
8.4831,8.89757,0.1
9.718,8.40766,0.0
8.185,7.01995,0.8
9.8387,8.13494,0.0
8.4041,7.96836,0.0
8.55,9.39965,0.1
8.2996,8.82125,0.1
9.9796,8.14964,0.0
9.8155,8.24459,0.0
8.0951,8.431,0.0
10.0605,7.88424,0.0
8.1161,8.1279,0.0
9.7187,8.01255,0.0
9.6097,8.36352,0.0
9.9812,8.04689,0.0
8.237,8.23317,0.0
10.2965,8.54835,0.0
8.0743,8.69116,0.1
8.6203,8.32606,0.0
8.7535,8.52137,0.1
8.8396,8.63556,0.0
9.9098,8.52555,0.0
9.3649,8.40692,0.0
8.1561,8.55095,0.0
9.2778,8.5734,0.0
8.9492,9.07945,0.1
9.913,8.3794,0.0
10.0515,7.94709,0.0
9.9811,8.09039,0.0
9.4891,10.73946,1.0
10.0627,8.13974,0.0
10.0367,8.48115,0.0
9.7816,8.45739,0.0
9.6313,8.37571,0.0
9.8018,8.04365,0.0
10.0433,8.32309,0.0
9.9964,8.15243,0.0
9.969,8.16934,0.0
8.8062,8.93693,0.1
8.804,8.47546,0.0
9.6872,8.26288,0.0
9.4248,8.44609,0.0
9.7438,8.12918,0.0
8.054,8.26328,0.0
8.1645,8.70439,0.1
8.7451,8.12594,0.0
8.1951,8.26894,0.0
8.821,8.59156,0.0
9.4088,8.40517,0.0
9.0605,8.60592,0.1
8.4287,8.52735,0.0
9.9166,8.15847,0.0
9.9627,7.98254,0.0
8.5201,8.82577,0.1
10.294,9.10534,0.0
8.1778,9.80935,0.1
9.1324,9.94282,0.1
8.0706,9.34909,0.1
9.0328,8.83092,0.1
9.1384,9.63152,0.1
9.3031,9.25752,0.1
9.358,8.91637,0.0
8.0892,8.83852,0.0
8.0825,10.10876,0.4
8.9743,9.58038,0.1
10.0109,8.05538,0.0
9.7698,8.35644,0.0
9.3644,8.56783,0.1
8.1838,8.83587,0.1
10.4579,8.72839,0.0
10.0149,8.06858,0.0
10.0455,8.38662,0.0
8.6638,9.59046,0.2
8.921,8.84272,0.1
10.1536,8.65548,0.0
8.6137,9.0063,0.0
8.8648,9.01123,0.1
8.3466,9.83311,0.1
8.2171,9.95281,0.4
10.0579,7.91956,0.0
9.6815,10.19282,0.2
9.8943,8.80709,0.0
8.8324,9.41951,0.1
9.3351,8.9275,0.2
9.0126,8.97685,0.1
9.0965,8.88741,0.0
8.0479,9.33666,0.3
8.9185,9.08097,0.0
8.3674,10.61031,1.2
8.1171,9.23981,0.1
10.4302,9.7322,0.1
8.2797,8.68226,0.1
8.0898,12.2575,1.2
9.2182,9.06571,0.0
8.4342,8.98612,0.0
9.9832,8.9824,0.0
8.6669,10.35701,0.6
8.5035,10.2865,0.6
8.9042,9.64561,0.1
8.5205,10.42983,0.5
8.0182,8.86895,0.1
8.1378,10.22119,0.5
8.0123,8.80547,0.1
9.7603,8.22517,0.0
9.9851,9.09107,0.1
9.0342,9.96043,0.1
10.0128,8.46376,0.0
9.2059,9.15265,0.0
9.2601,8.27358,0.0
9.3014,9.22244,0.0
10.0257,8.17829,0.0
9.0976,10.06855,0.1
9.5844,8.15759,0.0
8.3062,9.332,0.0
10.4844,10.59851,0.6
9.3408,8.99656,0.0
8.013,9.00408,0.1
8.2509,8.86902,0.0
8.5988,8.66007,0.0
8.4384,10.06418,0.6
9.2552,8.14931,0.0
8.3596,9.36732,0.4
8.0818,8.8213,0.0
8.384,8.24272,0.0
8.6186,10.0251,0.6
9.4127,8.07542,0.0
8.3487,9.59811,0.5
10.0294,8.00475,0.0
10.0342,8.02899,0.0
8.2872,8.81446,0.1
8.175,7.29826,0.1
8.9046,8.35579,0.1
9.0325,7.23596,0.0
9.7627,8.12551,0.0
8.2778,8.63231,0.0
9.0605,8.34058,0.0
8.072,8.3158,0.0
9.6199,8.32781,0.0
9.7353,8.09051,0.0
9.4994,7.97457,0.0
8.1161,9.00465,0.1
9.2717,8.09037,0.0
9.4147,8.38904,0.0
9.4101,8.57404,0.0
9.991,7.97627,0.0
9.403,8.17424,0.0
9.9381,8.10035,0.0
8.9482,8.37183,0.0
8.8034,8.56244,0.1
9.9377,8.59596,0.0
9.2671,8.27412,0.0
8.2529,8.85467,0.1
8.767,8.14043,0.0
8.9908,8.64838,0.1
8.8291,8.52882,0.0
9.8781,8.55755,0.0
8.2671,8.23612,0.0
8.1251,8.52703,0.0
8.8097,8.70783,0.0
8.0106,8.38815,0.1
9.4213,8.01988,0.0
9.4637,7.16924,0.0
9.6684,8.21918,0.0
9.1737,8.52225,0.1
9.9362,8.21843,0.0
8.7706,8.12554,0.0
10.0264,8.38903,0.0
9.3793,8.13536,0.0
8.0934,8.57375,0.1
9.8266,8.15912,0.0
8.4711,8.23344,0.0
9.1658,8.13998,0.0
9.5883,8.07429,0.0
9.9046,8.13185,0.0
8.1593,8.27213,0.1
10.5953,10.15352,1.2
9.8487,8.28623,0.0
9.943,8.18223,0.0
9.341,8.67464,0.0
9.8411,8.24085,0.0
8.6955,8.21919,0.0
9.3726,8.39473,0.0
8.9932,8.21159,0.0
9.2686,10.17539,1.2
8.4433,8.63079,0.0
8.6747,10.15251,0.6
9.6754,8.24559,0.0
9.8129,7.9573,0.0
8.6083,10.30134,1.2
10.4825,10.23803,0.9
8.6575,8.43771,0.0
10.045,8.17225,0.0
8.1252,10.07861,0.5
8.4664,9.05646,0.1
8.3048,9.12227,0.1
9.5557,8.78519,0.0
8.6058,8.70505,0.0
8.153,9.12649,0.0
8.2607,8.8556,0.0
10.4158,8.51592,0.0
9.9822,8.04598,0.0
9.2371,8.02252,0.4
8.0401,9.45176,0.0
8.2186,9.03408,0.2
8.1129,9.54403,0.1
10.0596,8.09384,0.0
9.0521,9.71618,0.1
10.0014,8.04399,0.0
8.5378,10.26568,0.6
9.4402,9.41306,0.0
9.5289,8.7121,0.0
8.7995,9.79867,0.2
8.7387,9.14509,0.0
8.8367,8.85913,0.1
10.0659,7.97066,0.0
9.1253,8.32413,0.0
9.0043,8.6223,0.0
8.128,9.85036,0.1
9.0405,9.04066,0.0
8.3597,8.62281,0.0
8.3247,9.11597,0.0
11.5417,10.23646,0.1
10.1327,9.50224,0.1
10.0484,7.96903,0.0
8.3991,9.76251,0.3
9.6486,9.25857,0.0
10.0425,8.039,0.0
10.1788,9.62029,0.1
8.189,8.84693,0.0
8.0128,10.18735,0.5
9.1249,8.72763,0.1
8.5231,11.19068,0.1
8.098,10.03075,0.1
9.9528,8.62346,0.0
9.476,8.6813,0.0
9.4806,8.54757,0.0
10.0325,8.67827,0.0
8.809,8.73004,0.0
8.6354,8.92434,0.0
8.2512,8.63857,0.2
10.2687,9.43239,0.1
9.4237,9.98674,0.0
9.3241,9.75548,0.0
8.4509,8.49708,0.0
8.4003,9.47507,0.1
9.9829,8.07948,0.0
9.8214,8.19875,0.0
8.0734,8.92102,0.1
8.0507,7.29496,0.4
9.0237,8.04688,0.0
8.2852,8.24163,0.0
8.1573,8.16044,0.0
8.0728,8.32649,0.0
9.5491,8.24864,0.0
9.6097,8.20792,0.0
9.9484,8.68182,0.0
9.4569,8.63936,0.0
8.8932,8.21544,0.0
8.2952,8.53288,0.0
8.4986,9.13646,0.0
10.0223,7.99066,0.0
9.824,8.17338,0.0
9.9814,8.02399,0.0
9.0146,8.3604,0.0
10.001,8.21642,0.0
9.1911,8.37426,0.0
9.082,8.07341,0.0
9.8138,8.1152,0.0
8.8532,8.74033,0.1
9.9206,8.7457,0.2
10.0442,8.02086,0.0
9.9356,8.48683,0.0
9.6812,8.05269,0.0
8.0152,8.31898,0.0
9.4864,8.13206,0.0
8.133,8.09196,0.0
9.5722,7.93854,0.0
9.9124,8.26218,0.0
9.6274,8.93198,0.0
10.0696,7.9159,0.0
8.9662,8.28467,0.0
9.3634,8.01922,0.0
9.3498,7.80986,0.0
8.4461,8.33993,0.0
9.8789,8.13964,0.0
9.1121,8.30951,0.0
8.6182,8.41027,0.0
8.0178,8.29985,0.1
9.0195,8.45939,0.0
8.0607,7.91595,0.0
8.611,8.85753,0.1
9.9892,8.4325,0.0
9.8777,8.09085,0.0
9.6217,7.97728,0.0
8.601,9.52667,0.5
10.3169,8.80432,0.0
8.0005,9.0752,0.1
9.1259,8.98614,0.0
8.1094,9.83548,0.4
8.1224,9.06485,0.0
9.9196,8.69263,0.0
10.0192,9.02954,0.0
8.185,10.11783,0.5
11.9195,10.34578,0.1
9.8324,8.09668,0.0
10.0412,8.28155,0.0
8.3424,8.17058,0.0
8.7983,8.23609,0.0
8.0545,9.04993,0.1
9.9575,9.57906,0.0
8.3878,8.67254,0.0
9.3369,8.82955,0.0
10.331,8.91513,0.0
9.1801,8.50044,0.0
8.0217,8.80815,0.0
8.1187,10.5258,0.5
9.4196,8.70751,0.0
8.4851,9.76957,0.1
9.9428,8.65564,0.0
9.2356,8.1323,0.0
8.9603,8.83467,0.0
8.1849,10.11135,0.4
9.9902,8.08756,0.0
8.7648,9.45676,0.1
10.0706,8.02389,0.0
9.226,9.74098,0.1
8.0101,9.04479,0.0
9.0856,8.91089,0.0
9.5952,8.65498,0.0
8.0957,8.62471,0.1
8.943,8.34113,0.0
10.0248,8.02517,0.0
8.4485,8.26873,0.0
8.1383,8.0476,0.0
8.8217,8.42009,0.1
8.066,8.54985,0.1
9.1135,8.66582,0.0
8.3126,10.71058,1.2
9.7618,7.96033,0.0
8.2578,8.5986,0.0
8.1666,7.45856,0.0
9.5577,8.21545,0.0
9.3363,8.43771,0.0
8.9049,9.63089,0.1
10.2818,8.57165,0.0
8.5388,9.76878,1.2
10.0663,8.18392,0.0
9.7328,9.94746,1.2
9.4525,10.00623,1.2
8.2387,8.91763,0.2
9.4101,7.73838,0.0
9.3233,10.27957,1.2
9.9517,8.12639,0.0
8.7416,7.97685,0.0
9.99,8.52224,0.0
10.9514,8.27771,0.0
10.7256,10.19481,1.2
8.3166,8.60834,0.1
8.4271,8.25843,0.0
11.9521,10.70858,1.2
11.0986,10.45971,1.2
9.2274,8.30019,0.0
9.7711,8.20745,0.0
9.4694,10.04333,0.8
9.9008,8.07887,0.0
9.4014,8.42258,0.0
10.6044,10.1463,1.2
8.3115,8.04442,0.0
8.963,9.97455,1.2
9.9598,8.63304,0.1
10.0131,8.152,0.0
8.5762,8.04333,0.0
10.0086,8.29038,0.0
9.1356,9.37684,0.1
10.0374,8.37268,0.0
9.9422,8.17687,0.0
11.5558,8.91404,0.2
8.9115,8.35666,0.0
9.9571,8.54086,0.0
8.1418,9.51749,0.1
9.8246,8.17885,0.0
8.8537,9.92568,1.2
8.2764,8.5259,0.1
10.0308,7.93632,0.0
9.8788,8.61519,0.0
8.3887,8.31938,0.0
9.7947,8.37913,0.0
9.4009,8.35587,0.0
9.2058,8.17582,0.0
9.9844,8.70754,0.0
8.9019,8.60547,0.0
9.4907,8.19318,0.0
9.1851,8.62242,0.1
8.8306,9.93639,1.2
8.4531,10.27696,0.5
9.2963,8.31739,0.0
9.883,8.06395,0.0
9.8733,8.74163,0.0
8.0813,9.86734,0.5
8.573,8.22127,0.1
8.7673,8.36348,0.0
8.6644,8.3737,0.1
8.7579,9.01777,0.0
10.0348,9.00129,0.0
9.6168,7.76613,0.0
8.2056,9.17652,0.1
10.2529,8.64351,0.1
8.3433,8.28179,0.0
8.0692,9.23068,0.1
8.6621,8.46079,0.0
9.2941,8.15498,0.0
8.4978,8.40051,0.1
8.5811,9.06119,0.1
10.4645,8.83415,0.0
10.0347,8.18803,0.0
11.2942,10.9597,1.2
9.9039,8.48896,0.0
8.395,10.03871,0.5
8.4604,9.00383,0.3
8.4047,8.88931,0.0
8.6378,7.9336,0.0
10.0566,8.19158,0.0
9.7206,9.34364,0.2
8.764,8.9731,0.1
8.0826,9.10624,0.0
8.2191,8.82445,0.1
8.6694,8.46668,0.1
8.2689,9.99411,0.5
8.1484,9.59022,0.1
8.224,9.41569,0.0
8.1067,8.83973,0.0
8.481,9.34672,0.0
8.3844,9.64403,0.1
9.7561,8.49253,0.0
8.2735,9.14627,0.2
8.0099,9.70361,0.2
8.0296,9.46871,0.3
8.2937,10.62642,0.6
9.9601,8.67468,0.0
8.1342,8.79295,0.0
10.1079,8.848,0.0
9.0742,9.02516,0.0
8.4271,9.44442,0.1
10.0579,8.0652,0.0
10.0052,8.19759,0.0
9.6323,8.36927,0.0
8.2623,10.09282,0.5
10.028,8.30509,0.0
10.0271,8.56773,0.0
9.9918,8.5973,0.0
8.075,9.96593,0.4
9.3133,7.09867,1.0
9.3182,9.11778,0.1
8.1041,8.671,0.0
8.7184,8.14836,0.0
8.3295,9.37618,0.1
8.2796,9.26921,0.0
9.3084,9.71262,0.1
8.9528,8.40922,0.0
9.257,8.80127,0.0
10.0277,9.84332,0.1
10.3772,8.81662,0.0
8.1964,8.84461,0.1
10.1038,10.00923,1.2
8.3533,8.64975,0.3
8.2233,8.17845,0.0
9.7396,9.81437,1.2
8.4348,9.51946,1.2
9.2518,8.38735,0.0
8.3678,8.85982,0.4
8.828,9.76764,1.2
11.6763,10.3278,1.2
9.0404,8.31258,0.0
8.7337,9.96327,1.2
11.2987,10.6977,1.2
9.8288,8.33284,0.0
9.6518,10.00046,1.2
11.6731,10.42042,1.2
10.4274,9.92613,1.2
9.9703,10.32327,1.2
10.1201,9.91308,1.2
8.3305,9.67704,1.1
9.6509,8.07425,0.0
11.646,10.79562,1.2
9.7346,9.71356,1.2
8.2386,9.57747,1.2
11.2005,10.46483,1.2
9.6144,8.33089,0.0
10.3495,10.03979,1.2
8.4716,7.86536,0.0
8.4788,8.96649,0.2
9.7965,10.16205,1.0
8.2417,8.14731,0.0
9.2963,9.77469,1.2
10.7141,10.09707,1.2
10.3613,10.45504,1.2
8.8771,9.54512,1.2
9.7842,8.03015,0.0
9.7034,8.05342,0.0
9.1457,8.40992,0.0
9.8787,8.01872,0.0
9.4651,8.0151,0.0
10.9957,10.3244,1.2
9.9507,10.0948,1.2
9.6814,8.06754,0.0
8.4955,8.11512,0.0
9.9775,8.7098,0.6
11.7181,10.66504,1.2
8.4681,8.13399,0.1
9.9311,10.24694,1.0
11.4735,10.32097,1.2
9.085,8.23733,0.0
8.1131,8.20134,0.0
9.74,9.989,1.1
11.6736,10.40672,1.2
11.9873,10.61267,1.2
8.364,8.36012,0.0
8.4225,7.99327,0.0
9.8858,8.22497,0.0
8.6476,8.35261,0.0
8.0193,9.32583,0.0
8.0049,8.34073,0.0
9.5144,8.77536,0.0
8.1037,8.45586,0.0
9.4408,8.46563,0.0
8.3043,8.38396,0.0
10.1104,8.24762,0.0
8.671,8.89905,0.1
10.018,8.07153,0.0
8.3037,8.98815,0.0
8.3657,9.90987,1.2
8.0003,8.43138,0.0
8.3137,9.15855,0.1
8.1335,7.25277,0.8
9.9612,8.35717,0.0
10.4798,10.03789,1.2
9.1634,8.65749,0.0
9.1033,8.71896,0.0
8.7195,8.05094,0.0
8.2516,8.14546,0.0
8.0488,8.01522,0.5
11.2357,10.44683,1.2
9.2102,8.56859,0.0
8.8762,8.42236,0.0
8.1597,8.73703,0.0
9.8666,8.30758,0.0
8.8048,8.71812,0.1
8.9318,8.75045,0.0
9.7808,8.74362,0.0
8.5117,10.33346,0.6
8.5223,11.07323,0.8
10.0594,8.0573,0.0
10.0401,8.01903,0.0
8.6591,9.70086,0.4
10.8466,9.63189,0.2
8.5804,9.3518,0.1
9.1221,10.26486,0.3
8.3195,8.42046,0.0
9.3448,8.77171,0.1
8.2132,9.50019,0.4
8.3088,9.54828,0.4
8.5066,8.7659,0.1
9.7951,9.14212,0.2
8.55,9.49094,0.5
8.5972,10.01195,0.3
8.0185,9.08661,0.1
8.163,8.84898,0.1
9.6201,8.79296,0.1
8.3648,10.30611,0.5
10.0114,9.92348,0.4
10.1731,8.80103,0.0
8.5454,8.82529,0.1
8.8069,8.38167,0.0
9.0344,8.05594,0.0
9.7964,8.58909,0.0
9.2609,8.55889,0.0
10.0747,8.23255,0.0
8.3305,8.30477,0.0
9.1375,8.99443,0.1
8.7751,10.42632,0.6
10.0489,8.13621,0.0
8.0861,8.81882,0.1
10.0906,10.5566,0.7
8.7634,8.68964,0.0
8.3363,9.05245,0.0
8.0672,8.13602,0.0
8.2009,9.76582,0.4
8.4355,9.50579,0.1
9.4373,9.02131,0.1
8.0855,11.09757,1.2
9.5979,10.25439,0.2
9.2673,8.18958,0.0
8.8056,8.09726,0.0
9.1459,8.55007,0.0
8.1799,8.56332,0.1
9.5922,9.14453,0.1
9.108,8.86647,0.0
10.0038,7.98369,0.0
9.78,9.50068,0.1
10.0515,8.00129,0.0
10.0253,8.15705,0.0
8.3223,8.75116,0.1
10.3929,8.67162,0.0
8.1181,8.3899,0.0
10.0464,8.11813,0.0
10.0934,8.61724,0.0
10.0694,8.96006,0.0
8.3255,8.39178,0.0
9.016,8.55064,0.0
9.7784,9.83194,0.1
9.3294,9.04425,0.1
10.3363,9.20721,0.2
10.4055,8.56756,0.0
9.1614,9.8759,0.1
9.135,8.88666,0.0
10.7301,9.34081,0.1
10.981,9.3118,0.1
8.0558,9.4003,0.1
10.0329,9.09269,0.0
11.8118,10.88419,0.9
9.402,8.26535,0.0
8.0297,8.25759,0.0
10.2084,9.89557,1.1
8.4486,8.43618,0.0
9.4805,7.99898,0.0
8.1558,8.1903,0.0
8.9734,8.6136,0.0
9.0827,8.15378,0.0
9.5798,8.61115,0.1
8.0825,8.1223,0.0
9.2366,8.55761,0.0
8.3,8.42944,0.0
9.2143,8.11763,0.0
10.0376,8.39808,0.0
8.2018,9.02769,0.0
9.9426,8.04591,0.0
9.3035,7.50452,0.0
9.4466,8.03763,0.0
8.0281,9.07878,0.3
10.1055,7.5544,0.5
8.06,8.51573,0.1
9.3612,8.46617,0.0
9.3594,8.36462,0.0
9.3599,8.59726,0.1
9.8651,8.07905,0.0
10.0335,8.06611,0.0
8.0645,8.94952,0.1
8.3592,9.8114,0.0
8.2879,8.33249,0.0
9.3259,8.23524,0.0
8.693,8.39546,0.1
8.1258,7.4267,0.0
10.1812,9.12768,0.3
9.5561,8.4613,0.0
9.9221,8.23715,0.0
8.9019,10.37661,0.8
9.6029,8.32982,0.0
10.0522,7.96977,0.0
10.0483,7.89276,0.0
8.7763,8.31863,0.0
8.6399,10.03894,0.3
9.8371,8.08603,0.0
9.731,8.25358,0.0
9.2766,8.36576,0.0
10.0627,8.03924,0.0
8.1791,8.35814,0.0
9.2955,8.16389,0.0
9.4984,8.47723,0.0
8.4955,8.53025,0.1
9.4011,7.33265,0.4
9.4074,8.3354,0.0
9.3906,9.03155,0.1
8.058,9.60475,0.0
8.6758,9.19397,0.0
8.6787,8.50193,0.0
8.6343,8.6506,0.0
8.1912,9.7,0.3
8.2184,8.17842,0.0
8.7528,8.34368,0.0
8.5405,8.30309,0.0
8.2628,8.0881,0.0
8.0875,8.18336,0.0
8.6578,8.3476,0.0
8.4003,8.83264,0.1
8.4991,8.24195,0.0
8.6995,8.89906,0.0
9.1103,9.90082,0.1
8.6609,9.15652,0.0
8.4833,8.66502,0.1
8.5824,8.58559,0.0
9.3597,8.71052,0.0
9.2538,9.04464,0.1
8.0784,8.1576,0.0
9.9723,7.93532,0.0
9.8324,8.57615,0.0
9.3084,9.09451,0.1
10.0082,8.12385,0.0
8.0149,8.99503,0.0
8.8627,9.35271,0.2
9.8615,8.78934,0.0
9.1867,8.84233,0.1
8.2548,10.01607,0.5
8.4561,8.94055,0.0
8.2944,8.70211,0.2
9.1762,8.86738,0.0
8.8519,8.83813,0.0
8.1939,8.41789,0.0
9.4362,8.89094,0.1
10.6146,8.83607,0.0
8.777,8.55374,0.0
8.0047,9.74849,0.4
9.0687,8.27388,0.0
10.3776,9.5516,0.0
10.0751,7.98167,0.0
8.0038,8.37129,0.0
11.7242,10.022,1.0
8.0287,8.27775,0.0
9.9096,8.85702,0.0
9.0094,9.6396,0.1
8.6178,8.19066,0.0
11.8445,9.27188,0.2
8.7183,8.31336,0.0
9.4271,8.62079,0.0
8.5696,8.32342,0.0
8.3206,8.17009,0.0
8.4994,8.38979,0.0
8.1337,8.74458,0.2
8.2211,8.77129,0.0
9.6958,8.36627,0.0
10.026,7.94957,0.0
9.9382,7.9507,0.0
8.2651,8.8268,0.1
9.8688,8.61219,0.0
8.7866,8.8331,0.1
9.3423,8.29419,0.0
8.0887,8.63657,0.1
8.3445,8.03813,0.0
9.2605,8.52086,0.0
9.808,8.24019,0.0
8.0353,8.06646,0.0
9.1253,8.9545,0.2
9.7189,8.59523,0.0
10.0271,8.09162,0.0
8.032,8.88108,0.1
8.5992,8.6202,0.0
8.6517,8.10342,0.0
9.1328,8.41322,0.1
10.2408,8.56271,0.0
8.1042,8.45874,0.1
9.322,8.44002,0.0
10.0143,8.44277,0.1
9.4522,8.43623,0.0
8.1047,8.81139,0.1
8.1138,8.64228,0.1
8.9789,8.20345,0.0
9.6371,8.28034,0.0
9.1875,8.56286,0.0
9.9973,8.06433,0.0
9.8176,8.05112,0.0
9.1354,8.79063,0.0
10.0003,8.49819,0.0
9.8439,8.46953,0.0
9.6237,8.38186,0.0
9.4069,8.09766,0.0
9.392,8.31634,0.0
9.3197,8.70639,0.0
8.5996,8.3656,0.0
9.6844,8.95364,0.0
9.2732,9.38306,0.1
10.0912,8.32899,0.0
9.1673,8.10666,0.0
10.7029,8.83599,0.2
9.9799,8.27887,0.0
10.0609,8.01984,0.0
8.8511,8.21276,0.0
8.3664,8.6102,0.0
9.7501,8.96425,0.0
8.1214,8.9575,0.1
8.548,8.32443,0.0
8.2837,8.63246,0.1
8.2545,8.65433,0.0
9.7716,9.15738,0.1
9.9538,8.38374,0.0
8.0257,8.48475,0.0
9.7737,8.76626,0.1
8.279,8.4198,0.0
8.6401,9.08586,0.1
9.6524,8.86138,0.0
8.4791,8.88484,0.2
8.4289,9.94643,0.5
8.391,8.37239,0.0
8.6319,8.37564,0.0
10.3661,10.06413,0.1
9.1691,8.6199,0.0
8.1236,9.55032,0.4
8.9042,8.91682,0.0
9.8201,8.48342,0.4
8.2269,9.08343,0.0
9.9997,8.39991,0.0
8.4377,10.52669,1.2
9.9466,8.5489,0.0
8.1421,8.94754,0.1
9.665,8.59679,0.0
9.8622,8.57329,0.0
9.0978,8.61946,0.0
10.0221,8.42008,0.0
8.2739,8.6131,0.0
9.993,8.1921,0.0
8.0207,8.44189,0.0
10.7119,8.89545,0.1
8.3873,8.96512,0.1
8.5189,9.01268,0.0
9.9953,8.09996,0.0
8.4673,9.11899,0.0
10.1109,11.45224,0.8
8.5899,8.77504,0.0
11.9188,10.42619,0.5
8.2653,9.42101,0.3
8.6363,8.62343,0.1
10.4282,9.76692,0.1
8.3888,8.88759,0.0
8.0056,9.54904,0.1
8.9578,9.71086,0.1
8.5114,8.43672,0.0
8.1787,8.76107,0.1
10.6615,8.62162,0.0
8.4397,9.4284,0.0
8.6204,9.60854,0.1
8.071,9.35821,0.1
10.2673,8.40615,0.0
10.0459,8.54121,0.0
8.1518,9.21559,0.2
9.8653,8.9268,0.1
8.1077,9.00107,0.0
10.0002,8.04028,0.0
10.0443,8.01071,0.0
8.8041,9.2628,0.2
9.3244,8.24607,0.0
8.4884,8.69248,0.0
8.2156,8.85656,0.1
9.2322,8.73734,0.1
9.7182,8.76454,0.0
8.0316,10.25722,0.5
10.0985,8.70324,0.0
8.5275,8.85233,0.0
9.3631,8.66682,0.0
8.2744,8.8072,0.1
11.9354,9.6538,0.3
10.0228,8.09689,0.0
10.0565,8.13384,0.0
10.5827,9.05633,0.0
10.0813,9.027,0.0
9.1483,8.43706,0.1
8.7102,8.26746,0.0
9.2721,8.65502,0.0
8.0739,8.6342,0.1
8.229,8.63912,0.0
8.495,8.55915,0.0
9.7954,8.70719,0.0
10.417,10.32849,1.2
10.0572,7.91939,0.0
9.9448,8.0414,0.0
9.2208,9.99731,1.2
10.0677,7.97135,0.0
9.5806,8.37641,0.0
8.0808,8.11397,0.0
9.9288,8.51967,0.0
9.4987,8.09027,0.0
8.1551,7.48741,0.4
9.6829,8.19032,0.0
9.263,8.12324,0.0
8.2181,8.21952,0.0
9.6655,8.51157,0.0
9.4368,8.03397,0.4
9.6879,8.67939,0.0
9.8079,8.04665,0.0
11.4508,8.57105,0.0
8.3326,8.40919,0.0
10.0662,8.01859,0.0
8.617,8.07716,0.0
9.7937,8.18126,0.0
8.4887,8.06399,0.0
10.0431,8.1587,0.0
9.9513,8.01943,0.0
9.9731,7.98772,0.0
10.5416,10.73416,1.2
11.5261,10.46961,1.2
10.1707,8.55365,0.0
10.1556,10.20553,1.0
8.3507,8.57332,0.1
9.6967,8.44106,0.0
9.5998,7.97665,0.0
9.0705,8.25617,0.0
8.418,8.41298,0.0
8.1632,9.00751,0.2
8.4879,8.58217,0.1
8.0399,9.75395,0.6
9.691,8.00307,0.0
8.8141,8.6723,0.1
10.0047,8.19295,0.0
9.9596,9.92905,1.2
8.0607,8.61676,0.1
9.7794,8.4548,0.0
9.3703,6.83436,0.8
11.8183,9.05467,0.1
9.9636,8.03883,0.0
9.5115,8.31741,0.0
8.7244,8.35663,0.0
9.9133,8.36627,0.0
8.4077,10.03847,0.0
10.0266,7.89829,0.0
8.0975,8.40792,0.1
9.2036,8.19061,0.0
9.9844,8.14552,0.0
9.3879,8.803,0.0
10.0142,7.8739,0.0
9.0196,8.15515,0.0
8.4336,8.29584,0.0
9.4233,8.5503,0.0
10.0339,8.63488,0.0
9.9078,7.93177,0.0
8.1051,7.48558,0.0
10.2372,8.3259,0.0
9.806,8.15548,0.0
9.9024,9.20946,0.0
9.3109,8.61509,0.0
8.6938,9.89799,1.2
8.892,9.55989,0.0
8.1283,8.8327,0.0
9.1051,10.25,0.3
8.4884,8.94831,0.1
8.3348,8.66592,0.0
8.6639,9.05062,0.3
8.3177,8.8263,0.1
8.5974,8.37729,0.0
8.6922,9.27656,0.3
8.4886,8.49405,0.0
8.7485,8.37187,0.1
8.4337,8.77455,0.1
9.2205,9.49674,0.0
8.0641,8.91441,0.0
9.911,8.39417,0.0
8.4399,8.64439,0.0
8.0949,9.40394,1.2
8.4487,10.15592,0.6
8.5019,9.78533,0.5
8.1176,8.74049,0.0
8.1418,10.04756,0.1
8.2913,9.20512,0.2
9.7878,8.14072,0.0
10.0366,7.8389,0.0
8.0759,8.4852,0.0
9.0379,8.85965,0.1
8.392,8.74879,0.0
8.3336,9.75653,0.4
8.4143,8.39201,0.0
9.9648,8.75611,0.1
9.5052,8.74744,0.0
8.738,8.7219,0.1
8.3242,8.61651,0.1
9.7496,8.55367,0.0
9.4573,8.36771,0.0
8.4261,8.61696,0.0
9.4643,8.6435,0.0
8.3308,8.02748,0.0
8.4283,8.82495,0.1
8.4659,9.73443,0.1
10.0631,8.06121,0.0
8.6429,8.90164,0.1
8.354,8.87657,0.0
10.0733,7.88778,0.0
9.0402,8.61681,0.0
9.0374,9.38281,0.1
8.1608,10.36892,1.2
8.3539,9.70375,0.4
9.3489,8.50644,0.0
8.7024,8.74159,0.0
8.6003,8.74367,0.0
8.0613,9.69902,0.5
8.9695,8.90862,0.0
8.7543,7.99268,0.0
8.3667,8.55027,0.0
8.5733,9.04592,0.0
8.6903,8.90161,0.0
8.5635,10.13748,0.4
8.0956,8.74827,0.0
8.7029,10.32501,0.1
10.0203,7.9765,0.0
9.9358,8.42034,0.0
8.6954,8.25948,0.0
9.9978,8.15666,0.0
8.2603,11.34643,0.7
8.2665,9.07594,0.0
8.9433,8.73706,0.0
10.0081,8.21989,0.0
9.0876,8.82937,0.0
8.6211,8.42869,0.0
8.8371,8.52388,0.0
9.1876,8.45,0.0
10.0384,8.1758,0.0
10.0136,8.87474,0.0
10.0127,8.0897,0.0
8.6601,9.14777,0.1
8.64,10.15801,0.2
8.3681,9.06997,0.0
8.7727,8.44088,0.0
8.2476,8.40372,0.0
8.3777,8.06801,0.0
8.6794,10.14299,1.2
9.9648,8.37093,0.0
9.0739,9.63923,1.2
9.2908,8.44871,0.0
8.8922,8.43221,0.0
9.5232,7.19419,0.8
9.5408,8.72544,0.0
10.6973,10.35052,1.2
9.2403,8.21833,0.0
9.2589,8.30779,0.0
8.0017,8.48608,0.1
8.9801,7.17683,0.4
9.5254,8.29273,0.0
10.6962,10.14099,1.2
9.7779,8.56369,0.0
9.0305,8.72783,0.1
9.0404,8.81842,0.1
8.827,8.14699,0.0
9.0098,9.11674,0.0
9.0193,8.36572,0.0
9.0653,9.66076,1.2
8.7777,8.17995,0.0
9.8596,7.96313,0.0
9.1964,8.44696,0.0
8.4274,9.78322,1.2
9.3928,8.36373,0.1
10.0433,8.3229,0.0
9.0964,9.6956,1.2
8.1659,8.41786,0.0
8.1668,7.74337,0.0
9.5766,8.04113,0.0
10.1608,10.1516,1.2
8.1745,8.13261,0.0
10.0414,8.39359,0.0
8.2019,9.5713,1.2
8.4071,7.86146,0.0
9.5903,8.06423,0.0
9.975,8.15813,0.0
8.354,9.46127,1.2
9.925,8.46992,0.0
9.8829,7.98059,0.0
9.6425,8.2759,0.0
8.1407,9.55875,1.2
8.009,9.04311,0.2
10.8283,10.1556,1.2
9.2428,8.06492,0.0
10.1116,8.45039,0.0
8.0688,8.31494,0.0
8.0562,8.57364,0.0
8.2918,8.20391,0.1
8.5505,7.97536,0.0
8.4211,7.86851,0.0
8.268,7.94364,0.0
9.9786,8.07187,0.0
9.5622,9.67776,1.2
8.2968,7.75331,0.0
8.6718,9.68611,1.2
9.7662,8.19381,0.0
8.6633,8.3741,0.0
10.0266,7.94212,0.0
8.192,8.41466,0.0
8.5316,8.44907,0.1
9.3943,10.09679,1.1
8.5416,8.92682,0.0
8.2819,9.40439,1.2
9.8559,9.90047,1.2
9.5804,8.45743,0.0
9.9255,8.46774,0.0
9.0998,8.72375,0.0
8.1674,8.69564,0.0
8.8308,8.09355,0.0
8.0007,7.99906,0.0
9.5862,7.89161,0.0
8.7509,10.53638,0.3
8.569,8.30644,0.0
9.5817,8.44544,0.0
9.0864,8.43974,0.0
8.2345,8.36866,0.0
9.7837,8.231,0.0
8.3451,8.45405,0.0
8.3248,8.75782,0.1
9.2019,8.13789,0.0
10.0465,7.97009,0.0
8.6901,8.78803,0.1
8.5888,9.69847,0.1
10.0596,7.97625,0.0
9.2629,8.13043,0.0
8.5578,8.36578,0.1
8.3981,9.35447,0.1
8.7941,8.95255,0.1
8.9919,9.74204,0.0
8.7164,8.52975,0.0
8.5936,10.64052,0.5
9.581,8.2474,0.0
10.4762,8.66435,0.0
8.5456,8.60129,0.0
8.6725,8.01664,0.0
8.4466,8.50025,0.1
8.2097,8.74834,0.1
8.1373,9.72193,0.5
8.0415,8.42316,0.0
10.0464,8.65497,0.0
9.9956,8.28624,0.0
10.0562,7.98855,0.0
11.097,10.84918,0.7
10.0558,7.94586,0.0
9.9514,10.55337,1.2
10.0691,8.06261,0.0
9.9487,8.31222,0.0
9.6511,8.35498,0.0
8.0341,8.70474,0.1
10.0035,7.99467,0.0
11.8017,10.07787,0.1
10.0153,8.01872,0.0
8.9632,8.53491,0.0
9.9813,8.19278,0.0
11.0319,9.95979,0.1
10.0182,8.73355,0.0
8.6163,8.38929,0.1
8.2231,9.94562,0.4
8.0247,9.66709,0.3
11.3216,8.45452,0.0
8.6171,8.42298,0.0
10.0659,8.00559,0.0
10.0351,9.21406,0.1
10.0544,8.30718,0.0
10.0523,8.15765,0.0
9.8954,8.30852,0.0
10.012,8.07382,0.0
8.6728,8.4649,0.0
8.3571,9.00537,0.2
10.9624,10.82917,1.2
8.9434,10.62555,1.2
9.2879,8.57752,0.0
8.986,9.13518,0.1
9.8352,8.50134,0.0
8.2816,8.34061,0.0
9.9483,8.63011,0.0
8.6095,8.45722,0.1
8.073,9.54033,0.1
9.224,9.03592,0.0
10.6925,8.56546,0.0
10.9766,10.61411,1.2
10.0213,8.79518,0.0
8.3109,8.88862,0.0
9.3701,8.12448,0.0
8.4722,9.4502,1.2
9.081,9.81002,1.2
11.7103,10.44553,1.2
8.2334,9.52052,1.2
10.8933,10.0277,1.2
9.6215,8.22621,0.0
8.3023,8.48762,0.1
8.5503,8.17188,0.0
9.7084,8.3058,0.0
8.1425,8.51716,0.1
9.8404,8.27366,0.0
8.5677,7.77144,0.0
9.277,8.41575,0.0
9.4522,8.39058,0.0
8.018,7.92063,0.0
9.0103,10.06885,1.2
8.0377,8.23214,0.0
8.9782,8.24032,0.0
10.3631,10.13299,1.2
9.6604,7.96644,0.0
9.2987,7.93096,0.0
9.0485,9.91333,1.2
9.9322,10.02812,1.2
9.7739,8.43495,0.0
8.3578,9.51061,0.5
9.5852,10.14513,1.2
8.7718,10.13078,1.2
8.8102,10.00852,1.2
9.698,8.15822,0.0
9.626,7.96127,0.0
11.6168,10.43886,1.2
9.0239,9.87749,1.2
9.6066,8.2622,0.0
8.2646,9.87718,0.6
8.1716,8.57605,0.1
9.225,8.65723,0.0
9.4823,9.67215,1.2
10.3612,10.09156,1.2
8.9149,8.0771,0.0
8.546,8.51471,0.1
9.3536,8.17565,0.0
10.0556,8.50001,0.0
8.0756,9.8799,1.2
8.0584,7.49793,0.5
9.5717,9.86406,1.2
8.2591,8.37504,0.0
8.0203,8.06712,0.0
9.4556,7.97448,0.0
9.9741,8.08756,0.0
9.8335,8.92539,0.0
9.3159,8.40097,0.0
8.6857,8.49451,0.0
9.9469,7.97556,0.0
10.0001,7.941,0.0
9.5785,8.26473,0.0
9.9928,7.97109,0.0
8.234,8.10486,0.0
8.2383,8.69554,0.1
10.6083,10.0418,1.2
8.053,8.04647,0.0
9.9841,8.06186,0.0
8.4891,7.99485,0.0
8.4442,9.47902,1.2
9.8875,9.57154,1.2
9.174,8.94069,0.0
11.4498,10.73473,1.2
9.5503,8.06942,0.0
9.2929,10.14194,1.2
9.7992,8.42998,0.0
10.6005,10.04937,1.2
9.2094,10.12118,1.1
8.3549,9.88166,0.8
11.5724,10.61651,1.2
8.1244,9.54726,1.1
9.4039,8.1404,0.0
9.5393,8.30574,0.0
8.3467,10.0116,1.2
10.735,10.14701,1.2
9.7234,8.28124,0.0
9.9728,10.32908,1.2
9.1291,8.01687,0.0
9.331,8.05395,0.0
9.0471,9.93309,1.2
9.4012,8.1605,0.0
8.1066,9.73408,1.2
9.6985,8.27424,0.0
10.036,9.91933,1.2
8.344,10.59255,1.2
9.1329,9.74045,1.2
10.1993,10.26092,1.1
9.1775,10.04795,1.2
8.834,8.36254,0.0
9.6514,9.83891,1.2
9.9273,8.25407,0.0
9.0321,10.51684,1.2
9.9738,10.21716,1.2
9.8015,10.21606,1.2
9.4345,8.12243,0.0
9.3819,8.88323,0.0
9.8545,10.05805,1.2
8.7688,8.33088,0.0
8.4785,7.96679,0.0
9.33,8.09031,0.0
8.0589,8.14455,0.0
10.0515,7.9408,0.0
9.308,8.09263,0.0
9.8026,8.03188,0.0
8.3692,8.10736,0.0
11.7774,10.85982,1.2
8.2523,9.6618,1.2
8.3707,9.60175,0.3
8.0104,9.17138,0.1
8.7927,9.40035,0.1
10.0181,8.13239,0.0
8.2461,8.97554,0.1
8.0894,8.60479,0.1
9.6014,8.94351,0.1
8.5109,8.41268,0.1
8.2838,9.02974,0.3
8.5801,10.73693,0.7
8.936,8.54711,0.0
10.0524,7.82293,0.0
8.6786,9.38731,0.1
8.5073,9.21136,0.1
10.0505,8.66973,0.0
8.3929,8.62864,0.0
8.4477,9.68076,0.2
9.2667,8.09573,0.0
9.9976,8.29069,0.0
8.5596,10.35731,0.1
10.041,8.08985,0.0
8.1747,8.92494,0.1
8.7378,8.63224,0.0
8.0121,10.35632,0.5
8.7021,8.75235,0.1
8.0719,8.84017,0.1
8.604,9.43798,0.1
9.2734,8.6926,0.0
8.2757,8.69751,0.1
9.2586,8.90925,0.1
8.5533,8.58724,0.0
9.842,9.44152,0.2
9.9791,7.90993,0.0
8.462,11.77274,1.2
10.809,9.78733,0.1
11.6773,9.29543,0.0
8.6609,9.12882,0.1
9.9514,7.8637,0.5
8.2537,8.94601,0.0
8.1988,8.72857,0.1
8.0253,9.96524,0.4
8.2116,9.2225,0.1
9.1341,8.62534,0.0
9.3466,9.51145,0.1
8.1767,9.36272,0.2
8.9049,8.51701,0.1
10.0681,8.40358,0.0
9.2194,8.51434,0.0
10.1058,8.38168,0.0
8.4534,8.32695,0.0
8.8824,8.57469,0.0
10.0106,8.03953,0.0
8.3602,8.95621,0.4
9.0946,8.19666,0.0
9.966,8.75369,0.0
9.474,8.78885,0.0
8.982,9.74789,0.0
8.2202,9.72065,0.1
8.4735,10.16517,0.6
9.485,10.14734,0.1
8.7929,8.62332,0.0
9.99,8.29365,0.0
8.685,8.35487,0.0
8.0115,9.32887,0.1
9.027,8.9759,0.1
8.066,9.58679,0.5
10.2091,8.35094,0.0
8.2874,8.65358,0.1
8.2473,9.60995,0.5
8.5534,9.1978,0.2
8.0896,8.7997,0.0
9.4051,9.07842,0.0
9.9039,8.51901,0.0
9.9919,9.71693,0.3
9.4272,8.44695,0.0
9.0514,8.1796,0.0
11.2295,10.59203,1.2
8.2106,8.67459,0.0
9.4976,8.34276,0.0
9.9941,7.99816,0.0
9.9875,8.01512,0.0
8.1408,7.32771,0.0
8.2094,9.364,1.2
9.2791,8.22892,0.0
9.9705,7.98425,0.0
8.5744,8.28723,0.0
8.1673,8.43144,0.1
9.9481,8.32053,0.0
9.9871,8.15586,0.0
10.0082,8.08163,0.0
9.9013,8.08195,0.0
9.919,9.0492,0.0
8.2859,8.61187,0.0
9.7754,8.55578,0.0
9.2336,8.82538,0.1
9.6928,8.49633,0.0
9.5773,8.77641,0.0
9.081,8.37977,0.0
9.8925,8.31047,0.0
10.0335,8.1462,0.0
9.8654,8.4548,0.0
8.003,8.69774,0.1
9.6626,9.99952,1.2
8.1474,8.9163,0.1
8.2765,8.2607,0.0
9.1727,8.41481,0.0
8.6421,8.087,0.0
9.805,8.2927,0.0
9.6062,8.52045,0.0
9.5897,8.32398,0.0
8.4785,8.77731,0.3
9.9204,8.27461,0.0
11.1336,10.43808,1.2
9.6737,8.17652,0.0
8.3316,9.2781,0.1
10.0119,8.16689,0.0
9.2448,8.1374,0.0
8.7891,8.34163,0.0
8.4579,8.22725,0.0
9.0404,8.89718,0.0
9.4772,8.09347,0.0
9.178,8.26477,0.0
10.3988,7.92911,0.2
11.858,10.49936,1.2
8.8199,7.96615,0.0
8.181,8.25221,0.0
8.0837,8.21838,0.0
9.4723,8.39296,0.0
9.5197,8.57198,0.0
9.4372,8.08059,0.0
8.7483,8.36302,0.0
8.492,8.41914,0.2
9.4857,8.47848,0.0
8.983,8.50263,0.0
9.1753,8.49634,0.0
9.4361,8.35627,0.0
9.0421,8.16521,0.0
9.3633,8.20651,0.0
9.8081,8.37599,0.0
10.0895,8.89448,0.0
9.0179,8.5637,0.0
8.189,8.78441,0.0
9.3418,8.54662,0.0
8.0534,9.32034,0.5
9.7355,8.64718,0.0
8.2657,9.93628,0.1
9.4864,8.87579,0.0
8.422,9.13148,0.1
9.8189,8.71376,0.1
8.6664,8.44943,0.0
10.0759,8.59292,0.4
9.6149,8.57581,0.0
8.6182,8.62287,0.0
10.0597,8.9701,0.0
8.5675,12.39074,1.2
8.0305,10.89276,0.6
9.1887,8.48388,0.0
8.5075,9.72114,0.5
8.4654,8.55345,0.0
9.6723,8.52671,0.0
8.4233,7.94394,0.0
9.3561,8.40713,0.0
8.5656,9.24,0.1
8.4083,9.35308,0.0
9.3349,8.76205,0.0
8.9053,8.24961,0.0
8.2907,8.73515,0.1
8.7466,10.34122,0.2
8.4736,9.47961,0.5
8.5625,8.98164,0.2
8.2515,10.27598,0.6
8.3135,9.42118,0.1
8.2521,10.13702,0.4
9.4698,9.08271,0.0
9.0147,10.11336,0.1
9.7745,8.85998,0.0
8.1057,10.02624,0.4
10.1388,8.58047,0.0
9.5626,8.68246,0.1
8.7755,8.57704,0.0
11.28,9.64259,0.0
8.162,9.42021,0.0
8.0058,9.6043,0.3
8.7575,8.55667,0.0
10.0355,8.05048,0.0
9.5297,8.71334,0.0
8.97,10.47104,1.2
10.0546,8.27566,0.0
9.0279,8.7466,0.0
10.0243,8.16377,0.0
11.937,10.43821,0.8
8.4388,8.64735,0.0
9.0634,8.42106,0.0
11.0223,9.86746,0.0
9.8276,8.70466,0.0
8.641,8.52179,0.0
8.8221,8.61403,0.0
11.4255,9.00837,0.0
8.6389,8.63059,0.0
8.7324,8.78299,0.0
8.6638,8.72953,0.0
10.0546,8.40723,0.0
8.6745,8.26991,0.0
8.6862,9.01338,0.0
8.6637,8.48042,0.0
8.695,10.08996,0.5
9.5535,8.34057,0.0
9.3748,8.04911,0.0
8.4565,8.09412,0.0
9.1455,8.59302,0.0
8.2511,8.70548,0.1
10.0441,8.35802,0.0
10.0734,7.65035,0.5
9.1827,8.73604,0.0
9.5625,9.17117,0.0
9.9442,8.10138,0.0
9.9687,7.99227,0.0
8.097,9.46651,0.1
9.0526,8.11478,0.0
10.0311,7.98946,0.0
8.8101,8.1909,0.0
8.1059,9.11335,0.1
9.7693,8.2806,0.0
10.0019,8.3306,0.0
10.0285,8.32335,0.0
9.4514,7.95801,0.0
10.0131,8.40291,0.0
8.4478,8.3771,0.0
8.4469,8.53322,0.0
9.7824,8.17982,0.0
9.1257,8.22453,0.0
9.701,8.74392,0.0
9.273,8.29316,0.0
8.1534,8.11999,0.0
9.4972,9.02442,0.1
10.0497,7.97382,0.0
9.1578,8.21623,0.0
10.0339,7.88347,0.0
8.2745,8.3967,0.0
8.1072,7.9332,0.0
8.3001,8.40721,0.0
8.687,8.99483,0.0
8.144,9.2222,0.1
8.1363,8.48481,0.0
