ID,z_phot,z_best,MUV,z_spec,log_Mstar,log_Mhalo,t_cosmic_Gyr,t_stellar_Gyr,age_excess_Gyr,age_ratio,source
2425,8.25,8.25,-18.67041175288331,,7.783445582619573,9.808445582619573,0.6116133099304908,0.16332593710582452,-0.44828737282466624,0.26704117528833105,JADES-GOODS-S
2446,8.46,8.46,-17.521523759072366,,7.229323785559375,9.275323785559376,0.591333397745461,0.08997278142027082,-0.5013606163251902,0.15215237590723657,JADES-GOODS-S
2987,8.02,8.02,-18.444490888552753,,7.685333172062558,9.687333172062559,0.6351856258446907,0.15527054749170247,-0.4799150783529883,0.2444490888552753,JADES-GOODS-S
3075,11.93,11.93,-18.23473427660552,,7.429298781387621,9.82229878138762,0.36968691953098454,0.08261520306885972,-0.2870717164621248,0.22347342766055184,JADES-GOODS-S
3180,8.02,8.02,-18.78867395927276,,7.848820130654561,9.850820130654562,0.6351856258446907,0.17713256140974595,-0.45805306443494476,0.278867395927276,JADES-GOODS-S
3478,9.93,9.93,-17.38284499534447,,7.104651372788624,9.297651372788623,0.47596038051432266,0.06581794301764807,-0.41014243749667456,0.138284499534447,JADES-GOODS-S
4064,8.04,8.04,-18.514749224615386,,7.7179058816923085,9.721905881692308,0.6330763134243875,0.15920281683063456,-0.473873496593753,0.2514749224615386,JADES-GOODS-S
4172,8.77,8.77,-18.63271508066748,,7.744739663317055,9.821739663317054,0.5633718692168881,0.14831976161111288,-0.4150521076057752,0.26327150806674804,JADES-GOODS-S
5936,8.02,8.02,-18.63465300881619,,7.775660179187691,9.777660179187691,0.6351856258446907,0.16734937202885092,-0.4678362538158398,0.263465300881619,JADES-GOODS-S
6173,8.56,8.56,-18.920237592442483,,7.8897128564101795,9.945712856410179,0.5820659031576711,0.1699770731680017,-0.41208882998966945,0.2920237592442483,JADES-GOODS-S
6347,8.84,8.84,-20.53476154098282,,8.64541173196684,10.72941173196684,0.5573613015562991,0.25275005947296336,-0.3046112420833358,0.45347615409828207,JADES-GOODS-S
6802,12.05,12.05,-17.835214531673486,,7.234726902544907,9.639726902544908,0.36458526633645216,0.06690921788147051,-0.29767604845498163,0.18352145316734858,JADES-GOODS-S
7390,8.92,8.92,-19.19214260083057,,8.004467735394522,10.096467735394523,0.5506215536535398,0.17576625183529807,-0.3748553018182418,0.31921426008305714,JADES-GOODS-S
7423,8.81,8.81,-18.088374688445224,,7.484577977011481,9.56557797701148,0.5599241427863793,0.1169331407244464,-0.44299100206193287,0.20883746884452242,JADES-GOODS-S
7646,12.46,12.46,-16.70465647947119,,6.681311827748814,9.127311827748814,0.3480076171037037,0.03480076171037037,-0.3132068553933333,0.1,JADES-GOODS-S
7699,8.49,8.49,-18.86004763061137,,7.863922624540401,9.912922624540402,0.5885275329321978,0.16832167761122868,-0.42020585532096916,0.28600476306113687,JADES-GOODS-S
8047,8.84,8.84,-17.640658492501736,,7.270712783938325,9.354712783938325,0.5573613015562991,0.09144395527901629,-0.4659173462772829,0.16406584925017353,JADES-GOODS-S
8428,9.11,9.11,-18.233730188232887,,7.541621839410621,9.652621839410621,0.5351465424750276,0.11953729870549216,-0.4156092437695354,0.22337301882328864,JADES-GOODS-S
9084,9.37,9.37,-17.783107357062995,,7.3171759946049235,9.454175994604924,0.5151114509300722,0.09184990178608057,-0.4232615491439916,0.17831073570629952,JADES-GOODS-S
9796,8.56,8.56,-17.819538534141444,,7.366880803717185,9.422880803717185,0.5820659031576711,0.10590913402052242,-0.4761567691371487,0.18195385341414433,JADES-GOODS-S
10252,8.57,8.57,-18.113630997051704,,7.50617472359956,9.56317472359956,0.5811524413697128,0.12283418140912977,-0.458318259960583,0.21136309970517037,JADES-GOODS-S
10996,8.9,8.9,-18.634089890452863,,7.74019269796511,9.83019269796511,0.5522937412226996,0.14547913603151028,-0.4068146051911893,0.2634089890452863,JADES-GOODS-S
12541,8.55,8.55,-17.655996916826837,,7.289598535492748,9.344598535492748,0.5829817543881288,0.09654159878330412,-0.4864401556048247,0.16559969168268363,JADES-GOODS-S
12702,10.78,10.78,-17.761422571117734,,7.2504757212809245,9.528475721280925,0.4252776503048709,0.07490936522389142,-0.3503682850809795,0.1761422571117734,JADES-GOODS-S
13405,8.21,8.21,-20.930632969831063,,8.858650660669756,10.879650660669757,0.615607404695766,0.30353341660650773,-0.3120739880892583,0.4930632969831062,JADES-GOODS-S
13558,9.57,9.57,-17.715816560958917,,7.277212866455486,9.434212866455486,0.5005332869922587,0.08588233031325197,-0.41465095667900675,0.17158165609589165,JADES-GOODS-S
13731,12.35,12.35,,,,,0.3523304819456599,,,,JADES-GOODS-S
15355,8.75,8.75,-18.77569885058646,,7.813456954028568,9.888456954028568,0.5651089898422056,0.15685723735610846,-0.40825175248609713,0.2775698850586458,JADES-GOODS-S
17264,8.22,8.22,-19.194579160051827,,8.033625101024619,10.055625101024619,0.6146048239433161,0.19634037622366396,-0.4182644477196521,0.3194579160051827,JADES-GOODS-S
18044,14.31,14.31,-15.609989413416686,,6.087344971372927,8.718344971372927,0.28669650319843293,0.028669650319843296,-0.2580268528785896,0.1,JADES-GOODS-S
18239,10.39,10.39,-17.608975170707872,,7.1936632060862395,9.43266320608624,0.44735933914839654,0.07197900690740519,-0.3753803322409913,0.16089751707078714,JADES-GOODS-S
20133,9.61,9.61,-16.452822817877518,,6.675690838491821,8.83669083849182,0.49769986328403243,0.049769986328403244,-0.4479298769556292,0.1,JADES-GOODS-S
21406,9.65,9.65,-18.08789577279223,,7.45075049207631,9.615750492076309,0.49489300467579256,0.10332850124470325,-0.3915645034310893,0.20878957727922298,JADES-GOODS-S
21468,9.06,9.06,-19.2456210952934,,8.024270020264366,10.130270020264366,0.5391481821209018,0.17498707133806876,-0.364161110782833,0.32456210952934017,JADES-GOODS-S
22015,8.64,8.64,-18.745484456567592,,7.803505116869607,9.867505116869607,0.5748243868267768,0.15781714192889126,-0.41700724489788554,0.2745484456567592,JADES-GOODS-S
22980,10.66,10.66,-18.25225162949349,,7.488419524009408,9.754419524009407,0.4318756194585434,0.09726925676640147,-0.33460636269214195,0.22522516294934897,JADES-GOODS-S
25526,8.28,8.28,-19.939492685381207,,8.385059025556075,10.413059025556075,0.6086459247365098,0.23977561684865611,-0.3688703078878537,0.39394926853812073,JADES-GOODS-S
27503,8.27,8.27,-20.22133197716301,,8.51933268915243,10.546332689152429,0.6096323889799649,0.25734606979154045,-0.3522863191884244,0.42213319771630103,JADES-GOODS-S
28799,8.55,8.55,-19.582814683111202,,8.204836974477821,10.259836974477821,0.5829817543881288,0.2088715589607716,-0.37411019542735724,0.3582814683111202,JADES-GOODS-S
30333,8.51,8.51,-19.85612272344127,,8.336258293634604,10.387258293634604,0.5866692293443322,0.22622685464184575,-0.3604423747024864,0.38561227234412704,JADES-GOODS-S
30517,9.62,9.62,-18.654996344178304,,7.721323263484695,9.883323263484694,0.49699567181127835,0.13195216917313843,-0.3650435026381399,0.2654996344178304,JADES-GOODS-S
30865,9.04,9.04,-17.887427066406506,,7.379927856543091,9.48392785654309,0.5407627874512401,0.10206503215408988,-0.43869775529715016,0.18874270664065057,JADES-GOODS-S
30902,11.01,11.01,-18.362801043806904,,7.526930495808281,9.827930495808282,0.4130902677970689,0.0976050115937388,-0.3154852562033301,0.23628010438069041,JADES-GOODS-S
32011,8.57,8.57,-18.22985353874585,,7.56138043090428,9.61838043090428,0.5811524413697128,0.12958848279390442,-0.45156395857580833,0.222985353874585,JADES-GOODS-S
32344,9.92,9.92,-17.605310078474286,,7.210722287275286,9.402722287275285,0.4766156996734415,0.0765115986244849,-0.40010410104895655,0.16053100784742858,JADES-GOODS-S
34422,14.29,14.29,,,,,0.28726117390574674,,,,JADES-GOODS-S
37142,10.71,10.71,-19.773837424932825,,8.209172776843092,10.48017277684309,0.4291059248949511,0.16193759986289807,-0.267168325032053,0.3773837424932826,JADES-GOODS-S
37458,8.53,8.53,-19.717395490555507,,8.269562858013867,10.322562858013868,0.5848206602157591,0.21740096850697574,-0.3674196917087833,0.37173954905555073,JADES-GOODS-S
37677,8.54,8.54,-20.87110312905121,,8.817173986299327,10.871173986299327,0.5839000038105934,0.2844237135614795,-0.2994762902491139,0.487110312905121,JADES-GOODS-S
37925,9.21,9.21,-19.495597052430657,,8.137008599904561,10.258008599904562,0.5272898286396347,0.18431927707693732,-0.3429705515626974,0.3495597052430657,JADES-GOODS-S
37968,10.74,10.74,-17.725278205322844,,7.234907147528351,9.508907147528351,0.4274582491588226,0.07374844009591787,-0.3537098090629047,0.17252782053228444,JADES-GOODS-S
38552,9.91,9.91,-18.861100677266407,,7.807622821701544,9.998622821701545,0.47727252014529603,0.13655247306283513,-0.3407200470824609,0.2861100677266407,JADES-GOODS-S
40324,8.42,8.42,-19.505653800981356,,8.173385555466144,10.215385555466144,0.5951092976177251,0.20862471711929234,-0.3864845804984328,0.35056538009813565,JADES-GOODS-S
41518,8.55,8.55,-18.069881662875538,,7.486193789865881,9.541193789865881,0.5829817543881288,0.12067032431989985,-0.46231143006822895,0.2069881662875538,JADES-GOODS-S
42645,8.74,8.74,-19.634419395682674,,8.22174921294927,10.29574921294927,0.5659808922539318,0.2057011932393475,-0.3602796990145843,0.3634419395682673,JADES-GOODS-S
43071,9.95,9.95,-18.09676216130933,,7.442962026621931,9.637962026621931,0.4746542269719226,0.0995237022820257,-0.37513052468989694,0.20967621613093285,JADES-GOODS-S
43290,8.33,8.33,-19.28140953542791,,8.070469529328257,10.103469529328256,0.603753167361566,0.19811614004250444,-0.4056370273190616,0.3281409535427908,JADES-GOODS-S
46349,10.6,10.6,-18.023461159870106,,7.382144050938301,9.6421440509383,0.4352386882765091,0.08806885810003284,-0.34716983017647624,0.20234611598701058,JADES-GOODS-S
47586,8.93,8.93,-19.072529802521245,,7.947251656197592,10.040251656197592,0.5497886136005781,0.16892419003746134,-0.3808644235631167,0.30725298025212455,JADES-GOODS-S
48659,8.74,8.74,-17.584510499759823,,7.248042487385916,9.322042487385916,0.5659808922539318,0.08968026664397877,-0.476300625609953,0.15845104997598225,JADES-GOODS-S
50575,8.51,8.51,-18.202608950106697,,7.5508392513006815,9.601839251300682,0.5866692293443322,0.12922028953060247,-0.4574489398137297,0.22026089501066973,JADES-GOODS-S
50671,8.59,8.59,-17.899316544408563,,7.403575358594068,9.46257535859407,0.5793326513277938,0.11003360893829561,-0.46929904238949816,0.1899316544408563,JADES-GOODS-S
51361,21.99,21.99,-14.908092258945782,,5.446743822999246,8.845743822999246,0.15538448657787338,0.015538448657787338,-0.13984603792008604,0.1,JADES-GOODS-S
51718,8.02,8.02,-19.13935889037121,,8.015395472926325,10.017395472926324,0.6351856258446907,0.19940756415315303,-0.4357780616915377,0.3139358890371209,JADES-GOODS-S
52752,8.55,8.55,-18.42666610931765,,7.655666401925885,9.710666401925884,0.5829817543881288,0.14147020657242187,-0.44151154781570695,0.24266661093176506,JADES-GOODS-S
53158,11.95,11.95,-17.315562915532237,,6.991892384877813,9.386892384877813,0.3688284319544851,0.04852170072732254,-0.3203067312271626,0.13155629155322363,JADES-GOODS-S
53736,8.1,8.1,-17.86625165138023,,7.40746953440561,9.41746953440561,0.6268177339227093,0.11697996310476708,-0.5098377708179422,0.18662516513802313,JADES-GOODS-S
54966,10.75,10.75,-18.329168774889403,,7.521355168072468,9.796355168072468,0.42691135971827593,0.09943486087013863,-0.3274764988481373,0.23291687748894038,JADES-GOODS-S
55320,10.6,10.6,-18.609005572609526,,7.660277646989525,9.920277646989526,0.4352386882765091,0.11355401631286724,-0.3216846719636418,0.26090055726095257,JADES-GOODS-S
57250,8.46,8.46,-19.876616569609215,,8.347992870564378,10.393992870564379,0.591333397745461,0.22923728478633706,-0.3620961129591239,0.38766165696092153,JADES-GOODS-S
57378,8.47,8.47,-19.833504916197413,,8.327114835193772,10.374114835193772,0.5903956428120336,0.22632845992214626,-0.3640671828898874,0.3833504916197413,JADES-GOODS-S
57765,8.74,8.74,-18.78132698264184,,7.816530316754874,9.890530316754873,0.5659808922539318,0.1574177927285564,-0.4085630995253754,0.27813269826418396,JADES-GOODS-S
58185,10.03,10.03,-17.37718962191625,,7.09796507041022,9.30096507041022,0.4694887157665221,0.06465749869604429,-0.40483121707047787,0.1377189621916251,JADES-GOODS-S
58589,8.03,8.03,-19.081235749400392,,7.987386980965187,9.990386980965187,0.6341295116431204,0.19539025210245944,-0.43873925954066095,0.30812357494003917,JADES-GOODS-S
59881,8.92,8.92,-17.346262742848957,,7.127674802853255,9.219674802853255,0.5506215536535398,0.07412812830933684,-0.47649342534420297,0.13462627428489565,JADES-GOODS-S
60936,14.74,14.74,-13.434317623774142,,5.036700871292718,7.710700871292717,0.27498810378548905,0.027498810378548906,-0.24748929340694015,0.1,JADES-GOODS-S
61019,8.69,8.69,-17.298441752024296,,7.114159832211541,9.18315983221154,0.5703741468141834,0.07405976064987708,-0.49631438616430634,0.12984417520242952,JADES-GOODS-S
61416,9.86,9.86,-19.00541638583683,,7.878172783272495,10.064172783272495,0.48057931142710847,0.14443409372572133,-0.33614521770138717,0.3005416385836831,JADES-GOODS-S
62446,8.52,8.52,-19.745559635831086,,8.283340827019767,10.335340827019767,0.5857437324357447,0.2193938081152369,-0.36634992432050784,0.37455596358310855,JADES-GOODS-S
62600,8.27,8.27,-20.064363188666274,,8.44477251461648,10.471772514616479,0.6096323889799649,0.24777674403888483,-0.36185564494108,0.4064363188666274,JADES-GOODS-S
62850,9.28,9.28,-18.03209330237023,,7.439044318625861,9.567044318625861,0.5219035115631087,0.10605566303308978,-0.4158478485300189,0.20320933023702314,JADES-GOODS-S
63212,10.4,10.4,-18.30591324506136,,7.524308791404148,9.764308791404147,0.4467694942149087,0.10302116941995233,-0.3437483247949564,0.23059132450613617,JADES-GOODS-S
64312,10.64,10.64,-17.370417496177865,,7.070348310684486,9.334348310684486,0.4329918288491264,0.059337957795689435,-0.37365387105343695,0.13704174961778648,JADES-GOODS-S
65369,8.39,8.39,-19.210379698029453,,8.03433035656399,10.07333035656399,0.5979676059469302,0.19197030622113004,-0.4059972997258002,0.32103796980294524,JADES-GOODS-S
66229,8.02,8.02,-16.82013595656088,,6.913764579366418,8.915764579366417,0.6351856258446907,0.06351856258446907,-0.5716670632602217,0.09999999999999999,JADES-GOODS-S
66293,8.04,8.04,-19.304382179245067,,8.092981535141407,10.096981535141406,0.6330763134243875,0.20919260881817106,-0.4238837046062165,0.33043821792450667,JADES-GOODS-S
67832,8.51,8.51,-18.506964579352964,,7.695408175192659,9.74640817519266,0.5866692293443322,0.14707589777625413,-0.43959333156807806,0.2506964579352964,JADES-GOODS-S
68367,9.75,9.75,-17.194849171755273,,7.022553356583755,9.197553356583754,0.4879898171217433,0.058307422881292176,-0.42968239424045107,0.11948491717552723,JADES-GOODS-S
68544,11.61,11.61,-16.854091502580555,,6.786293463725764,9.147293463725763,0.38388769480515467,0.03838876948051547,-0.3454989253246392,0.1,JADES-GOODS-S
69282,10.29,10.29,-17.964549518890173,,7.366561021472833,9.595561021472832,0.4533297135955244,0.08905886707427073,-0.36427084652125363,0.1964549518890173,JADES-GOODS-S
71397,9.4,9.4,-18.058108006147414,,7.446601302920022,9.586601302920021,0.5128800241245633,0.10555624838438427,-0.4073237757401791,0.20581080061474138,JADES-GOODS-S
72692,10.77,10.77,-17.601683437918766,,7.174999633011414,9.451999633011415,0.42582106373620077,0.06820305453032238,-0.3576180092058784,0.16016834379187656,JADES-GOODS-S
73218,10.6,10.6,-17.929193515761476,,7.337366919986701,9.597366919986701,0.4352386882765091,0.08396596552315716,-0.3512727227533519,0.1929193515761476,JADES-GOODS-S
73568,10.46,10.46,-19.372966437148843,,8.0287590576457,10.274759057645701,0.4432574127172535,0.14950923761127288,-0.2937481751059806,0.3372966437148843,JADES-GOODS-S
73878,8.61,8.61,-18.295449243219878,,7.590938390529442,9.651938390529441,0.5775223150811617,0.13256731610956443,-0.4449549989715973,0.22954492432198775,JADES-GOODS-S
74301,9.87,9.87,-17.97362625939012,,7.387672473210307,9.574672473210306,0.47991491176389117,0.09471726721301077,-0.3851976445508804,0.19736262593901194,JADES-GOODS-S
74342,9.29,9.29,-18.61360766137801,,7.7148636391545535,9.843863639154554,0.5211415049334915,0.13620594299562383,-0.3849355619378677,0.2613607661378008,JADES-GOODS-S
74794,8.48,8.48,-18.556987851773012,,7.720369229592181,9.768369229592182,0.589460357569523,0.15072429734070464,-0.43873606022881834,0.25569878517730127,JADES-GOODS-S
75654,10.79,10.79,-19.084214905180417,,7.878402079960699,10.157402079960699,0.42473538867535027,0.1309975216510113,-0.29373786702433896,0.30842149051804174,JADES-GOODS-S
75935,11.71,11.71,-10.697019997081831,,3.8576844986138705,6.2286844986138705,0.379353859861747,0.037935385986174706,-0.34141847387557234,0.1,JADES-GOODS-S
76576,9.62,9.62,-19.51064044620175,,8.127754211945831,10.28975421194583,0.49699567181127835,0.17447731070478856,-0.3225183611064898,0.35106404462017515,JADES-GOODS-S
77159,9.26,9.26,-20.04363320148445,,8.395325770705114,10.521325770705113,0.5234330934640663,0.2116571435487012,-0.3117759499153651,0.404363320148445,JADES-GOODS-S
78233,9.21,9.21,-17.844055123061572,,7.3525261834542475,9.473526183454247,0.5272898286396347,0.09723515098411768,-0.430054677655517,0.1844055123061572,JADES-GOODS-S
78696,10.68,10.68,-17.60629842797917,,7.180791753290106,9.448791753290106,0.43076418521217924,0.06919358335360512,-0.36157060185857415,0.16062984279791692,JADES-GOODS-S
81400,16.49,16.49,-15.850916087654968,,6.11458514163611,8.96358514163611,0.2346239751077355,0.02346239751077355,-0.21116157759696194,0.1,JADES-GOODS-S
82060,8.18,8.18,-19.519470972116796,,8.189548711755478,10.207548711755479,0.6186315193022377,0.2177255674620737,-0.400905951840164,0.3519470972116796,JADES-GOODS-S
82298,8.92,8.92,-17.158966470637026,,7.038709073552588,9.130709073552588,0.5506215536535398,0.06381519186945186,-0.486806361784088,0.11589664706370256,JADES-GOODS-S
83087,9.24,9.24,-19.503536064941045,,8.139579630846997,10.263579630846998,0.5249701424641379,0.18392518271403455,-0.3410449597501033,0.3503536064941045,JADES-GOODS-S
83496,10.24,10.24,-17.59689843822978,,7.1939267581591455,9.417926758159146,0.45636475520188086,0.0728768164844999,-0.38348793871738096,0.1596898438229779,JADES-GOODS-S
84568,9.25,9.25,-18.586195159810032,,7.703442700909766,9.828442700909765,0.5242006813945767,0.13556852649917747,-0.38863215489539915,0.2586195159810032,JADES-GOODS-S
85641,8.64,8.64,-17.706185370791804,,7.309838051126107,9.373838051126107,0.5748243868267768,0.09807569595782156,-0.47674869086895527,0.1706185370791804,JADES-GOODS-S
86029,11.27,11.27,-19.179173694264932,,7.9043075047758435,10.231307504775843,0.39999733656836134,0.12716610101941705,-0.2728312355489443,0.3179173694264932,JADES-GOODS-S
87674,9.02,9.02,-18.695288709695486,,7.764462137105356,9.866462137105357,0.5423854473371681,0.14618853725110048,-0.3961969100860676,0.2695288709695486,JADES-GOODS-S
87722,9.08,9.08,-19.216131117090832,,8.009462280618145,10.117462280618145,0.537541575541336,0.17288041878285226,-0.3646611567584837,0.3216131117090832,JADES-GOODS-S
87826,8.86,8.86,-18.125327050393096,,7.500130348936722,9.586130348936722,0.5556635549290505,0.1180966784208301,-0.4375668765082204,0.2125327050393096,JADES-GOODS-S
88172,8.54,8.54,-19.051254694474085,,7.952745979875191,10.006745979875191,0.5839000038105934,0.17816276277305093,-0.40573724103754244,0.30512546944740854,JADES-GOODS-S
88357,9.91,9.91,-18.889060956828438,,7.820903954493509,10.011903954493508,0.47727252014529603,0.13788694037188887,-0.33938557977340716,0.28890609568284376,JADES-GOODS-S
88577,9.94,9.94,-17.94286868993317,,7.370262627718257,9.564262627718257,0.47530655787243187,0.09234582294102564,-0.38296073493140625,0.19428686899331704,JADES-GOODS-S
88792,8.34,8.34,-18.083080754929437,,7.5008633585914835,9.534863358591483,0.6027824596745396,0.12556445411570627,-0.4772180055588333,0.20830807549294367,JADES-GOODS-S
89110,8.82,8.82,-18.58171039172993,,7.718512436071718,9.800512436071717,0.5590676892776548,0.14433508630885616,-0.41473260296879866,0.2581710391729931,JADES-GOODS-S
90359,8.01,8.01,-18.30681916994905,,7.620339105725799,9.621339105725799,0.6362446673297534,0.14677013953741316,-0.48947452779234024,0.2306819169949051,JADES-GOODS-S
90423,8.43,8.43,-17.337095422772393,,7.1429203258168865,9.185920325816888,0.594161572196986,0.07944507185718383,-0.5147165003398021,0.13370954227723925,JADES-GOODS-S
90985,8.94,8.94,-17.565289254464577,,7.230912395870674,9.324912395870674,0.5489577661862378,0.08592776925661957,-0.4630299969296182,0.1565289254464577,JADES-GOODS-S
91254,8.86,8.86,-18.70366155287328,,7.77483923761481,9.86083923761481,0.5556635549290505,0.15023261897945647,-0.405430935949594,0.27036615528732816,JADES-GOODS-S
91748,8.39,8.39,-17.880860589994136,,7.402808780247215,9.441808780247214,0.5979676059469302,0.1124693704118724,-0.48549823553505783,0.18808605899941355,JADES-GOODS-S
92415,19.16,19.16,-18.46759584270564,,7.2507080252851805,10.366708025285181,0.18941487201278942,0.046739935072538034,-0.14267493694025138,0.24675958427056416,JADES-GOODS-S
92420,9.94,9.94,-18.237171244716595,,7.510056341240384,9.704056341240385,0.47530655787243187,0.10633421636974288,-0.368972341502689,0.22371712447165953,JADES-GOODS-S
93282,9.29,9.29,-17.673849749563182,,7.268478631042511,9.39747863104251,0.5211415049334915,0.08723125775199043,-0.4339102471815011,0.16738497495631816,JADES-GOODS-S
94193,11.19,11.19,-18.710793170091065,,7.685026755793256,10.004026755793255,0.4039516320379119,0.10950293251755108,-0.2944486995203608,0.27107931700910654,JADES-GOODS-S
94787,9.44,9.44,-18.43829181094113,,7.625588610197037,9.769588610197037,0.5099296867712214,0.1243357379410045,-0.3855939488302169,0.24382918109411306,JADES-GOODS-S
95213,11.1,11.1,-17.625414872222372,,7.173072064305627,9.483072064305627,0.4084784720521188,0.06639469834561842,-0.34208377370650034,0.16254148722223716,JADES-GOODS-S
95630,8.1,8.1,-18.601683859501673,,7.756799833263294,9.766799833263294,0.6268177339227093,0.1630781581196127,-0.46373957580309666,0.2601683859501673,JADES-GOODS-S
96216,15.19,15.19,-16.704813709205457,,6.572186511872592,9.291186511872592,0.2635622654979418,0.026356226549794182,-0.23720603894814762,0.1,JADES-GOODS-S
96305,18.9,18.9,-17.315669711474126,,6.71394311295021,9.80394311295021,0.19315681683585836,0.02541305734756943,-0.16774375948828893,0.13156697114741256,JADES-GOODS-S
98204,9.52,9.52,-18.126211920198614,,7.474150662094342,9.626150662094343,0.5041129621263881,0.10718509891997587,-0.39692786320641227,0.21262119201986135,JADES-GOODS-S
98927,8.54,8.54,-17.732696869418632,,7.326431012973851,9.380431012973851,0.5839000038105934,0.10117217086561422,-0.4827278329449791,0.17326968694186318,JADES-GOODS-S
99067,8.96,8.96,-18.58305502371152,,7.713551136262971,9.809551136262971,0.5473023199256312,0.1413712006972871,-0.4059311192283441,0.25830550237115196,JADES-GOODS-S
99452,10.74,10.74,-17.612031771088205,,7.181115091266897,9.455115091266897,0.4274582491588226,0.06890762784577599,-0.3585506213130466,0.16120317710882048,JADES-GOODS-S
99855,10.15,10.15,-18.178926544017248,,7.473990108408193,9.688990108408193,0.461913689837529,0.1006475999831942,-0.36126608985433484,0.21789265440172478,JADES-GOODS-S
99915,8.84,8.84,-18.81922643313426,,7.830532555738775,9.914532555738775,0.5573613015562991,0.15713277141536344,-0.40022853014093573,0.2819226433134261,JADES-GOODS-S
100173,8.34,8.34,-18.062059762402285,,7.490878387141086,9.524878387141086,0.6027824596745396,0.12429734555767458,-0.478485114116865,0.20620597624022846,JADES-GOODS-S
100293,9.2,9.2,-17.725066364129084,,7.296406522961315,9.416406522961315,0.5280668465390527,0.09109503549762346,-0.43697181104142924,0.17250663641290842,JADES-GOODS-S
100936,10.73,10.73,-18.06745491413129,,7.397841084212363,9.670841084212363,0.42800630418090346,0.08848837368579802,-0.3395179304951054,0.20674549141312892,JADES-GOODS-S
101510,8.94,8.94,-18.080492571528005,,7.475633971475802,9.569633971475803,0.5489577661862378,0.11421025546330751,-0.4347475107229303,0.20804925715280048,JADES-GOODS-S
101813,8.04,8.04,-17.521831513880073,,7.246269969093035,9.250269969093035,0.6330763134243875,0.09634354844602513,-0.5367327649783624,0.1521831513880073,JADES-GOODS-S
101868,8.03,8.03,-20.2524485247024,,8.543713049233641,10.546713049233642,0.6341295116431204,0.26966031062570417,-0.3644692010174162,0.4252448524702402,JADES-GOODS-S
101928,10.15,10.15,-18.00972365320005,,7.3936187352700244,9.608618735270024,0.461913689837529,0.09283188682033941,-0.3690818030171896,0.20097236532000512,JADES-GOODS-S
102618,8.04,8.04,-17.58415546003053,,7.275873843514502,9.279873843514501,0.6330763134243875,0.10028912985272424,-0.5327871835716633,0.15841554600305296,JADES-GOODS-S
103937,10.81,10.81,-18.31748265053932,,7.513404259006176,9.794404259006177,0.42365430718597274,0.09818115067297466,-0.3254731565129981,0.2317482650539318,JADES-GOODS-S
104636,9.23,9.23,-17.999221039571193,,7.4254299937963175,9.548429993796319,0.5257414830719315,0.10510734343327675,-0.4206341396386547,0.1999221039571193,JADES-GOODS-S
104689,8.28,8.28,-17.04211105701701,,7.0088027520830805,9.03680275208308,0.6086459247365098,0.06342766479762597,-0.5452182599388838,0.104211105701701,JADES-GOODS-S
105210,13.43,13.43,,,,,0.31341216726610666,,,,JADES-GOODS-S
106312,9.19,9.19,-17.791225392100586,,7.328232061247778,9.447232061247778,0.5288457698560237,0.09472819714710921,-0.4341175727089145,0.17912253921005855,JADES-GOODS-S
106396,11.07,11.07,-18.250069875644193,,7.470983190930992,9.777983190930993,0.4100061883521237,0.09225425732388128,-0.31775193102824245,0.22500698756441934,JADES-GOODS-S
106466,11.86,11.86,-18.42639635454573,,7.523138268409222,9.909138268409222,0.3727179400719717,0.0904361451064426,-0.2822817949655291,0.242639635454573,JADES-GOODS-S
107324,9.43,9.43,-19.18037229542646,,7.978476840327568,10.121476840327567,0.5106646212945445,0.16241036138196135,-0.34825425991258313,0.31803722954264585,JADES-GOODS-S
107441,14.11,14.11,-14.213994288267477,,5.432247286927052,8.043247286927052,0.2924275058255017,0.029242750582550173,-0.26318475524295154,0.1,JADES-GOODS-S
107967,10.56,10.56,-19.555028464593082,,8.111238520681713,10.367238520681713,0.4375049961615733,0.155534271475608,-0.2819707246859653,0.3555028464593082,JADES-GOODS-S
108446,10.73,10.73,-17.795597242005734,,7.2687086899527245,9.541708689952724,0.42800630418090346,0.07685269393482971,-0.3511536102460737,0.1795597242005733,JADES-GOODS-S
109093,8.36,8.36,-17.22370227666206,,7.091858581414479,9.127858581414479,0.6008488101028153,0.07352600568525047,-0.5273228044175648,0.12237022766620598,JADES-GOODS-S
109264,8.8,8.8,-18.880606038010768,,7.861287868055115,9.941287868055115,0.5607827797244148,0.16153942612866118,-0.39924335359575364,0.2880606038010768,JADES-GOODS-S
109791,11.6,11.6,-16.963798682350657,,6.838804374116562,9.198804374116563,0.3843460298486437,0.03843460298486437,-0.3459114268637793,0.1,JADES-GOODS-S
110306,9.29,9.29,-18.19502206684587,,7.516035481751787,9.645035481751787,0.5211415049334915,0.11439171032782794,-0.40674979460566363,0.21950220668458692,JADES-GOODS-S
110748,8.5,8.5,-18.57727365126156,,7.729204984349241,9.779204984349242,0.5875971598572068,0.1514398677656106,-0.43615729209159626,0.257727365126156,JADES-GOODS-S
111428,8.52,8.52,-17.95332424745464,,7.432029017540954,9.484029017540953,0.5857437324357447,0.1144147435361322,-0.47132898889961256,0.1953324247454638,JADES-GOODS-S
111742,8.47,8.47,-18.607695695467456,,7.744855455347041,9.791855455347042,0.5903956428120336,0.15395721763836814,-0.4364384251736655,0.26076956954674557,JADES-GOODS-S
111790,8.91,8.91,-18.1644583678587,,7.5167177247328825,9.607717724732883,0.5514565937236039,0.11936048387959099,-0.4320961098440129,0.21644583678586998,JADES-GOODS-S
113033,9.08,9.08,-17.19162752207589,,7.047823072986048,9.155823072986047,0.537541575541336,0.06405493356750923,-0.4734866419738267,0.11916275220758905,JADES-GOODS-S
113702,8.44,8.44,-18.883880867698142,,7.877243412156618,9.921243412156619,0.5932163532438834,0.17107652915256982,-0.4221398240913136,0.2883880867698142,JADES-GOODS-S
113716,8.56,8.56,-17.574526512899386,,7.250500093627208,9.306500093627207,0.5820659031576711,0.09164781967764796,-0.4904180834800232,0.15745265128993857,JADES-GOODS-S
113958,8.23,8.23,-17.457862392961452,,7.208284636656691,9.23128463665669,0.6136049547187531,0.08945515876192849,-0.5241497959568246,0.1457862392961452,JADES-GOODS-S
114006,9.18,9.18,-16.831195296323195,,6.872617765753518,8.990617765753518,0.5296266051317874,0.052962660513178744,-0.4766639446186086,0.1,JADES-GOODS-S
114127,9.54,9.54,-18.06095381355029,,7.442353061436389,9.596353061436389,0.5026760002375557,0.10359920196697975,-0.3990767982705759,0.20609538135502914,JADES-GOODS-S
114324,8.55,8.55,-19.23224235814616,,8.038315120119426,10.093315120119426,0.5829817543881288,0.18843383205596703,-0.3945479223321618,0.3232242358146159,JADES-GOODS-S
114654,9.45,9.45,-19.426170248777616,,8.094430868169368,10.239430868169368,0.5091965089490771,0.1744593929742753,-0.3347371159748018,0.3426170248777616,JADES-GOODS-S
114716,8.37,8.37,-18.033611729752252,,7.47616557163232,9.513165571632321,0.5998858489315374,0.1219934898899562,-0.4778923590415812,0.2033611729752252,JADES-GOODS-S
115444,9.9,9.9,-17.23078742980756,,7.033624029158591,9.223624029158591,0.47793084674515324,0.05882312784912177,-0.4191077188960315,0.12307874298075594,JADES-GOODS-S
115767,10.68,10.68,-18.33745280899297,,7.528090084271662,9.796090084271661,0.43076418521217924,0.10068909547377768,-0.33007508973840155,0.23374528089929708,JADES-GOODS-S
115957,9.37,9.37,-17.079228702588825,,6.982833633729692,9.119833633729693,0.5151114509300722,0.05559230628759088,-0.4595191446424813,0.10792287025888248,JADES-GOODS-S
116545,11.83,11.83,-18.017755341056418,,7.330233787001799,9.713233787001798,0.37402961611042157,0.07547002556200848,-0.2985595905484131,0.2017755341056418,JADES-GOODS-S
116720,9.91,9.91,-17.667950137251584,,7.2408763151945035,9.431876315194504,0.47727252014529603,0.07960667654827558,-0.39766584359702045,0.16679501372515837,JADES-GOODS-S
117270,11.57,11.57,-17.074400787874076,,6.892540374240186,9.249540374240187,0.38572650685337906,0.04144248628671855,-0.3442840205666605,0.10744007878740756,JADES-GOODS-S
118518,9.27,9.27,-17.03369729993107,,6.965206217467259,9.092206217467258,0.5226673723013818,0.054027985151000574,-0.4686393871503812,0.103369729993107,JADES-GOODS-S
118557,10.21,10.21,-17.534353862995445,,7.165418084922837,9.386418084922838,0.4582020323865371,0.07030440584246472,-0.3878976265440724,0.1534353862995445,JADES-GOODS-S
118663,8.74,8.74,-18.67039332184624,,7.763836827876965,9.837836827876965,0.5659808922539318,0.1511391594967476,-0.41484173275718417,0.26703933218462406,JADES-GOODS-S
118911,9.91,9.91,-17.549866157672394,,7.184786424894388,9.375786424894388,0.47727252014529603,0.07397085269602101,-0.40330166744927504,0.15498661576723938,JADES-GOODS-S
121003,8.7,8.7,-16.627291837134088,,6.794963622638692,8.864963622638692,0.5694909698924238,0.05694909698924238,-0.5125418729031814,0.1,JADES-GOODS-S
121270,8.57,8.57,-16.917120336797048,,6.937832159978599,8.994832159978598,0.5811524413697128,0.05811524413697128,-0.5230371972327414,0.1,JADES-GOODS-S
121272,9.88,9.88,-17.322243938387246,,7.077865870733943,9.265865870733943,0.47925203768933616,0.06336881017944604,-0.41588322750989015,0.13222439383872453,JADES-GOODS-S
122775,13.09,13.09,,,,,0.32486178373504365,,,,JADES-GOODS-S
123108,8.5,8.5,-18.388287160683358,,7.639436401324595,9.689436401324595,0.5875971598572068,0.14033507525409739,-0.44726208460310946,0.2388287160683358,JADES-GOODS-S
123344,9.17,9.17,-17.161738859555623,,7.03002595828892,9.147025958288921,0.5304093589364558,0.061619716374846714,-0.4687896425616091,0.11617388595556227,JADES-GOODS-S
123650,10.22,10.22,-17.880328294746583,,7.3293559400046275,9.551355940004628,0.4575882424578208,0.08604161196368,-0.37154663049414083,0.18803282947465827,JADES-GOODS-S
124187,8.33,8.33,-18.11675943210876,,7.517260730251662,9.550260730251662,0.603753167361566,0.12780002116781344,-0.4759531461937526,0.21167594321087613,JADES-GOODS-S
124356,9.59,9.59,-17.16146658626945,,7.01309662847799,9.17209662847799,0.4991132325792701,0.057970334240575544,-0.4411428983386946,0.11614665862694512,JADES-GOODS-S
124625,9.29,9.29,-17.613958203223117,,7.24003014653098,9.36903014653098,0.5211415049334915,0.08411006069274489,-0.43703144424074664,0.16139582032231164,JADES-GOODS-S
124823,11.34,11.34,-17.848423007298365,,7.269400928466724,9.603400928466725,0.3965898185658292,0.0733065745097363,-0.3232832440560929,0.18484230072983648,JADES-GOODS-S
126032,8.81,8.81,-18.393141682639918,,7.6293422992539615,9.710342299253961,0.5599241427863793,0.1339977805218509,-0.42592636226452835,0.23931416826399174,JADES-GOODS-S
126225,10.84,10.84,-17.40435813559885,,7.078470114409455,9.362470114409454,0.4220412385813339,0.059269704695991195,-0.3627715338853427,0.1404358135598851,JADES-GOODS-S
126594,10.85,10.85,-18.542691299308576,,7.618778367171574,9.903778367171574,0.42150581655887087,0.10717591723721977,-0.3143298993216511,0.2542691299308576,JADES-GOODS-S
126616,8.73,8.73,-18.285110938230574,,7.581227695659523,9.654227695659523,0.5668550333993216,0.1295326637211847,-0.437322369678137,0.22851109382305734,JADES-GOODS-S
127451,10.81,10.81,-17.621584711007536,,7.18285273772858,9.46385273772858,0.42365430718597274,0.06869913472852633,-0.3549551724574464,0.16215847110075357,JADES-GOODS-S
127746,10.88,10.88,-18.713299862949317,,7.698617434900926,9.986617434900927,0.4199063063352314,0.1139331723430937,-0.3059731339921377,0.27132998629493166,JADES-GOODS-S
127763,15.88,15.88,-16.4320051259906,,6.415002434845535,9.203002434845535,0.24750890202541903,0.024750890202541904,-0.22275801182287713,0.1,JADES-GOODS-S
127971,13.48,13.48,-16.159220212438395,,6.381429600908238,8.929429600908238,0.311784959225636,0.0311784959225636,-0.2806064633030724,0.1,JADES-GOODS-S
128695,8.1,8.1,-17.29203781352918,,7.134717961426361,9.14471796142636,0.6268177339227093,0.0809872214418813,-0.545830512480828,0.12920378135291805,JADES-GOODS-S
128771,13.16,13.16,,,,,0.3224482440304578,,,,JADES-GOODS-S
129190,10.86,10.86,-17.10375125304523,,6.934881845196482,9.220881845196482,0.42097152272333926,0.04646478457022434,-0.3745067381531149,0.11037512530452281,JADES-GOODS-S
129399,8.48,8.48,-17.83709030224877,,7.378417893568166,9.426417893568166,0.589460357569523,0.10828919064510639,-0.4811711669244166,0.18370903022487717,JADES-GOODS-S
131067,9.31,9.31,-18.598604075771142,,7.706936935991292,9.837936935991292,0.5196230288746321,0.13502945206981648,-0.3845935768048156,0.2598604075771142,JADES-GOODS-S
131253,8.33,8.33,-17.073811049893674,,7.021860248699495,9.054860248699494,0.603753167361566,0.06483168225211541,-0.5389214851094506,0.10738110498936737,JADES-GOODS-S
131635,8.55,8.55,-18.053377971431694,,7.4783545364300545,9.533354536430055,0.5829817543881288,0.11970818922071857,-0.46327356516741025,0.20533779714316935,JADES-GOODS-S
131904,8.51,8.51,-17.919949857166305,,7.416576182153996,9.467576182153996,0.5866692293443322,0.11263755030835167,-0.47403167903598054,0.19199498571663048,JADES-GOODS-S
132619,9.02,9.02,-18.61898282393248,,7.728216841367928,9.830216841367928,0.5423854473371681,0.1420498170526978,-0.4003356302844703,0.261898282393248,JADES-GOODS-S
132769,9.14,9.14,-17.5534247881588,,7.21727677437543,9.331276774375429,0.5327691976613603,0.08276168780146324,-0.45000750985989707,0.15534247881587998,JADES-GOODS-S
133675,13.08,13.08,-16.328513951577634,,6.4778441269993765,8.985844126999377,0.3252090258685725,0.03252090258685725,-0.29268812328171523,0.1,JADES-GOODS-S
134033,8.91,8.91,-19.14969063494595,,7.984703051599327,10.075703051599326,0.5514565937236039,0.17369176688304294,-0.37776482684056095,0.31496906349459514,JADES-GOODS-S
136798,8.31,8.31,-18.196500709781546,,7.555937837146235,9.586937837146236,0.6057023971028779,0.1330425745152855,-0.47265982258759237,0.2196500709781546,JADES-GOODS-S
137744,9.06,9.06,-18.815219892739385,,7.819829449051207,9.925829449051207,0.5391481821209018,0.151782068744104,-0.38736611337679777,0.28152198927393857,JADES-GOODS-S
138200,8.21,8.21,-17.016468401077788,,6.999422490511949,9.02042249051195,0.615607404695766,0.06257454743427517,-0.5530328572614909,0.10164684010777873,JADES-GOODS-S
140057,20.14,20.14,-20.461626556716887,,8.158672614440523,11.372672614440523,0.17633652912027084,0.0786747741242281,-0.09766175499604274,0.44616265567168867,JADES-GOODS-S
141084,9.06,9.06,-17.659696177160946,,7.270955684151449,9.376955684151449,0.5391481821209018,0.08948221767893338,-0.4496659644419684,0.16596961771609453,JADES-GOODS-S
141749,10.6,10.6,-17.496449200850638,,7.131813370404053,9.391813370404053,0.4352386882765091,0.06513125872506617,-0.37010742955144293,0.14964492008506375,JADES-GOODS-S
142087,8.74,8.74,-18.284208439864923,,7.580399008935839,9.654399008935838,0.5659808922539318,0.12928183308887103,-0.43669905916506074,0.22842084398649226,JADES-GOODS-S
142364,9.0,9.0,-18.346845944594648,,7.599751823682459,9.699751823682458,0.5440162180845616,0.12767222552054708,-0.4163439925640145,0.23468459445946477,JADES-GOODS-S
142406,11.58,11.58,-17.168730152409005,,6.936946822394278,9.294946822394278,0.3852654333370632,0.045027132862194695,-0.3402383004748685,0.11687301524090042,JADES-GOODS-S
143812,8.39,8.39,-17.978065877167282,,7.448981291654459,9.487981291654458,0.5979676059469302,0.11828193169750338,-0.4796856742494268,0.19780658771672815,JADES-GOODS-S
143884,8.38,8.38,-17.263026705286755,,7.1097376850112095,9.14773768501121,0.5989254507224028,0.07564588387383012,-0.5232795668485727,0.1263026705286755,JADES-GOODS-S
144913,9.1,9.1,-18.095943806714253,,7.476573308189271,9.586573308189271,0.5359429124033497,0.11233062280042,-0.4236122896029297,0.20959438067142527,JADES-GOODS-S
145133,8.59,8.59,-17.993325663829093,,7.448229690318819,9.50722969031882,0.5793326513277938,0.1154798641785843,-0.46385278714920947,0.1993325663829093,JADES-GOODS-S
145605,8.22,8.22,-19.40816715848418,,8.135079400279984,10.157079400279985,0.6146048239433161,0.20946759764095604,-0.40513722630236004,0.3408167158484179,JADES-GOODS-S
147137,8.64,8.64,-17.96708079769031,,7.433763378902898,9.4977633789029,0.5748243868267768,0.113072601337106,-0.46175178548967083,0.1967080797690311,JADES-GOODS-S
149086,8.65,8.65,-17.688893277867308,,7.3012243069869704,9.36622430698697,0.5739297304621278,0.09693060637456834,-0.47699912408755946,0.16888932778673077,JADES-GOODS-S
149869,10.81,10.81,-18.32974494761033,,7.5192288501149065,9.800228850114907,0.42365430718597274,0.09870064816998744,-0.3249536590159853,0.23297449476103294,JADES-GOODS-S
149962,11.93,11.93,-17.816968710736823,,7.230860137599991,9.62386013759999,0.36968691953098454,0.06717095655564807,-0.30251596297533645,0.18169687107368235,JADES-GOODS-S
151180,10.19,10.19,-17.496043868823143,,7.148020837690993,9.367020837690992,0.4594337261617968,0.06873330091549269,-0.3907004252463041,0.1496043868823143,JADES-GOODS-S
152456,8.39,8.39,-17.598867033394214,,7.268861840862252,9.307861840862252,0.5979676059469302,0.09560706921862083,-0.5023605367283094,0.15988670333942134,JADES-GOODS-S
153547,11.23,11.23,-17.226395415168295,,6.97833782220494,9.30133782220494,0.40196640185546373,0.049296975228723686,-0.35266942662674006,0.12263954151682943,JADES-GOODS-S
153971,8.46,8.46,-18.596823150456025,,7.740090996466613,9.786090996466612,0.591333397745461,0.15355882569032336,-0.43777457205513765,0.25968231504560246,JADES-GOODS-S
154993,14.86,14.86,,,,,0.2718618424452507,,,,JADES-GOODS-S
155693,8.89,8.89,-16.66215632497226,,6.8039242543618235,8.892924254361823,0.5531330035963882,0.05531330035963882,-0.49781970323674934,0.1,JADES-GOODS-S
155902,8.63,8.63,-18.454882551394725,,7.665869211912495,9.728869211912496,0.5757213640927094,0.14133283311763617,-0.4343885309750732,0.24548825513947248,JADES-GOODS-S
155928,8.85,8.85,-17.868491903631632,,7.378533654225025,9.463533654225024,0.5565113519359415,0.10398369553714006,-0.45252765639880144,0.18684919036316322,JADES-GOODS-S
156307,8.61,8.61,-17.60770942659345,,7.264261977631888,9.325261977631888,0.5775223150811617,0.09284880700240553,-0.4846735080787562,0.16077094265934483,JADES-GOODS-S
156705,8.44,8.44,-17.26594393146797,,7.108723367447286,9.152723367447287,0.5932163532438834,0.07509786424366535,-0.5181184890002181,0.12659439314679694,JADES-GOODS-S
159233,9.24,9.24,-17.59794959044686,,7.234426055462259,9.358426055462258,0.5249701424641379,0.08388758241473983,-0.44108256004939805,0.15979495904468588,JADES-GOODS-S
165562,8.93,8.93,-18.627685382228115,,7.735950556558355,9.828950556558354,0.5497886136005781,0.14446715032737006,-0.405321463273208,0.26276853822281154,JADES-GOODS-S
165595,8.88,8.88,-19.792025508424715,,8.29101211650174,10.379012116501741,0.5539743883240513,0.2100685011538781,-0.34390588717017323,0.37920255084247145,JADES-GOODS-S
167961,8.9,8.9,-17.694333670687687,,7.293808493576652,9.383808493576652,0.5522937412226996,0.09357698818636918,-0.4587167530363304,0.16943336706876866,JADES-GOODS-S
168445,8.79,8.79,-18.789223675845204,,7.818281246026472,9.897281246026472,0.5616436078841149,0.15665496484974933,-0.4049886430343656,0.2789223675845204,JADES-GOODS-S
172510,10.95,10.95,-17.714652056659233,,7.221459726913135,9.516459726913135,0.41621310250530075,0.0713660652219234,-0.34484703728337734,0.1714652056659233,JADES-GOODS-S
174601,8.52,8.52,-18.607610913826733,,7.742815184067699,9.7948151840677,0.5857437324357447,0.15273917494050532,-0.4330045574952394,0.2607610913826732,JADES-GOODS-S
174693,8.66,8.66,-19.461210088803828,,8.142674792181818,10.208674792181817,0.5730373866095411,0.1983402783794723,-0.37469710823006874,0.3461210088803828,JADES-GOODS-S
175051,12.5,12.5,-15.699408285979374,,6.202218935840203,8.652218935840203,0.3464574765078378,0.034645747650783786,-0.31181172885705405,0.1,JADES-GOODS-S
175081,8.48,8.48,-19.9207743131615,,8.368167798751712,10.416167798751712,0.589460357569523,0.23111410285855774,-0.35834625471096526,0.3920774313161498,JADES-GOODS-S
175729,8.34,8.34,-19.850035099268908,,8.340166672152733,10.374166672152732,0.6027824596745396,0.23207336269706225,-0.37070909697747734,0.3850035099268908,JADES-GOODS-S
175837,8.61,8.61,-19.21244573797792,,8.026511725539512,10.087511725539512,0.5775223150811617,0.1855259099669619,-0.3919964051141998,0.3212445737977919,JADES-GOODS-S
176151,9.97,9.97,-19.223107557367776,,7.977176089749694,10.174176089749693,0.47335402138937177,0.1525670923650512,-0.3207869290243206,0.3223107557367776,JADES-GOODS-S
176748,9.18,9.18,-18.398497798533676,,7.617086454303497,9.735086454303497,0.5296266051317874,0.12703082464534562,-0.40259578048644173,0.23984977985336753,JADES-GOODS-S
177322,8.28,8.28,-19.34047159728116,,8.10052400870855,10.12852400870855,0.6086459247365098,0.20331644243832364,-0.40532948229818616,0.33404715972811583,JADES-GOODS-S
177323,8.03,8.03,-19.301747326719283,,8.092129980191661,10.095129980191661,0.6341295116431204,0.20937354198614772,-0.42475596965697265,0.3301747326719283,JADES-GOODS-S
178175,8.71,8.71,-19.049030411015227,,7.944889445232233,10.015889445232233,0.5686100641158038,0.17337093774984041,-0.3952391263659634,0.3049030411015227,JADES-GOODS-S
178721,10.78,10.78,-19.058491033565794,,7.866583240943753,10.144583240943753,0.4252776503048709,0.13007078802333766,-0.29520686228153326,0.30584910335657933,JADES-GOODS-S
178722,9.85,9.85,-18.021134547411716,,7.411038910020565,9.596038910020566,0.4812452415945561,0.0972661383564255,-0.3839791032381306,0.2021134547411716,JADES-GOODS-S
179483,8.02,8.02,-19.55206107452578,,8.211429010399748,10.213429010399746,0.6351856258446907,0.22562181366612227,-0.40956381217856846,0.3552061074525781,JADES-GOODS-S
179485,8.46,8.46,-20.473354812943057,,8.631443536147952,10.677443536147951,0.591333397745461,0.2645244100858629,-0.3268089876595981,0.4473354812943057,JADES-GOODS-S
179681,10.44,10.44,-17.842411734222345,,7.302545573755614,9.546545573755614,0.44442299213427006,0.0818810135666384,-0.36254197856763165,0.1842411734222345,JADES-GOODS-S
180642,8.02,8.02,-19.084207281288023,,7.989198458611812,9.991198458611812,0.6351856258446907,0.1959044132199685,-0.43928121262472225,0.3084207281288023,JADES-GOODS-S
182375,10.52,10.52,-18.358207335533038,,7.544348484378194,9.796348484378193,0.43979098880359685,0.10371183358979702,-0.33607915521379983,0.2358207335533038,JADES-GOODS-S
182979,8.02,8.02,-19.267396170754143,,8.07621318110822,10.078213181108218,0.6351856258446907,0.20754030816030164,-0.42764531768438907,0.3267396170754143,JADES-GOODS-S
183348,14.67,14.67,-18.816401397722633,,7.595990663918251,10.26299066391825,0.2768394476981288,0.07796910074417715,-0.19887034695395164,0.2816401397722632,JADES-GOODS-S
188180,9.94,9.94,-18.16978137153396,,7.478046151478632,9.672046151478632,0.47530655787243187,0.10313113150395314,-0.3721754263684787,0.21697813715339614,JADES-GOODS-S
190413,17.82,17.82,-18.22387879073165,,7.188542425597534,10.170542425597535,0.21009961495283083,0.046723607763448666,-0.16337600718938217,0.22238787907316496,JADES-GOODS-S
190996,8.14,8.14,-19.143567538108766,,8.012594580601665,10.026594580601664,0.6227022637252819,0.195750662215364,-0.42695160150991796,0.3143567538108766,JADES-GOODS-S
191095,8.02,8.02,-19.102004750818022,,7.9976522566385615,9.999652256638562,0.6351856258446907,0.1970348829021549,-0.43815074294253586,0.31020047508180215,JADES-GOODS-S
191483,9.08,9.08,-18.849959779710176,,7.835530895362333,9.943530895362333,0.537541575541336,0.15319718702148466,-0.3843443885198513,0.28499597797101756,JADES-GOODS-S
192042,8.69,8.69,-19.778853676064568,,8.292355496130671,10.36135549613067,0.5703741468141834,0.21553604414209682,-0.3548381026720866,0.37788536760645675,JADES-GOODS-S
194246,9.02,9.02,-18.4581713495755,,7.651831391048363,9.753831391048363,0.5423854473371681,0.13332763670709183,-0.4090578106300763,0.2458171349575501,JADES-GOODS-S
194809,8.05,8.05,-18.498590422083705,,7.70983045048976,9.71483045048976,0.6320260199437908,0.15791741599392403,-0.47410860394986676,0.2498590422083705,JADES-GOODS-S
194969,9.03,9.03,-18.45688941907519,,7.650822474060714,9.753822474060714,0.5415731070674459,0.1330585236409682,-0.4085145834264777,0.24568894190751886,JADES-GOODS-S
195057,17.0,17.0,-16.137767415575738,,6.230439522398476,9.130439522398476,0.22468333596235202,0.022468333596235204,-0.2022150023661168,0.1,JADES-GOODS-S
195913,8.22,8.22,-19.438074855725326,,8.149285556469529,10.17128555646953,0.6146048239433161,0.21130573914070053,-0.40329908480261556,0.34380748557253255,JADES-GOODS-S
195914,8.26,8.26,-20.19116650486332,,8.505404089810078,10.531404089810078,0.6106215140291841,0.2559216436748045,-0.35469987035437955,0.4191166504863322,JADES-GOODS-S
197150,8.85,8.85,-17.783570389675088,,7.338195935095667,9.423195935095666,0.5565113519359415,0.0992577168830997,-0.4572536350528418,0.17835703896750876,JADES-GOODS-S
197416,8.72,8.72,-19.314477879408752,,8.070576992719158,10.142576992719157,0.5677314213252568,0.1881733237427854,-0.3795580975824714,0.3314477879408752,JADES-GOODS-S
199523,8.41,8.41,-17.287255621676746,,7.120046420296454,9.161046420296454,0.5960595388099935,0.07672809921872124,-0.5193314395912723,0.12872556216767456,JADES-GOODS-S
203579,8.31,8.31,-17.75575010234597,,7.346581298614337,9.377581298614338,0.6057023971028779,0.10634620457045775,-0.49935619253242014,0.17557501023459704,JADES-GOODS-S
203945,8.16,8.16,-16.401817618499493,,6.70946336878726,8.72546336878726,0.6206613433968378,0.062066134339683776,-0.558595209057154,0.1,JADES-GOODS-S
207868,9.45,9.45,-19.610494691407013,,8.181984978418331,10.32698497841833,0.5091965089490771,0.1838451292443626,-0.3253513797047145,0.36104946914070124,JADES-GOODS-S
208258,8.38,8.38,-19.86499171630362,,8.34567106524422,10.38367106524422,0.5989254507224028,0.2314841905725499,-0.3674412601498529,0.38649917163036207,JADES-GOODS-S
211388,8.52,8.52,-19.761361144729193,,8.290846543746367,10.342846543746367,0.5857437324357447,0.22031937159524628,-0.36542436084049845,0.3761361144729193,JADES-GOODS-S
213084,8.5,8.5,-18.990660594789166,,7.925563782524854,9.975563782524855,0.5875971598572068,0.17573036715949783,-0.411866792697709,0.2990660594789165,JADES-GOODS-S
213592,8.62,8.62,-18.688045170427404,,7.777021455953017,9.839021455953016,0.5766206706882723,0.1549982409012221,-0.42162242978705017,0.26880451704274044,JADES-GOODS-S
214829,9.14,9.14,-17.974008998432243,,7.417054274255316,9.531054274255315,0.5327691976613603,0.10516911902710516,-0.4276000786342552,0.1974008998432243,JADES-GOODS-S
216713,8.45,8.45,-17.61530937926691,,7.274271955151782,9.319271955151782,0.5922736314986649,0.09567051520522675,-0.4966031162934381,0.1615309379266911,JADES-GOODS-S
223019,18.92,18.92,,,,,0.19286463215883531,,,,JADES-GOODS-S
223543,14.02,14.02,,,,,0.2950688549392841,,,,JADES-GOODS-S
224746,9.94,9.94,-18.594488079828988,,7.67978183791877,9.87378183791877,0.47530655787243187,0.12331771986645716,-0.3519888380059747,0.2594488079828988,JADES-GOODS-S
225161,18.92,18.92,,,,,0.19286463215883531,,,,JADES-GOODS-S
225571,21.99,21.99,-17.452470928224603,,6.655323690906686,10.054323690906685,0.15538448657787338,0.02256914494514671,-0.13281534163272668,0.1452470928224603,JADES-GOODS-S
225940,21.99,21.99,-16.491818025287547,,6.199013562011585,9.598013562011584,0.15538448657787338,0.015538448657787338,-0.13984603792008604,0.1,JADES-GOODS-S
226454,14.8,14.8,,,,,0.27341754959326153,,,,JADES-GOODS-S
226999,18.83,18.83,,,,,0.19418527388461335,,,,JADES-GOODS-S
227280,13.14,13.14,,,,,0.32313477852423683,,,,JADES-GOODS-S
227662,17.42,17.42,,,,,0.21701074552812916,,,,JADES-GOODS-S
227781,10.61,10.61,-16.933864197116613,,6.864185493630391,9.12518549363039,0.43467515927686307,0.04346751592768631,-0.39120764334917674,0.1,JADES-GOODS-S
228011,18.22,18.22,,,,,0.20354645369676805,,,,JADES-GOODS-S
228184,19.0,19.0,,,,,0.1917031989600207,,,,JADES-GOODS-S
228189,21.99,21.99,-17.65219067840913,,6.750190572244337,10.149190572244336,0.15538448657787338,0.025672480029335105,-0.12971200654853826,0.16521906784091306,JADES-GOODS-S
228375,21.99,21.99,,,,,0.15538448657787338,,,,JADES-GOODS-S
229351,21.99,21.99,-18.576590160692124,,7.189280326328759,10.588280326328759,0.15538448657787338,0.04003621392407459,-0.1153482726537988,0.2576590160692124,JADES-GOODS-S
229607,10.9,10.9,-17.15320801305164,,6.9567738061995295,9.24677380619953,0.41884556298660647,0.048301605946727943,-0.3705439570398785,0.11532080130516387,JADES-GOODS-S
229739,12.46,12.46,,,,,0.3480076171037037,,,,JADES-GOODS-S
230688,9.16,9.16,-17.526445376174507,,7.203661553682891,9.319661553682892,0.5311940378691679,0.08108386829568574,-0.4501101695734821,0.15264453761745073,JADES-GOODS-S
231225,16.85,16.85,,,,,0.22753336999839402,,,,JADES-GOODS-S
231719,13.14,13.14,,,,,0.32313477852423683,,,,JADES-GOODS-S
232033,9.63,9.63,-17.24678499593145,,7.052022873067439,9.21502287306744,0.49629313517123397,0.06187708345152731,-0.43441605171970665,0.12467849959314492,JADES-GOODS-S
232652,11.12,11.12,-17.095388082735695,,6.920509339299455,9.232509339299455,0.4074652434041286,0.04463325717538819,-0.3628319862287404,0.10953880827356956,JADES-GOODS-S
234834,10.01,10.01,-17.084726079468023,,6.959844887747311,9.160844887747311,0.4707713031429935,0.05106579099843515,-0.4197055121445583,0.1084726079468023,JADES-GOODS-S
251501,12.35,12.35,,,,,0.3523304819456599,,,,JADES-GOODS-S
257561,15.84,15.84,,,,,0.2483947436997708,,,,JADES-GOODS-S
257580,8.02,8.02,-17.08433363472523,,7.039258476494485,9.041258476494484,0.6351856258446907,0.06887531383973933,-0.5663103120049514,0.10843336347252297,JADES-GOODS-S
257836,16.57,16.57,,,,,0.23301684612656776,,,,JADES-GOODS-S
257891,15.51,15.51,-15.59106847275082,,6.0303575245566385,8.781357524556638,0.25590850921025055,0.025590850921025057,-0.23031765828922549,0.1,JADES-GOODS-S
257919,8.85,8.85,-17.656890230624466,,7.278022859546622,9.363022859546621,0.5565113519359415,0.09220782222542755,-0.4643035297105139,0.1656890230624466,JADES-GOODS-S
258003,8.41,8.41,-16.888220581433632,,6.9305047761809755,8.971504776180975,0.5960595388099935,0.05960595388099935,-0.5364535849289942,0.1,JADES-GOODS-S
258454,18.86,18.86,-14.7608357060487,,5.501996960373134,8.587996960373134,0.1937433958796247,0.01937433958796247,-0.17436905629166222,0.1,JADES-GOODS-S
258790,13.57,13.57,-15.787991522942262,,6.201495973397575,8.758495973397576,0.3088911293857787,0.030889112938577868,-0.2780020164472008,0.1,JADES-GOODS-S
261384,18.87,18.87,-17.811399590520512,,6.950614805497244,10.037614805497244,0.19359647409632016,0.035068057390428925,-0.15852841670589124,0.18113995905205119,JADES-GOODS-S
261393,19.44,19.44,-17.09554531099341,,6.58778402272187,9.73178402272187,0.18551783265103192,0.02032431916664978,-0.16519351348438213,0.10955453109934081,JADES-GOODS-S
261468,19.0,19.0,-17.425211574637874,,6.7619754979529905,9.86197549795299,0.1917031989600207,0.027321761805292874,-0.1643814371547278,0.1425211574637874,JADES-GOODS-S
262218,19.07,19.07,,,,,0.19069643869770053,,,,JADES-GOODS-S
262428,16.54,16.54,,,,,0.23361737076731914,,,,JADES-GOODS-S
262795,18.88,18.88,,,,,0.19344973721138672,,,,JADES-GOODS-S
263217,18.88,18.88,,,,,0.19344973721138672,,,,JADES-GOODS-S
263477,21.99,21.99,,,,,0.15538448657787338,,,,JADES-GOODS-S
263511,19.0,19.0,,,,,0.1917031989600207,,,,JADES-GOODS-S
263739,17.08,17.08,-14.059871895626026,,5.240239150422363,8.148239150422363,0.22318747084806334,0.022318747084806335,-0.200868723763257,0.1,JADES-GOODS-S
263957,17.5,17.5,,,,,0.2155985786775417,,,,JADES-GOODS-S
264109,9.57,9.57,-16.964103522495492,,6.920149173185359,9.077149173185358,0.5005332869922587,0.05005332869922588,-0.4504799582930329,0.1,JADES-GOODS-S
264488,9.28,9.28,-19.24619656363548,,8.015743367726852,10.143743367726852,0.5219035115631087,0.16942013857854527,-0.3524833729845634,0.3246196563635479,JADES-GOODS-S
264796,19.49,19.49,,,,,0.18483593331088452,,,,JADES-GOODS-S
264841,11.97,11.97,-15.327849925683022,,6.046928714699437,8.443928714699437,0.3679732528191635,0.03679732528191635,-0.3311759275372471,0.1,JADES-GOODS-S
265370,9.16,9.16,-17.10847460380188,,7.005125436805893,9.121125436805894,0.5311940378691679,0.058881510066894696,-0.4723125278022732,0.11084746038018806,JADES-GOODS-S
265388,16.8,16.8,,,,,0.22849674920235238,,,,JADES-GOODS-S
265423,19.02,19.02,,,,,0.1914146542698721,,,,JADES-GOODS-S
265426,16.99,16.99,,,,,0.22487148977480337,,,,JADES-GOODS-S
265801,13.34,13.34,,,,,0.3163769446366206,,,,JADES-GOODS-S
265877,9.26,9.26,-17.76621924426828,,7.313554141027433,9.439554141027433,0.5234330934640663,0.09244976027631117,-0.4309833331877551,0.17662192442682811,JADES-GOODS-S
265999,18.88,18.88,,,,,0.19344973721138672,,,,JADES-GOODS-S
266264,8.67,8.67,-16.655315188022172,,6.809474714310532,8.876474714310532,0.5721473469186991,0.05721473469186991,-0.5149326122268292,0.1,JADES-GOODS-S
269237,15.37,15.37,,,,,0.25921098810749005,,,,JADES-GOODS-S
269831,14.08,14.08,,,,,0.29330357563034815,,,,JADES-GOODS-S
270272,9.13,9.13,-18.093466988111267,,7.474196819352853,9.587196819352853,0.5335596918656731,0.11169896011076061,-0.42186073175491245,0.20934669881112666,JADES-GOODS-S
270470,13.55,13.55,,,,,0.30953033526587065,,,,JADES-GOODS-S
270801,19.78,19.78,,,,,0.1809616754730961,,,,JADES-GOODS-S
270845,19.52,19.52,-16.733279736766477,,6.412507874964077,9.564507874964077,0.18442878849977468,0.01844287884997747,-0.1659859096497972,0.1,JADES-GOODS-S
271013,21.85,21.85,-17.96072977579062,,6.902346643500545,10.287346643500545,0.15682246523917473,0.030748647710733962,-0.12607381752844077,0.19607297757906217,JADES-GOODS-S
274692,21.99,21.99,,,,,0.15538448657787338,,,,JADES-GOODS-S
274710,10.44,10.44,-16.735318193360044,,6.776676141846021,9.020676141846021,0.44442299213427006,0.04444229921342701,-0.39998069292084304,0.1,JADES-GOODS-S
274754,21.99,21.99,-17.87023232250429,,6.8537603531895375,10.252760353189537,0.15538448657787338,0.02906050892136727,-0.1263239776565061,0.18702323225042894,JADES-GOODS-S
274772,20.05,20.05,,,,,0.1774742724305197,,,,JADES-GOODS-S
274846,19.0,19.0,,,,,0.1917031989600207,,,,JADES-GOODS-S
274849,21.99,21.99,-18.543791479486188,,7.173700952755939,10.57270095275594,0.15538448657787338,0.03952657330011303,-0.11585791327776035,0.2543791479486188,JADES-GOODS-S
274945,19.15,19.15,,,,,0.18955656120619557,,,,JADES-GOODS-S
275184,14.17,14.17,-16.906715464533697,,6.7088898456535055,9.325889845653506,0.29068835450259045,0.029068835450259047,-0.2616195190523314,0.1,JADES-GOODS-S
275773,10.36,10.36,-17.574198903716518,,7.178344479265346,9.414344479265345,0.4491366639834955,0.07070304440617124,-0.37843361957732424,0.15741989037165174,JADES-GOODS-S
275854,21.99,21.99,-14.342564852242855,,5.1781183048153565,8.577118304815357,0.15538448657787338,0.015538448657787338,-0.13984603792008604,0.1,JADES-GOODS-S
275903,21.99,21.99,-15.390896520227574,,5.676075847108097,9.075075847108097,0.15538448657787338,0.015538448657787338,-0.13984603792008604,0.1,JADES-GOODS-S
275905,21.99,21.99,,,,,0.15538448657787338,,,,JADES-GOODS-S
275926,18.91,18.91,-17.804134149170356,,6.945563720855919,10.03656372085592,0.19301063269671348,0.03482170736011172,-0.15818892533660175,0.18041341491703555,JADES-GOODS-S
275987,18.91,18.91,,,,,0.19301063269671348,,,,JADES-GOODS-S
276048,19.59,19.59,,,,,0.18348455265830826,,,,JADES-GOODS-S
276075,19.29,19.29,,,,,0.18758879580710697,,,,JADES-GOODS-S
276106,19.0,19.0,-14.301963185742245,,5.278432513227567,8.378432513227567,0.1917031989600207,0.01917031989600207,-0.17253287906401862,0.1,JADES-GOODS-S
276114,17.28,17.28,-16.678565267379657,,6.476118502005337,9.404118502005337,0.21951930406939157,0.021951930406939157,-0.19756737366245242,0.1,JADES-GOODS-S
276115,16.88,16.88,-17.22284596886417,,6.750651835210482,9.638651835210482,0.22695857588418814,0.02775353796191323,-0.1992050379222749,0.122284596886417,JADES-GOODS-S
276160,19.0,19.0,-16.85622434335231,,6.491706563092347,9.591706563092346,0.1917031989600207,0.01917031989600207,-0.17253287906401862,0.1,JADES-GOODS-S
276175,16.82,16.82,,,,,0.22811058599277778,,,,JADES-GOODS-S
276189,19.0,19.0,-17.450667671381552,,6.774067143906237,9.874067143906236,0.1917031989600207,0.027809763323172757,-0.16389343563684794,0.1450667671381552,JADES-GOODS-S
276199,21.99,21.99,,,,,0.15538448657787338,,,,JADES-GOODS-S
276276,21.61,21.61,,,,,0.15933953456988792,,,,JADES-GOODS-S
276319,21.99,21.99,,,,,0.15538448657787338,,,,JADES-GOODS-S
276421,21.99,21.99,-17.093045559094307,,6.484596640569796,9.883596640569795,0.15538448657787338,0.016984232300609338,-0.13840025427726405,0.10930455590943065,JADES-GOODS-S
276474,19.0,19.0,,,,,0.1917031989600207,,,,JADES-GOODS-S
277042,8.03,8.03,-17.62561447905625,,7.295966877551718,9.298966877551718,0.6341295116431204,0.1030850115723925,-0.5310445000707279,0.16256144790562493,JADES-GOODS-S
277229,18.91,18.91,,,,,0.19301063269671348,,,,JADES-GOODS-S
277303,19.85,19.85,-13.651253313719497,,4.935345324016762,8.120345324016762,0.1800466770284967,0.01800466770284967,-0.16204200932564702,0.1,JADES-GOODS-S
277330,10.28,10.28,-16.46559127603958,,6.6549558561188,8.8829558561188,0.4539340327932461,0.04539340327932462,-0.4085406295139215,0.1,JADES-GOODS-S
277628,20.11,20.11,-16.023115946830757,,6.05158007474461,9.26258007474461,0.1767144283532589,0.01767144283532589,-0.159042985517933,0.1,JADES-GOODS-S
277774,19.46,19.46,,,,,0.18524457250992485,,,,JADES-GOODS-S
279400,8.03,8.03,-18.665098456938487,,7.789721767045782,9.792721767045782,0.6341295116431204,0.16900175829792366,-0.46512775334519674,0.2665098456938487,JADES-GOODS-S
279971,9.17,9.17,-17.30129127990416,,7.096313357954475,9.213313357954476,0.5304093589364558,0.06902170735635652,-0.4613876515800993,0.13012912799041593,JADES-GOODS-S
280143,10.7,10.7,-18.475790290429543,,7.593000387954033,9.863000387954033,0.42965749758298527,0.10637418607262099,-0.32328331151036427,0.2475790290429543,JADES-GOODS-S
282298,8.27,8.27,-16.95671832369301,,6.96864120375418,8.995641203754179,0.6096323889799649,0.060963238897996486,-0.5486691500819684,0.1,JADES-GOODS-S
283024,8.5,8.5,-18.728886373646116,,7.801221027481905,9.851221027481905,0.5875971598572068,0.160348588272749,-0.42724857158445784,0.27288863736461155,JADES-GOODS-S
283570,18.81,18.81,-20.294888938604352,,8.132672245837067,11.213672245837067,0.19448078971166577,0.08352733925036723,-0.11095345046129854,0.42948889386043515,JADES-GOODS-S
284343,9.21,9.21,-18.307960412365052,,7.5728811958734,9.6938811958734,0.5272898286396347,0.12169640503430286,-0.40559342360533185,0.23079604123650516,JADES-GOODS-S
284476,9.18,9.18,-19.178801873857825,,7.987730890082468,10.105730890082468,0.5296266051317874,0.1683578044837884,-0.361268800647999,0.3178801873857825,JADES-GOODS-S
284497,18.22,18.22,-16.674306415471968,,6.436495547349185,9.458495547349186,0.20354645369676805,0.020354645369676808,-0.18319180832709125,0.10000000000000002,JADES-GOODS-S
284527,11.21,11.21,-20.736138735008463,,8.64626589912902,10.96726589912902,0.4029569847583246,0.1908460184056116,-0.21211096635271298,0.4736138735008463,JADES-GOODS-S
284537,8.19,8.19,-18.720973625884664,,7.809862472295217,9.828862472295217,0.6176207420067007,0.1680529749799549,-0.44956776702674583,0.2720973625884664,JADES-GOODS-S
284546,8.6,8.6,-18.8165823773014,,7.838876629218166,9.898876629218167,0.5784263057786463,0.16291853394236866,-0.41550777183627763,0.2816582377301401,JADES-GOODS-S
284572,8.8,8.8,-18.448897970767543,,7.656226536114583,9.736226536114582,0.5607827797244148,0.13732998113085018,-0.42345279859356466,0.24488979707675435,JADES-GOODS-S
286135,8.74,8.74,-18.371036423383305,,7.6216423011070695,9.69564230110707,0.5659808922539318,0.13419613104730543,-0.43178476120662634,0.23710364233833053,JADES-GOODS-S
289174,16.0,16.0,-14.786982682877701,,5.628816774366908,8.428816774366908,0.24488261787881582,0.024488261787881584,-0.22039435609093425,0.1,JADES-GOODS-S
289206,18.91,18.91,,,,,0.19301063269671348,,,,JADES-GOODS-S
289869,19.59,19.59,-17.32142187464799,,6.689075390457795,9.848075390457794,0.18348455265830826,0.024246050154268922,-0.15923850250403934,0.13214218746479883,JADES-GOODS-S
289886,19.19,19.19,,,,,0.18899085773670538,,,,JADES-GOODS-S
289992,18.59,18.59,-15.981531358764876,,6.092627395413316,9.151627395413316,0.19778138505178933,0.019778138505178934,-0.1780032465466104,0.1,JADES-GOODS-S
290262,18.91,18.91,-15.12496145512322,,5.67295669118353,8.76395669118353,0.19301063269671348,0.019301063269671348,-0.17370956942704213,0.1,JADES-GOODS-S
290287,20.56,20.56,-17.262851593940564,,6.622454507121768,9.878454507121768,0.17118363804482556,0.02161795301614525,-0.1495656850286803,0.12628515939405638,JADES-GOODS-S
290327,9.86,9.86,-18.056289884540423,,7.427337695156702,9.613337695156702,0.48057931142710847,0.09882103768069647,-0.381758273746412,0.20562898845404226,JADES-GOODS-S
290351,21.99,21.99,-15.137604886649914,,5.555762321158709,8.954762321158709,0.15538448657787338,0.015538448657787338,-0.13984603792008604,0.1,JADES-GOODS-S
290414,13.13,13.13,,,,,0.32347895723587056,,,,JADES-GOODS-S
290468,21.99,21.99,,,,,0.15538448657787338,,,,JADES-GOODS-S
290470,18.89,18.89,-18.267486045360123,,7.1664558715460585,10.255455871546058,0.19330318489944667,0.04383122742831629,-0.14947195747113037,0.22674860453601228,JADES-GOODS-S
290637,10.39,10.39,-16.656216633936392,,6.7411029011197865,8.980102901119785,0.44735933914839654,0.044735933914839654,-0.4026234052335569,0.1,JADES-GOODS-S
290902,10.73,10.73,-17.18395607097935,,6.978179133715192,9.251179133715192,0.42800630418090346,0.05067406622524143,-0.377332237955662,0.11839560709793484,JADES-GOODS-S
291002,21.8,21.8,-16.27090128536164,,6.1016781105467786,9.481678110546778,0.15734138921840124,0.015734138921840123,-0.14160725029656113,0.09999999999999999,JADES-GOODS-S
291043,19.02,19.02,,,,,0.1914146542698721,,,,JADES-GOODS-S
291245,21.99,21.99,,,,,0.15538448657787338,,,,JADES-GOODS-S
291253,19.0,19.0,-16.706305048862514,,6.420494898209695,9.520494898209694,0.1917031989600207,0.01917031989600207,-0.17253287906401862,0.1,JADES-GOODS-S
291269,19.0,19.0,-18.13024750913817,,7.09686756684063,10.19686756684063,0.1917031989600207,0.04083752620784028,-0.1508656727521804,0.21302475091381684,JADES-GOODS-S
291271,21.99,21.99,,,,,0.15538448657787338,,,,JADES-GOODS-S
291278,21.99,21.99,,,,,0.15538448657787338,,,,JADES-GOODS-S
291347,21.99,21.99,,,,,0.15538448657787338,,,,JADES-GOODS-S
291493,19.94,19.94,,,,,0.17888148600521234,,,,JADES-GOODS-S
291542,18.27,18.27,,,,,0.20275118667382072,,,,JADES-GOODS-S
291544,13.14,13.14,,,,,0.32313477852423683,,,,JADES-GOODS-S
291591,19.91,19.91,,,,,0.1792684887553968,,,,JADES-GOODS-S
291654,9.97,9.97,-17.831565578527645,,7.316193649800631,9.51319364980063,0.47335402138937177,0.08669789320344118,-0.3866561281859306,0.18315655785276447,JADES-GOODS-S
291673,8.52,8.52,-17.583084899533816,,7.256165327278564,9.308165327278564,0.5857437324357447,0.0927282057815603,-0.49301552665418447,0.15830848995338154,JADES-GOODS-S
291682,19.07,19.07,-17.00615958460527,,6.560125802687504,9.667125802687504,0.19069643869770053,0.019187104954578284,-0.17150933374312224,0.10061595846052708,JADES-GOODS-S
291800,11.99,11.99,-15.880504433001164,,6.308639605675553,8.707639605675553,0.3671213643154159,0.036712136431541594,-0.33040922788387433,0.1,JADES-GOODS-S
292026,21.99,21.99,-17.1970623303036,,6.534004606894209,9.933004606894208,0.15538448657787338,0.01860049155959373,-0.13678399501827965,0.11970623303035982,JADES-GOODS-S
292027,21.99,21.99,,,,,0.15538448657787338,,,,JADES-GOODS-S
292135,21.99,21.99,-17.214420563991858,,6.542249767896132,9.941249767896132,0.15538448657787338,0.01887021158254863,-0.13651427499532476,0.1214420563991858,JADES-GOODS-S
292147,17.42,17.42,-14.28267022672411,,5.332468357693951,8.274468357693952,0.21701074552812916,0.021701074552812918,-0.19530967097531624,0.1,JADES-GOODS-S
292312,21.99,21.99,,,,,0.15538448657787338,,,,JADES-GOODS-S
292416,19.0,19.0,-17.542113991028256,,6.817504145738422,9.917504145738421,0.1917031989600207,0.029562818524112123,-0.16214038043590856,0.15421139910282555,JADES-GOODS-S
292417,21.99,21.99,-14.435525938537868,,5.222274820805487,8.621274820805487,0.15538448657787338,0.015538448657787338,-0.13984603792008604,0.1,JADES-GOODS-S
292510,15.52,15.52,-17.98360904750001,,7.166414297562506,9.918414297562506,0.2556752945257597,0.050715982744352676,-0.20495931178140703,0.198360904750001,JADES-GOODS-S
292607,19.0,19.0,-16.954473114678848,,6.538374729472453,9.638374729472453,0.1917031989600207,0.01917031989600207,-0.17253287906401862,0.1,JADES-GOODS-S
292679,19.15,19.15,,,,,0.18955656120619557,,,,JADES-GOODS-S
292682,21.99,21.99,,,,,0.15538448657787338,,,,JADES-GOODS-S
292707,21.96,21.96,-17.72634917363091,,6.7866158574746835,10.182615857474683,0.15569077804434833,0.026877664601881436,-0.1288131134424669,0.1726349173630911,JADES-GOODS-S
292716,21.99,21.99,-15.330703125845385,,5.647483984776558,9.046483984776557,0.15538448657787338,0.015538448657787338,-0.13984603792008604,0.1,JADES-GOODS-S
292720,21.99,21.99,,,,,0.15538448657787338,,,,JADES-GOODS-S
292732,21.7,21.7,,,,,0.15838782691618966,,,,JADES-GOODS-S
292758,19.0,19.0,-16.55177053200341,,6.347091002701619,9.447091002701619,0.1917031989600207,0.01917031989600207,-0.17253287906401862,0.1,JADES-GOODS-S
292770,19.0,19.0,-16.83225151328509,,6.480319468810418,9.580319468810417,0.1917031989600207,0.01917031989600207,-0.17253287906401862,0.1,JADES-GOODS-S
292775,19.15,19.15,,,,,0.18955656120619557,,,,JADES-GOODS-S
292780,18.76,18.76,-17.544347268054203,,6.828164952325746,9.904164952325747,0.1952228552361291,0.030149188314565704,-0.1650736669215634,0.15443472680542025,JADES-GOODS-S
292798,19.0,19.0,-16.952650080455406,,6.537508788216318,9.637508788216318,0.1917031989600207,0.01917031989600207,-0.17253287906401862,0.1,JADES-GOODS-S
292810,19.0,19.0,-17.13293671314795,,6.623144938745275,9.723144938745275,0.1917031989600207,0.021718759212971304,-0.16998443974704938,0.11329367131479484,JADES-GOODS-S
292832,21.28,21.28,-15.977362263837122,,5.9830470753226335,9.311047075322634,0.16291167651104863,0.016291167651104863,-0.14662050885994377,0.1,JADES-GOODS-S
292853,19.0,19.0,,,,,0.1917031989600207,,,,JADES-GOODS-S
292884,18.92,18.92,,,,,0.19286463215883531,,,,JADES-GOODS-S
292924,19.0,19.0,,,,,0.1917031989600207,,,,JADES-GOODS-S
292955,21.99,21.99,,,,,0.15538448657787338,,,,JADES-GOODS-S
293128,19.0,19.0,-16.844206602825814,,6.485998136342261,9.585998136342262,0.1917031989600207,0.01917031989600207,-0.17253287906401862,0.1,JADES-GOODS-S
293174,19.0,19.0,-18.24910766316192,,7.153326140001911,10.253326140001912,0.1917031989600207,0.043116113383363644,-0.14858708557665706,0.22491076631619183,JADES-GOODS-S
293192,19.0,19.0,-17.37291053424493,,6.737132503766341,9.837132503766341,0.1917031989600207,0.02631913413006641,-0.16538406482995427,0.137291053424493,JADES-GOODS-S
293194,21.99,21.99,,,,,0.15538448657787338,,,,JADES-GOODS-S
293200,21.99,21.99,-19.050647729717095,,7.4144576716156205,10.81345767161562,0.15538448657787338,0.047402333121204586,-0.10798215345666878,0.30506477297170953,JADES-GOODS-S
293204,21.99,21.99,,,,,0.15538448657787338,,,,JADES-GOODS-S
293205,19.0,19.0,-14.660208639808388,,5.448599103908984,8.548599103908984,0.1917031989600207,0.01917031989600207,-0.17253287906401862,0.1,JADES-GOODS-S
293210,18.92,18.92,-17.066026585654903,,6.594562628186079,9.68656262818608,0.19286463215883531,0.0205598825313872,-0.17230474962744813,0.1066026585654903,JADES-GOODS-S
293218,19.0,19.0,-17.648496648664977,,6.868035908115864,9.968035908115864,0.1917031989600207,0.031602208102394946,-0.16010099085762575,0.1648496648664977,JADES-GOODS-S
293221,19.0,19.0,-17.05321257838282,,6.5852759747318395,9.685275974731839,0.1917031989600207,0.020190422046091793,-0.1715127769139289,0.10532125783828189,JADES-GOODS-S
293227,18.92,18.92,-13.389329661585707,,4.848131589253212,7.9401315892532125,0.19286463215883531,0.019286463215883533,-0.17357816894295178,0.1,JADES-GOODS-S
293230,21.99,21.99,,,,,0.15538448657787338,,,,JADES-GOODS-S
293234,19.23,19.23,-17.681050932715323,,6.8742991930397785,9.99729919303978,0.18842795174158333,0.03167569840248264,-0.1567522533391007,0.16810509327153222,JADES-GOODS-S
293241,21.99,21.99,-15.22502993106907,,5.597289217257808,8.996289217257807,0.15538448657787338,0.015538448657787338,-0.13984603792008604,0.1,JADES-GOODS-S
293248,21.99,21.99,-15.716017129592341,,5.830508136556362,9.229508136556362,0.15538448657787338,0.015538448657787338,-0.13984603792008604,0.1,JADES-GOODS-S
293264,16.39,16.39,,,,,0.23665893080508252,,,,JADES-GOODS-S
293266,21.99,21.99,,,,,0.15538448657787338,,,,JADES-GOODS-S
293269,19.33,19.33,,,,,0.18703279936551506,,,,JADES-GOODS-S
293276,21.99,21.99,,,,,0.15538448657787338,,,,JADES-GOODS-S
293282,21.99,21.99,-14.800994425033057,,5.395872351890702,8.794872351890703,0.15538448657787338,0.015538448657787338,-0.13984603792008604,0.1,JADES-GOODS-S
293286,21.99,21.99,,,,,0.15538448657787338,,,,JADES-GOODS-S
293289,21.99,21.99,-16.153265835431217,,6.038201271829828,9.437201271829828,0.15538448657787338,0.015538448657787338,-0.13984603792008604,0.1,JADES-GOODS-S
293295,21.99,21.99,-13.344115135905628,,4.703854689555174,8.102854689555173,0.15538448657787338,0.015538448657787338,-0.13984603792008604,0.1,JADES-GOODS-S
293305,19.0,19.0,-16.77255992902144,,6.451965966285185,9.551965966285184,0.1917031989600207,0.01917031989600207,-0.17253287906401862,0.1,JADES-GOODS-S
293308,21.99,21.99,-17.764657903849464,,6.803612504328495,10.202612504328496,0.15538448657787338,0.027420046237523525,-0.12796444034034984,0.17646579038494642,JADES-GOODS-S
293311,21.99,21.99,,,,,0.15538448657787338,,,,JADES-GOODS-S
293350,21.99,21.99,,,,,0.15538448657787338,,,,JADES-GOODS-S
293368,21.84,21.84,,,,,0.15692602261338418,,,,JADES-GOODS-S
293384,19.0,19.0,,,,,0.1917031989600207,,,,JADES-GOODS-S
293385,21.99,21.99,-17.763541832951464,,6.803082370651945,10.202082370651945,0.15538448657787338,0.027402704227176496,-0.12798178235069688,0.1763541832951464,JADES-GOODS-S
293397,21.98,21.98,,,,,0.15548647254377634,,,,JADES-GOODS-S
293415,19.0,19.0,,,,,0.1917031989600207,,,,JADES-GOODS-S
293451,21.99,21.99,,,,,0.15538448657787338,,,,JADES-GOODS-S
293462,19.0,19.0,-16.37592798271845,,6.263565791791264,9.363565791791265,0.1917031989600207,0.01917031989600207,-0.17253287906401862,0.1,JADES-GOODS-S
293463,19.0,19.0,,,,,0.1917031989600207,,,,JADES-GOODS-S
293804,18.91,18.91,,,,,0.19301063269671348,,,,JADES-GOODS-S
294154,16.51,16.51,,,,,0.23422047044412242,,,,JADES-GOODS-S
294350,8.35,8.35,-18.922493807859652,,7.899184558733335,9.934184558733335,0.6018143438104271,0.17587986932670926,-0.4259344744837178,0.2922493807859652,JADES-GOODS-S
294402,9.86,9.86,-18.135628809096684,,7.465023684320926,9.651023684320926,0.48057931142710847,0.10263390225395798,-0.3779454091731505,0.21356288090966835,JADES-GOODS-S
294816,9.04,9.04,-19.09522393157121,,7.953631367496325,10.057631367496324,0.5407627874512401,0.1673781921022233,-0.3733845953490168,0.3095223931571208,JADES-GOODS-S
294875,16.49,16.49,,,,,0.2346239751077355,,,,JADES-GOODS-S
295365,10.71,10.71,-17.44659437155371,,7.103732326488013,9.374732326488012,0.4291059248949511,0.06207422157533857,-0.36703170331961255,0.1446594371553711,JADES-GOODS-S
295366,9.05,9.05,-17.03959620527435,,6.976808197505317,9.081808197505318,0.5399544814661026,0.05613346299530394,-0.48382101847079867,0.10395962052743496,JADES-GOODS-S
295424,8.39,8.39,-16.974528569391495,,6.9723010704609605,9.011301070460961,0.5979676059469302,0.05979676059469302,-0.5381708453522371,0.1,JADES-GOODS-S
295532,19.26,19.26,-18.51061540494583,,7.26714231734927,10.39314231734927,0.18800759646175313,0.04720147679237167,-0.14080611966938147,0.25106154049458307,JADES-GOODS-S
296187,16.19,16.19,,,,,0.24081790081499924,,,,JADES-GOODS-S
296300,15.9,15.9,,,,,0.24706794722205497,,,,JADES-GOODS-S
296356,8.01,8.01,-17.604746810208916,,7.286854734849236,9.287854734849235,0.6362446673297534,0.1021011600409854,-0.5341435072887679,0.16047468102089152,JADES-GOODS-S
296383,12.19,12.19,-19.4286807348657,,7.986023349061208,10.405023349061208,0.3587796325343875,0.12301408141328497,-0.23576555112110253,0.34286807348657006,JADES-GOODS-S
296548,14.89,14.89,-14.287888869829988,,5.436147213169245,8.125147213169246,0.27108949524946635,0.027108949524946635,-0.24398054572451972,0.1,JADES-GOODS-S
296558,18.91,18.91,,,,,0.19301063269671348,,,,JADES-GOODS-S
296704,18.22,18.22,,,,,0.20354645369676805,,,,JADES-GOODS-S
296867,10.24,10.24,-18.471070944021438,,7.609158698410184,9.833158698410184,0.45636475520188086,0.11277096864548242,-0.34359378655639844,0.2471070944021438,JADES-GOODS-S
297083,9.28,9.28,-19.132424408790126,,7.96170159417531,10.08970159417531,0.5219035115631087,0.1634823298653561,-0.35842118169775256,0.31324244087901254,JADES-GOODS-S
297356,8.03,8.03,-18.287111560929535,,7.61017799144153,9.61317799144153,0.6341295116431204,0.14503249372055807,-0.4890970179225623,0.22871115609295348,JADES-GOODS-S
297420,18.67,18.67,,,,,0.19657047865480903,,,,JADES-GOODS-S
297463,8.39,8.39,-17.38253760357178,,7.166105361696596,9.205105361696596,0.5979676059469302,0.08267127009394235,-0.5152963358529878,0.138253760357178,JADES-GOODS-S
297474,10.62,10.62,-20.688139147831166,,8.647066095219804,10.909066095219805,0.4341128421316326,0.20351814097735574,-0.23059470115427685,0.46881391478311657,JADES-GOODS-S
297714,9.91,9.91,-17.204714770492863,,7.020839515984111,9.21183951598411,0.47727252014529603,0.05749772545693906,-0.419774794688357,0.12047147704928629,JADES-GOODS-S
297912,21.99,21.99,,,,,0.15538448657787338,,,,JADES-GOODS-S
298161,13.61,13.61,-13.424469227888732,,5.077222883247148,7.638222883247148,0.3076192787292719,0.030761927872927194,-0.2768573508563447,0.1,JADES-GOODS-S
298164,19.0,19.0,-14.053444301504804,,5.160386043214782,8.260386043214782,0.1917031989600207,0.01917031989600207,-0.17253287906401862,0.1,JADES-GOODS-S
298219,18.9,18.9,-14.66458216087116,,5.454676526413801,8.5446765264138,0.19315681683585836,0.01931568168358584,-0.17384113515227254,0.1,JADES-GOODS-S
298293,18.92,18.92,,,,,0.19286463215883531,,,,JADES-GOODS-S
298360,15.79,15.79,-17.414115490689,,6.885104858077275,9.664104858077275,0.2495094748030786,0.035283521339271,-0.21422595346380763,0.1414115490688999,JADES-GOODS-S
298435,15.44,15.44,,,,,0.2575509552404741,,,,JADES-GOODS-S
