ID,RA,DEC,F115W_CIRC1,F115W_CIRC4,F444W_CIRC1,F444W_CIRC4,log_Mstar,z_best,phys_id,color_gradient,compactness
2425,53.122674401993216,-27.91040572866081,9.145152,8.902446,13.804515,14.4666,7.783445582619573,8.25,2425,-0.08006725,0.9542335
2446,53.03657405093041,-27.910267789335297,2.6778374,4.867102,6.04755,8.038533,7.229323785559375,8.46,2446,0.3397223,0.7523201
2987,53.09393463234899,-27.908409818624637,7.0155416,13.102439,11.292115,19.80774,7.685333172062558,8.02,2987,0.06807835,0.570086
3180,53.05973118361316,-27.907771579851687,8.865812,17.203054,14.583064,19.669369,7.848820130654561,8.02,3180,0.39486343,0.74140984
4064,53.10033039740074,-27.905377845847315,6.7056656,8.483422,19.861897,28.59079,7.7179058816923085,8.04,4064,-0.14019063,0.69469565
4172,53.03385919840716,-27.905099583852987,3.6028786,5.5049596,9.662001,15.70685,7.744739663317055,8.77,4172,-0.06729386,0.6151457
5936,53.11991389209361,-27.90158199320049,8.831042,10.836467,11.429328,16.590635,7.775660179187691,8.02,5936,-0.18241653,0.6889024
6173,53.09626448693646,-27.90114828058039,7.3226013,7.1642213,33.79256,33.851128,7.8897128564101795,8.56,6173,-0.025621139,0.99826986
6347,53.108999644068135,-27.90084386903427,16.429256,23.392967,89.47912,124.883354,8.64541173196684,8.84,6347,0.021711348,0.71650153
7390,53.12222301187367,-27.899083016146673,5.2417965,10.034818,21.637396,43.7943,8.004467735394522,8.92,7390,-0.060458217,0.49406877
7423,53.09554860144735,-27.89906851914428,2.1578918,1.4425908,10.143813,13.01704,7.484577977011481,8.81,7423,-0.7079936,0.77927184
7699,53.03334466032709,-27.898624178414813,5.768814,7.1040406,37.508102,44.929054,7.863922624540401,8.49,7699,0.0300418,0.83482957
8047,53.04370617744944,-27.898122038067697,0.79001325,1.3332812,3.2277067,5.6839833,7.270712783938325,8.84,8047,-0.046178482,0.56786
8428,53.03078728600104,-27.897384788993936,1.7836679,2.1486292,9.749588,10.656913,7.541621839410621,9.11,8428,0.105505764,0.9148604
9796,53.03769339217319,-27.895403480918436,3.600806,3.1013532,6.19757,6.5532885,7.366880803717185,8.56,9796,-0.22271588,0.94571906
10252,53.0357999026986,-27.89470580891025,4.2514796,4.6137853,9.358403,10.286831,7.50617472359956,8.57,10252,-0.013906455,0.909746
10996,53.054151804658055,-27.893573261951953,3.431166,5.0057025,26.807556,32.726444,7.74019269796511,8.9,10996,0.19345419,0.8191405
12541,53.05994714349043,-27.89157391255119,2.524411,5.004333,3.3885274,6.3042254,7.289598535492748,8.55,12541,0.068913564,0.537501
12702,53.06005786704461,-27.891434016808777,0.02207048,0.12609488,3.5888782,3.7498403,7.2504757212809245,10.78,12702,1.844579,0.95707494
13405,53.10392630657337,-27.89059483550898,56.153576,81.053986,143.17258,225.93906,8.858650660669756,8.21,13405,-0.09683628,0.63367784
15355,53.12559752984132,-27.88852477320671,4.331933,7.2565155,32.133682,58.016655,7.813456954028568,8.75,15355,-0.08136458,0.55386996
17264,53.06668605860772,-27.886591487928666,13.449307,16.139256,22.510235,29.764912,8.033625101024619,8.22,17264,-0.105352506,0.7562675
21468,53.10107679497724,-27.883100813520414,7.950459,9.164294,36.622116,39.263577,8.024270020264366,9.06,21468,0.07865102,0.9327249
22015,53.09753331959809,-27.882692741591804,5.286121,8.326021,12.376716,20.543556,7.803505116869607,8.64,22015,-0.056924455,0.6024622
22980,53.016533611338005,-27.88194581334515,0.28998828,0.20730107,6.321197,7.318609,7.488419524009408,10.66,22980,-0.5235204,0.8637156
25526,53.09941788219127,-27.88038138098339,19.203863,30.265636,65.10281,93.21648,8.385059025556075,8.28,25526,0.1041707,0.69840455
27503,53.075807425556405,-27.879384882961602,29.453676,37.713284,94.74557,121.10038,8.51933268915243,8.27,27503,0.0019206246,0.7823722
28799,53.04792418889154,-27.878726056131388,20.102373,23.982252,29.385456,33.596943,8.204836974477821,8.55,28799,0.046188276,0.8746467
30333,53.05372681063386,-27.877893799038784,18.705006,22.260035,48.196114,61.62492,8.336258293634604,8.51,30333,-0.077940844,0.78208804
30865,53.06447451842088,-27.877626378429202,1.2317523,6.883403,5.446875,5.5098653,7.379927856543091,9.04,30865,1.8557156,0.98856777
32011,53.14005075697869,-27.87691841503088,3.8486712,4.0471697,2.1614406,1.5137265,7.56138043090428,8.57,32011,0.44134122,1.4278938
37142,53.06682866260727,-27.87293833561654,0.17281242,1.1133405,29.849075,36.782974,8.209172776843092,10.71,37142,1.7958428,0.8114916
37458,53.08932142198106,-27.872694861672755,18.254251,21.284594,38.006157,47.5928,8.269562858013867,8.53,37458,-0.07746491,0.79856944
37677,53.15815841352569,-27.872511629795753,53.51543,59.755524,44.145283,43.163013,8.817173986299327,8.54,37677,0.14417903,1.0227572
37925,53.13416940095466,-27.872299946886393,3.8280132,7.4781346,17.819191,25.512842,8.137008599904561,9.21,37925,0.33737245,0.6984401
37968,53.039341205637555,-27.872248745242064,1.1775427,1.8544109,5.5659394,7.528695,7.234907147528351,10.74,37968,0.1651202,0.7392967
40324,53.12084244086806,-27.87019325309058,16.251968,15.5595875,24.034176,34.12288,8.173385555466144,8.42,40324,-0.42781085,0.70434195
41518,53.10124979538108,-27.869250799601136,2.877229,6.1484137,6.3250256,2.4072373,7.486193789865881,8.55,41518,1.87333,2.6275039
42645,53.124971577093376,-27.868354664319387,9.099121,16.15592,70.56205,88.168175,8.22174921294927,8.74,42645,0.38147908,0.80031204
43290,53.01022131321279,-27.86781256560608,8.81688,18.981583,22.591423,41.71849,8.070469529328257,8.33,43290,0.16658121,0.5415206
46349,53.12552818002535,-27.865770265671472,0.71726716,2.4441705,5.855764,12.086271,7.382144050938301,10.6,46349,0.54435444,0.48449713
47586,53.096860585392434,-27.865047893525265,5.148674,6.544193,17.168924,19.209803,7.947251656197592,8.93,47586,0.13845216,0.8937585
48659,53.12785476562602,-27.864410278779715,1.836308,4.5526314,6.865351,5.4362597,7.248042487385916,8.74,48659,1.2391988,1.2628814
50575,53.07037126757187,-27.863077238326493,3.0171082,4.607383,9.6627035,11.820528,7.5508392513006815,8.51,50575,0.24081305,0.81745106
50671,53.08416488630679,-27.863049744455996,3.358539,3.0383015,4.6212063,5.6773863,7.403575358594068,8.59,50671,-0.3322816,0.8139672
51718,53.11377708910441,-27.86237469403661,12.072998,16.510263,27.108946,33.89027,8.015395472926325,8.02,51718,0.09744119,0.7999035
52752,53.09082803690997,-27.86176626139064,4.6827135,5.2242637,11.624426,11.685837,7.655666401925885,8.55,52752,0.113097996,0.99474484
53736,53.077760582360106,-27.86119038182091,3.3553317,5.882145,4.2193375,3.9073625,7.40746953440561,8.1,53736,0.69290215,1.0798428
55320,53.123349240214935,-27.86036538358368,1.4707181,3.2048051,8.767103,14.668551,7.660277646989525,10.6,55320,0.28685263,0.5976802
57250,53.10223752797457,-27.859253242044748,13.791957,22.267075,29.39129,41.652626,8.347992870564378,8.46,57250,0.14153378,0.70562875
57378,53.086496855550024,-27.85919569701428,15.300899,22.247004,68.51796,90.90437,8.327114835193772,8.47,57378,0.099435665,0.7537367
57765,53.040801350463305,-27.85901016353927,5.1567836,9.502369,15.752169,14.852846,7.816530316754874,8.74,57765,0.72745925,1.0605488
58185,53.10346757225102,-27.85881230477501,0.008035839,0.17855084,1.2733959,5.6959996,7.09796507041022,10.03,58185,1.7403104,0.22355969
58589,53.13848799828007,-27.858539174522946,12.97861,20.687479,30.116444,39.830723,7.987386980965187,8.03,58589,0.20266218,0.7561109
59881,53.044968163976876,-27.857838563688766,1.469671,1.678771,4.4621434,8.842154,7.127674802853255,8.92,59881,-0.598108,0.5046444
61019,53.0839989656933,-27.85720417524785,1.5508307,2.792298,5.6135197,5.0139036,7.114159832211541,8.69,61019,0.76114166,1.1195906
61416,53.09747501409304,-27.856983767096587,0.33547705,1.6531813,5.6941276,7.7290716,7.878172783272495,9.86,61416,1.3998938,0.7367156
62446,53.1200077048819,-27.85645182327349,13.843003,21.832804,25.332132,55.754997,8.283340827019767,8.52,62446,-0.36183214,0.4543473
62600,53.12021210159046,-27.856333613539693,20.17884,31.381546,86.71191,114.380325,8.44477251461648,8.27,62600,0.17876384,0.7581016
62850,53.060200403712585,-27.856257280471755,0.34097546,0.12868837,3.421456,4.463561,7.439044318625861,9.28,62850,-1.3466358,0.7665306
65369,53.087453930116226,-27.854646266513395,12.072429,17.017946,15.871804,20.033262,8.03433035656399,8.39,65369,0.119967766,0.79227257
66229,53.119833168476866,-27.854104765629558,3.202635,5.079043,6.4267883,11.026657,6.913764579366418,8.02,66229,-0.08543861,0.58284104
66293,53.04601276443048,-27.85399274519163,13.842062,20.115969,94.0149,102.6841,8.092981535141407,8.04,66293,0.3100842,0.9155741
67832,53.104411437466375,-27.853060763802702,4.9119368,10.096684,16.135784,18.419971,7.695408175192659,8.51,67832,0.6385678,0.87599397
68367,53.06469039162742,-27.852750770707676,0.1004049,0.037539344,2.0764408,2.0325725,7.022553356583755,9.75,68367,-1.0449867,1.0215826
71397,53.0853660004498,-27.850472843981528,0.49474645,1.28361,4.7741647,3.7491813,7.446601302920022,9.4,71397,1.2975283,1.2733886
73218,53.14823089054741,-27.848817316165846,0.5585981,1.634549,5.688725,6.7374873,7.337366919986701,10.6,73218,0.98203874,0.84433925
73568,53.13918025672333,-27.848483686935563,0.34995165,2.660822,31.81819,44.166054,8.0287590576457,10.46,73568,1.8464866,0.72042185
73878,53.0702727802815,-27.848215673047495,4.603239,5.1002855,7.482474,10.425001,7.590938390529442,8.61,73878,-0.24874985,0.7177432
74342,53.110591170187064,-27.847686751677948,2.0855153,4.4474454,8.001411,9.471667,7.7148636391545535,9.29,74342,0.6390936,0.8447733
74794,53.067173690853586,-27.847268558477577,4.585464,7.8090796,8.759587,11.699203,7.720369229592181,8.48,74794,0.26385987,0.7487337
75654,53.119927463882014,-27.846402286447198,5.3877006,6.0481815,71.46523,86.34953,7.878402079960699,10.79,75654,-0.079859465,0.8276273
75935,53.069566224050355,-27.84616811101517,0.25427133,0.2996721,4.240026,3.8816955,3.8576844986138705,11.71,75935,0.2742399,1.0923129
77159,53.133631549075076,-27.84498645454103,3.8164334,8.446871,71.6931,119.5585,8.395325770705114,9.26,77159,0.30733758,0.5996487
78233,53.171528493134424,-27.843922838845618,0.90174615,1.492963,5.29003,5.198146,7.352526183454248,9.21,78233,0.56643605,1.0176764
82060,53.133421750570704,-27.83910012680224,4.9681053,12.143543,61.158855,85.75797,8.189548711755478,8.18,82060,0.6033487,0.7131565
82298,53.075781719324326,-27.838852734102637,0.644445,0.5246605,3.97082,5.365205,7.038709073552588,8.92,82298,-0.5500339,0.7401059
83087,53.06773372422943,-27.837874451510416,2.3981762,4.382246,25.668093,41.43595,8.139579630846997,9.24,83087,0.13457982,0.6194643
84568,53.16601579611062,-27.83611209517144,1.8728791,1.082647,20.80208,27.092543,7.703442700909766,9.25,84568,-0.88191473,0.7678157
85641,53.0713458169218,-27.834785003558757,3.51658,3.6913924,6.3776946,8.737619,7.309838051126107,8.64,85641,-0.28914922,0.72991216
87674,53.16951568569152,-27.832045169797727,2.3343337,4.312945,10.375083,13.738879,7.764462137105356,9.02,87674,0.36162812,0.75516224
87722,53.069394162758876,-27.831954955402797,2.6823773,10.75037,12.229023,20.217915,8.009462280618145,9.08,87722,0.96139735,0.6048607
87826,53.15087230852721,-27.83179292455111,1.8351096,2.9450083,7.4635744,8.573622,7.500130348936722,8.86,87826,0.36301762,0.8705276
88172,53.156324927514575,-27.831283194663293,9.077608,14.066854,32.072815,37.691036,7.952745979875191,8.54,88172,0.30031133,0.8509401
88792,53.14099715706775,-27.830384698418257,3.2656868,5.453249,3.6282916,3.4314485,7.5008633585914835,8.34,88792,0.6172638,1.0573645
89110,53.182178013641746,-27.829906507934737,4.280548,2.7755098,8.347793,11.380386,7.718512436071718,8.82,89110,-0.8068549,0.73352456
90359,53.14099764382035,-27.828252802611942,6.575092,6.205121,7.130797,8.5975,7.620339105725799,8.01,90359,-0.2659641,0.8294036
90423,53.175173046346444,-27.82817779411604,1.8553957,2.8238814,4.4167166,2.5237203,7.1429203258168865,8.43,90423,1.0636704,1.7500817
91254,53.1780292633797,-27.82698261836588,3.8325493,4.9943233,7.553408,10.438389,7.77483923761481,8.86,91254,-0.06375413,0.7236182
91748,53.1589722840964,-27.826366361996747,1.0432513,0.35312322,5.5306363,6.8857994,7.402808780247215,8.39,91748,-1.4141047,0.8031945
92420,53.168214913450214,-27.825503609204876,1.1945468,4.0374637,2.3103504,3.9843893,7.510056341240384,9.94,92420,0.7305539,0.57985055
93282,53.170156694529666,-27.8245382194375,0.48045313,0.68555033,3.6642187,6.1490536,7.268478631042511,9.29,93282,-0.17609644,0.59589964
94787,53.165523330698214,-27.8230289962228,0.28333318,1.005608,4.5503135,6.6072955,7.625588610197037,9.44,94787,0.9703721,0.6886802
95630,53.08625782310207,-27.822156381164337,8.913213,15.45487,9.653822,19.736652,7.756799833263294,8.1,95630,-0.17885774,0.4891317
96216,53.166345198413104,-27.82155864955287,0.30888414,0.60926354,7.883258,7.89751,6.572186511872592,15.19,96216,0.73556274,0.99819535
98927,53.15424527695368,-27.818639401137382,3.595274,7.1117377,4.260107,6.0416403,7.326431012973851,8.54,98927,0.36127353,0.70512426
99067,53.18736202725059,-27.818476440085337,2.542342,4.2740273,8.936296,10.106147,7.713551136262971,8.96,99067,0.43043825,0.88424367
99915,53.17602891096916,-27.817396362194174,2.158656,5.3155866,23.587442,33.057747,7.830532555738775,8.84,99915,0.6119384,0.7135224
100173,53.177513451290146,-27.817084327997193,3.8031855,4.2362213,9.699766,13.124163,7.490878387141086,8.34,100173,-0.21119803,0.739077
100293,53.16873487375635,-27.816976860627012,1.2591476,0.9624164,6.046029,4.863004,7.296406522961315,9.2,100293,-0.05537018,1.2432704
101510,53.110600821132884,-27.815430721975602,1.1610928,1.7164227,4.917149,8.113814,7.475633971475802,8.94,101510,-0.11938586,0.6060219
101813,53.06439971383388,-27.815049553827965,2.6860077,6.2295012,6.426774,5.0560503,7.246269969093035,8.04,101813,1.1738192,1.2711056
101868,53.08745763718541,-27.814921366389946,31.44809,49.289936,140.69827,171.36801,8.543713049233641,8.03,101868,0.27380744,0.82102996
102618,53.10109739169697,-27.81398391931092,3.1062522,6.7281637,8.797083,26.912756,7.275873843514502,8.04,102618,-0.37489915,0.3268741
104636,53.1476706056375,-27.811234617362434,3.1210587,2.2941544,13.816881,17.362507,7.425429993796317,9.23,104636,-0.5822042,0.7957884
104689,53.14778733146039,-27.811191941497107,1.7906643,0.990247,2.3670125,1.8675373,7.0088027520830805,8.28,104689,-0.38584843,1.2674513
107324,53.16735571922607,-27.80750839752338,0.61213326,1.844844,13.964593,19.502008,7.978476840327568,9.43,107324,0.8351565,0.7160592
107441,53.07609914369357,-27.807346907789512,2.0037267,11.840599,22.162027,22.841572,5.432247286927052,14.11,107441,1.8960466,0.97024965
107967,53.07597751582369,-27.806543053074048,0.15862483,1.2535241,23.250372,33.894924,8.111238520681713,10.56,107967,1.8351419,0.6859544
109093,53.191219570895804,-27.80466839101662,2.3375516,5.695534,3.6229658,2.3965664,7.091858581414479,8.36,109093,1.4156201,1.5117319
109264,53.14404760552635,-27.804458519324466,3.8750474,5.740794,10.429734,12.736398,7.861287868055115,8.8,109264,0.20980395,0.818892
110306,53.16913122782837,-27.802922006432624,1.1920499,0.46560976,5.360269,4.582636,7.516035481751787,9.29,110306,-0.8505027,1.1696912
110748,53.1644669763627,-27.80218625072951,4.886321,7.4075646,26.232098,29.695276,7.729204984349241,8.5,110748,0.31709778,0.8833761
111428,53.142816512618374,-27.801075551357798,3.9919913,4.9633174,8.6753025,15.1082735,7.432029017540954,8.52,111428,-0.36586937,0.57420874
111742,53.07540785898583,-27.800632338211194,6.1409454,9.851114,7.7901897,18.085749,7.744855455347041,8.47,111742,-0.40134582,0.43073636
111790,53.11685146239086,-27.8005652627435,1.642845,4.4137454,7.7804646,11.392668,7.516717724732883,8.91,111790,0.65897703,0.68293613
113033,53.13569734260932,-27.79852386400335,0.78932554,1.0120938,0.763059,1.2150601,7.047823072986048,9.08,113033,-0.23518756,0.62800103
113702,53.187868136878706,-27.797449694570943,6.454031,6.944013,19.30351,28.919624,7.877243412156618,8.44,113702,-0.35944206,0.6674883
113716,53.161568961337736,-27.797483168592343,2.1103644,5.727401,3.8493707,3.259506,7.250500093627208,8.56,113716,1.264595,1.1809676
113958,53.182681140077115,-27.797054597323,2.3072677,2.8111517,4.6272783,8.002732,7.208284636656691,8.23,113958,-0.3803159,0.5782123
114324,53.12720887243745,-27.796417590672906,9.126926,13.524739,16.384504,22.31899,8.038315120119426,8.55,114324,0.09140779,0.73410594
114654,53.11392087612245,-27.795845096158693,1.5687996,2.33147,10.011409,17.534973,8.094430868169368,9.45,114654,-0.17836893,0.5709395
114716,53.14799601889974,-27.79571223162223,4.749701,9.137252,4.434138,7.026096,7.47616557163232,8.37,114716,0.2106112,0.6310955
115957,53.199414336858496,-27.793645386725746,0.2670459,1.3587483,2.1070075,4.0701513,6.982833633729692,9.37,115957,1.0515217,0.517673
116720,53.138702995894654,-27.792481438863376,1.0538341,0.36011964,16.243986,16.699667,7.240876315194504,9.91,116720,-1.1958516,0.9727132
118663,53.202727788742585,-27.78949918960866,3.1253507,4.704063,9.256625,12.813151,7.763836827876965,8.74,118663,0.09092764,0.7224316
121003,53.18392495834307,-27.78690775507567,2.4841318,4.271184,20.62454,21.040781,6.794963622638692,8.7,121003,0.5667402,0.98021746
123108,53.17770688772713,-27.784769976010566,2.2813907,7.753495,6.546977,9.166437,7.639436401324595,8.5,123108,0.9628453,0.7142336
123344,53.16337915145195,-27.784476010254767,0.60977465,2.9676366,1.7188131,2.502243,7.03002595828892,9.17,123344,1.3103511,0.6869089
124187,53.139387437729205,-27.78334105175843,4.576644,5.145137,9.057863,12.039184,7.517260730251662,8.33,124187,-0.18180364,0.75236523
124625,53.139184241287005,-27.782727263925196,0.48371914,1.1513631,3.717711,4.483951,7.24003014653098,9.29,124625,0.7380846,0.829115
124823,53.19751346916558,-27.78245589568449,1.2311146,1.1531128,12.460371,13.746474,7.269400928466724,11.34,124823,-0.17771763,0.9064412
126032,53.1949533021276,-27.780674043562396,3.5804243,5.193228,7.0326614,6.8065,7.6293422992539615,8.81,126032,0.43924686,1.0332273
126594,53.144298749226834,-27.779855758514778,3.1697133,3.46715,40.232246,42.634716,7.618778367171574,10.85,126594,0.03440879,0.94364995
126616,53.132284081129406,-27.7798603739226,2.822951,3.0717127,3.1077611,6.955801,7.581227695659523,8.73,126616,-0.78305566,0.44678694
127746,53.1806935793408,-27.777963405497918,1.5892799,1.1264669,7.855959,17.917974,7.698617434900926,10.88,127746,-1.2689292,0.4384401
128695,53.176914993764505,-27.776615027257407,2.61975,6.3062634,6.605449,6.8639603,7.134717961426361,8.1,128695,0.9120997,0.9623379
129399,53.163370278787134,-27.77568541497333,3.6888814,8.968608,3.5234618,6.9259624,7.378417893568166,8.48,129399,0.23079947,0.50873244
131067,53.15883212265248,-27.773494433131884,1.2683716,3.7895744,8.702844,14.97013,7.706936935991292,9.31,131067,0.59944874,0.5813472
131253,53.18158152045664,-27.77327320592849,2.725236,3.867712,5.112388,5.055818,7.021860248699495,8.33,131253,0.39220598,1.0111891
131635,53.140914113494546,-27.772795028189844,3.1147301,6.72874,16.394083,19.218,7.4783545364300545,8.55,131635,0.6637306,0.85305876
131904,53.14846961340334,-27.77252636143793,3.332459,2.4235678,3.309736,5.7457094,7.416576182153996,8.51,131904,-0.9446499,0.5760361
132619,53.2035308591895,-27.771769449537906,1.5911788,3.0484605,5.8714943,15.870301,7.728216841367928,9.02,132619,-0.3736873,0.3699674
132769,53.175577676084814,-27.77167841449004,0.6617497,1.9067354,3.4859698,4.6529145,7.21727677437543,9.14,132769,0.83548796,0.74920136
134033,53.211436045311,-27.770443839766685,7.2088056,9.396573,14.405385,21.118519,7.984703051599327,8.91,134033,-0.1275811,0.682121
136798,53.15210791418979,-27.768025828104236,3.6798806,13.177409,3.1063442,7.1018105,7.555937837146235,8.31,136798,0.48719195,0.43740174
137744,53.15677581700458,-27.767058459393045,3.1102896,4.9490566,7.5304146,20.933163,7.819829449051207,9.06,137744,-0.60573596,0.3597361
138200,53.17291650059556,-27.76655865933775,2.3451605,0.47274217,3.3409898,2.3973575,6.999422490511949,8.21,138200,-1.3785146,1.3936136
140057,53.200322271278395,-27.764117245900625,31.909136,33.557915,171.22876,148.78535,8.158672614440523,20.14,140057,0.20724103,1.1508442
141084,53.15784003810999,-27.76271155646387,2.1623452,1.6865139,4.7732162,6.262584,7.270955684151449,9.06,141084,-0.5646939,0.76218
141749,53.2015137061646,-27.76182196860664,0.42028108,2.898272,5.578455,11.96124,7.131813370404053,10.6,141749,1.2683426,0.46637765
142087,53.2057492816937,-27.761298620053594,3.2222424,1.9163939,8.970666,12.173972,7.580399008935839,8.74,142087,-0.89570254,0.73687255
142364,53.15539282733057,-27.760919952803885,2.766404,3.9852295,6.3451524,10.304683,7.599751823682459,9.0,142364,-0.13013703,0.61575425
143812,53.1858289846627,-27.75887470408315,3.591976,3.4757829,6.765222,9.547766,7.448981291654459,8.39,143812,-0.4097512,0.708566
143884,53.16110735603814,-27.75876986874583,1.4992424,2.4357982,3.0085063,3.77372,7.1097376850112095,8.38,143884,0.28087676,0.7972256
144913,53.18323240348263,-27.757273358969147,1.6043987,0.5114619,5.298741,6.537653,7.476573308189271,9.1,144913,-1.4693704,0.8104959
145133,53.15105703461451,-27.756980819277576,4.7356486,5.9083476,5.666339,5.5476046,7.448229690318819,8.59,145133,0.26320907,1.0214028
145605,53.21332814373186,-27.75631927447918,15.862999,20.591503,32.81529,35.816635,8.135079400279984,8.22,145605,0.18823555,0.9162024
147137,53.16231207835759,-27.754229116456262,2.0903156,3.6840754,4.2543554,5.184414,7.433763378902898,8.64,147137,0.4006269,0.8206049
149086,53.16716633510474,-27.75151759515755,3.0894392,4.2906423,7.2613745,10.765879,7.30122430698697,8.65,149086,-0.07097002,0.67448044
152456,53.168787302891886,-27.74417868801249,2.310615,4.731629,3.2170978,2.1293507,7.268861840862252,8.39,152456,1.2262504,1.5108352
153971,53.178612480546995,-27.740421980375817,2.5771658,5.072838,16.153454,22.964573,7.740090996466613,8.46,153971,0.35328913,0.7034075
155693,53.17156723745344,-27.734814984249425,0.34833017,2.4535513,5.270627,7.5038633,6.8039242543618235,8.89,155693,1.7359536,0.70238847
155902,53.16315784724847,-27.733878724151317,6.3394656,10.336102,12.920246,14.402825,7.665869211912495,8.63,155902,0.41281813,0.8970633
155928,53.16528127441505,-27.733787989999552,2.1502404,2.3742666,5.530319,4.7161875,7.378533654225025,8.85,155928,0.280504,1.172625
156307,53.17270803303519,-27.732155990710474,3.2308006,4.3942246,6.2813954,5.237668,7.264261977631888,8.61,156307,0.53122556,1.1992733
156705,53.16310534952663,-27.72928227681303,2.2448168,3.7615192,5.375191,2.770666,7.108723367447286,8.44,156705,1.2799804,1.9400358
165562,53.0599910740108,-27.8851443827455,3.282213,3.624946,5.8829474,7.103547,7.735950556558355,8.93,165562,-0.096863866,0.8281704
165595,53.05830155253322,-27.884855011873615,8.176944,12.904987,64.02786,89.247734,8.29101211650174,8.88,165595,0.13484599,0.71741724
167961,53.05147984445429,-27.880153338264897,0.7535637,1.7072278,3.390318,6.288984,7.293808493576652,8.9,167961,0.21707861,0.53908837
168445,53.0991602471823,-27.879426345525207,3.2605987,4.4286027,7.9963846,17.553953,7.818281246026472,8.79,168445,-0.5212797,0.45553184
172510,53.03138892609625,-27.87219595825281,0.68445265,2.453036,3.4671538,7.8273726,7.221459726913135,10.95,172510,0.5017941,0.44295245
174601,53.0822320167852,-27.86810882221155,6.9234834,8.811734,14.489416,15.597948,7.742815184067699,8.52,174601,0.18180037,0.92893094
174693,53.060575021432335,-27.86794741582401,8.574956,16.84064,25.16328,41.90686,8.142674792181818,8.66,174693,0.17902197,0.6004573
175051,53.08317403165102,-27.865709167465216,0.042997614,0.34293258,5.37486,9.677681,6.202218935840203,12.5,175051,1.6159005,0.55538714
175081,53.07052229573372,-27.867245108255684,21.240873,26.935266,30.2496,38.3419,8.368167798751712,8.48,175081,0.0004872185,0.78894365
175729,53.060584246637966,-27.866027545982195,16.807747,26.646542,46.023083,64.924995,8.340166672152733,8.34,175729,0.12673779,0.7088654
175837,53.06021282032547,-27.865723937870623,3.7486837,10.995347,34.83722,56.97477,8.026511725539512,8.61,175837,0.63422763,0.61144996
176748,53.067751149863184,-27.86454897888676,1.3680243,2.9772315,7.639443,9.700276,7.617086454303497,9.18,176748,0.584991,0.787549
177322,53.06035722521771,-27.863548390258483,13.435976,19.752382,36.475243,49.3516,8.10052400870855,8.28,177322,0.090118065,0.73908937
177323,53.06028973589819,-27.86353634945463,13.906946,18.876305,41.50154,46.425484,8.092129980191661,8.03,177323,0.20998251,0.8939388
178175,53.09238056278528,-27.862324263787773,6.2525225,7.9703803,22.563189,28.86155,7.944889445232233,8.71,178175,-0.0037384792,0.78177327
178721,53.028117936612006,-27.8615944706055,3.005387,6.4718814,11.510596,20.514023,7.866583240943753,10.78,178721,0.20544285,0.5611087
178722,53.028030924248995,-27.861589733293176,0.4783999,2.664053,6.6513886,12.5754385,7.411038910020565,9.85,178722,1.1728525,0.52891904
179483,53.08740785498166,-27.860400484012295,21.994402,26.751945,43.84738,55.594723,8.211429010399748,8.02,179483,-0.045116678,0.7886968
179485,53.087379713214645,-27.860315014314168,13.144941,39.43936,67.027466,134.30602,8.631443536147952,8.46,179485,0.43832147,0.49906525
180642,53.086787711425046,-27.859156202209896,12.504074,17.964317,16.658602,21.498262,7.989198458611812,8.02,180642,0.116485916,0.7748813
182375,53.09749459614649,-27.856769679079335,0.8326223,0.64913684,9.526889,11.04116,7.544348484378194,10.52,182375,-0.43043834,0.8628522
182979,53.08983766839683,-27.856160162679338,7.546327,18.809393,12.99751,21.368725,8.07621318110822,8.02,182979,0.45180178,0.6082492
183348,53.08293700303947,-27.855632717387085,1.5544161,3.8445778,29.714962,44.999836,7.595990663918251,14.67,183348,0.53261405,0.6603349
188180,53.07476729712077,-27.845421098641197,0.31835404,1.3647171,2.484163,4.7015977,7.478046151478632,9.94,188180,0.88766724,0.52836573
190413,53.08404013849562,-27.839348606975467,2.646875,2.8139856,649.31793,608.0213,7.188542425597534,17.82,190413,0.13781759,1.0679197
190996,53.13676359049288,-27.837454808373828,12.043342,14.035706,31.274963,40.423977,8.012594580601665,8.14,190996,-0.11238742,0.7736736
191095,53.15717322426737,-27.837098701005353,7.5127997,15.9879875,23.496311,46.42488,7.9976522566385615,8.02,191095,0.08060218,0.5061146
191483,53.077515508490656,-27.835752672370045,3.0844114,5.3759565,11.250639,19.28743,7.835530895362333,9.08,191483,0.017965652,0.5833146
192042,53.158612353249126,-27.834077003045543,10.634573,17.577477,26.683876,43.480614,8.292355496130671,8.69,192042,0.015474303,0.6136959
194246,53.14725929794984,-27.827362697051875,4.2040987,4.6615686,7.7353034,8.889589,7.651831391048363,9.02,194246,-0.03886293,0.87015307
194809,53.14364978309775,-27.825527857045525,4.1902833,6.4207177,16.808836,24.692013,7.70983045048976,8.05,194809,0.045803305,0.6807398
194969,53.139892277269645,-27.824201670660546,1.6890354,4.576357,5.7369905,12.04558,7.650822474060714,9.03,194969,0.2768439,0.4762735
195057,53.129122451870444,-27.825029371584407,1.899024,0.97484326,4.471968,7.7254157,6.230439522398476,17.0,195057,-1.3175471,0.5788644
195913,53.14590756102921,-27.822800809607397,6.8584905,7.075356,36.07689,50.953075,8.149285556469529,8.22,195913,-0.34105387,0.7080414
195914,53.14584530343189,-27.822739031546273,15.610751,24.827864,61.79994,115.453835,8.505404089810078,8.26,195914,-0.17476192,0.5352784
197150,53.13870399939695,-27.819012436850688,0.42373762,1.943782,4.73384,6.8968897,7.338195935095667,8.85,197150,1.245277,0.6863732
197416,53.17679584979776,-27.817755288864284,6.9998183,10.175637,14.79874,19.661278,8.070576992719158,8.72,197416,0.097719654,0.7526846
199523,53.16691116079322,-27.810404177961285,0.38451785,1.2796695,2.4995363,3.3396375,7.120046420296454,8.41,199523,0.9908536,0.7484454
203579,53.16980623079542,-27.795561210396258,2.818718,2.336798,4.221854,6.394404,7.346581298614337,8.31,203579,-0.6543182,0.660242
203945,53.14414336442697,-27.793930060540376,2.8978715,2.4457705,15.738878,13.667548,6.70946336878726,8.16,203945,-0.030950682,1.151551
207868,53.1755154838135,-27.780638736908568,0.84829944,3.0668142,29.528673,39.709026,8.181984978418331,9.45,207868,1.0737324,0.74362624
208258,53.209887457229904,-27.77927638670733,19.084282,27.538113,54.98519,78.823364,8.34567106524422,8.38,208258,0.0071227336,0.6975748
211388,53.18354466673067,-27.770159103998843,7.0910354,15.946374,48.686447,85.27552,8.290846543746367,8.52,211388,0.27134007,0.5709311
213084,53.15890780202501,-27.76507428122521,9.772502,13.886787,27.858412,37.206768,7.925563782524854,8.5,213084,0.067326054,0.7487458
213592,53.17097427527575,-27.762938591857683,3.0045063,7.0749145,6.653731,11.638487,7.777021455953017,8.62,213592,0.32279193,0.5717007
214829,53.1952309006836,-27.757515585834863,1.150407,1.8356663,8.962881,12.169921,7.417054274255316,9.14,214829,0.17525525,0.73647815
216713,53.15576771620372,-27.750951823970368,1.5377065,2.1952946,9.139709,9.611763,7.274271955151782,8.45,216713,0.3318718,0.9508879
224746,53.158585695432095,-27.854225943557,1.2522192,2.6966896,3.6396058,7.7773557,7.67978183791877,9.94,224746,0.008432399,0.46797472
225571,53.04491747858913,-27.84544615262855,0.2580607,0.16300009,25.959246,13.605343,6.655323690906686,21.99,225571,0.20262139,1.9080185
229351,53.08273109164889,-27.796799905572705,3.4262795,13.394111,120.503395,90.31204,7.189280326328759,21.99,229351,1.7933618,1.3343004
229607,53.15284956734263,-27.792987405821588,0.42038375,0.9128775,2.3957644,1.8409128,6.9567738061995295,10.9,229607,1.1279436,1.3014002
230688,53.21452327045775,-27.776802355564282,0.2213768,0.75711006,1.6773223,1.2397163,7.203661553682891,9.16,230688,1.6633028,1.3529888
232033,53.162400311204394,-27.761685551466144,0.09189934,0.1498648,2.5729263,4.977278,7.052022873067439,9.63,232033,-0.18544348,0.5169344
257580,53.11388425539889,-27.91277807635698,2.9947596,4.399176,8.9903965,12.854939,7.039258476494485,8.02,257580,0.029295582,0.6993729
257919,53.127479725177274,-27.901846625577644,1.8372121,4.211638,3.1752431,13.313359,7.278022859546622,8.85,257919,-0.6555474,0.23850052
258003,53.12015567852321,-27.899889725415083,3.007112,5.1386547,3.8000336,8.083946,6.9305047761809755,8.41,258003,-0.23784041,0.4700716
264488,53.073876385880546,-27.79678338064135,6.3451076,9.555569,29.630268,39.21229,8.015743367726852,9.28,264488,0.14032727,0.7556372
264841,53.18080150285185,-27.790662808082043,0.7866469,2.542678,3.8540313,9.421239,6.046928714699437,11.97,264841,0.30329698,0.40907905
265370,53.16449578230529,-27.78202071779873,1.2536274,1.3704213,1.2554487,6.1273327,7.005125436805893,9.16,265370,-1.6244673,0.20489319
265877,53.15908749350691,-27.773173752974696,0.792366,1.1665357,2.1787903,5.80393,7.313554141027433,9.26,265877,-0.6438363,0.37539914
274754,53.056465228154465,-27.851384106688002,1.5501554,15.821929,2.2978342,4.619768,6.8537603531895375,21.99,274754,1.7639568,0.49739167
277042,53.18975439579925,-27.783735560231527,2.9065497,8.118775,4.808721,6.782321,7.295966877551718,8.03,277042,0.7419101,0.70900816
277303,53.13463306723306,-27.775844127329552,2.6399314,12.591241,5.748492,9.90419,4.935345324016762,19.85,277303,1.105527,0.58041006
279400,53.09947861942862,-27.88034616383808,11.353568,16.790531,16.849474,27.074615,7.789721767045782,8.03,279400,-0.09010975,0.6223347
279971,53.10323856316617,-27.855978708348808,0.6972599,1.2370546,3.9742167,6.4653215,7.096313357954475,9.17,279971,0.094139054,0.61469746
282298,53.14993629990134,-27.737350751053583,1.8417537,3.6937392,1.3388363,2.2744453,6.96864120375418,8.27,282298,0.1802166,0.588643
283024,53.058341452572705,-27.88480535108454,6.5314784,8.069637,21.89453,26.49332,7.801221027481905,8.5,283024,0.022604268,0.82641697
283570,53.036492269885834,-27.866153615296877,0.569265,5.7473183,2.672314,17.779484,8.132672245837067,18.81,283570,0.45279777,0.15030323
284343,53.07478674832068,-27.844889742753562,0.59678113,1.7228396,5.8005524,8.347053,7.5728811958734,9.21,284343,0.755915,0.6949222
284476,53.14276706497384,-27.840337038273297,3.8314438,4.627313,11.419852,14.233838,7.987730890082468,9.18,284476,-0.034237813,0.8023031
284497,53.08406375691645,-27.839278357797074,0.7609046,0.8529927,27.196936,24.724741,6.436495547349185,18.22,284497,0.22750828,1.0999887
284527,53.041064044216526,-27.837738072525536,5.6486483,9.223461,1520.8873,1742.7787,8.64626589912902,11.21,284527,0.38451043,0.87267953
284537,53.13669473635084,-27.837478277904598,6.854156,6.3901043,9.574596,6.8683434,7.809862472295217,8.19,284537,0.28455603,1.3940183
284546,53.15702974560988,-27.837031332480617,8.510761,10.097083,13.673721,18.220484,7.838876629218166,8.6,284546,-0.12611422,0.7504587
284572,53.07748259902737,-27.835811211730444,2.9431996,10.03438,8.4291315,8.34595,7.656226536114583,8.8,284572,1.3424445,1.0099667
286135,53.183550134555084,-27.770078557862913,3.3993008,4.7029247,16.407154,23.428753,7.621642301107069,8.74,286135,-0.034343656,0.7002999
289869,53.13025174954069,-27.890141701486748,0.9301684,2.1856308,7.157532,19.014027,6.689075390457795,19.59,289869,-0.133239,0.37643433
289992,53.09126636466425,-27.87733951012056,0.24613906,2.4585283,2.6772838,5.3020396,6.092627395413316,18.59,289992,1.7568653,0.50495356
290287,53.05929877979657,-27.859410868632924,1.0809064,2.092439,12.43213,9.155165,6.622454507121768,20.56,290287,1.0493603,1.3579363
290327,53.03982785775404,-27.85733038492267,1.3454194,1.9084868,2.9891675,1.8195751,7.427337695156702,9.86,290327,0.9185294,1.6427833
290351,53.0749045058388,-27.856344464778896,0.7249951,1.6701403,15.951679,11.376158,5.555762321158709,21.99,290351,1.2730718,1.4022027
290902,53.16636005116525,-27.829953430034443,0.2544457,2.4290752,3.2309244,5.5513883,6.978179133715192,10.73,290902,1.8619276,0.58200294
291002,53.05775374137893,-27.82432011713369,2.0827792,4.4769382,26.95448,20.38104,6.1016781105467786,21.8,291002,1.1343561,1.3225272
291253,53.08456129456143,-27.80835746184914,1.2813785,10.1672325,3.156972,10.690641,6.420494898209695,19.0,291253,0.9244807,0.2953024
291654,53.16023067369453,-27.769787143369562,0.99938226,0.55030024,3.8449912,4.9327617,7.316193649800631,9.97,291654,-0.9183169,0.77948046
292135,53.039346800523774,-27.84312173806149,0.94786924,2.6270993,130.96541,90.585495,6.542249767896132,21.99,292135,1.507065,1.4457657
292147,53.1325099573699,-27.83871694114164,2.941418,11.396675,2.1310124,3.8799238,5.332468357693951,17.42,292147,0.8199606,0.54924077
292510,53.11394940632581,-27.867944847407404,0.87489986,0.675673,17.05933,14.308739,7.166414297562506,15.52,292510,-0.08965295,1.1922315
292607,53.05827336235305,-27.8606570232578,0.4759843,1.4259385,2.1133,3.9512908,6.538374729472453,19.0,292607,0.5118258,0.5348379
292716,53.045867178986796,-27.852586081650177,1.6328683,3.06566,1.813842,0.9680632,5.647483984776558,21.99,292716,1.3656714,1.8736815
292798,53.03893937596353,-27.84766080927843,0.6193597,0.38231826,1.1456605,2.7023106,6.537508788216318,19.0,292798,-1.455493,0.42395592
292832,53.04684892879284,-27.845836785265927,2.8754048,2.687933,28.5259,29.23431,5.9830470753226335,21.28,292832,-0.09983523,0.97576785
293192,53.087044142664965,-27.817927660184438,0.6282575,0.57846725,1.3254102,1.3709466,6.737132503766341,19.0,293192,-0.1263229,0.9667847
293200,53.09968337002606,-27.817448916644857,0.7990322,0.400724,115.10093,72.361916,7.4144576716156205,21.99,293200,-0.24537537,1.5906285
293205,53.08475147739903,-27.816918056527147,1.4578962,3.085607,5.3432546,10.330481,5.448599103908984,19.0,293205,0.09824838,0.51723194
293221,53.090732082442784,-27.81578096032272,2.3820992,10.798512,2.159826,12.82991,6.5852759747318395,19.0,293221,-0.2935019,0.16834304
293234,53.079393022754,-27.814722083377305,0.699889,2.5000691,17.791891,14.116127,6.8742991930397785,19.23,293234,1.6335735,1.2603947
293241,53.09335158838565,-27.8141143130664,4.3562407,10.859844,1.8989315,10.990082,5.597289217257808,21.99,293241,-0.91444975,0.17278592
293282,53.08218238453692,-27.811507271364256,2.523016,16.027288,1.4137179,4.529312,5.395872351890702,21.99,293282,0.74317634,0.3121264
293289,53.102274868833256,-27.810967091050536,1.8377594,10.835022,21.526522,20.490124,6.038201271829828,21.99,293289,1.9799261,1.0505804
294350,53.104016019179454,-27.89054804113048,9.8522215,13.48257,41.794044,52.743088,7.899184558733335,8.35,294350,0.087968335,0.792408
294816,53.13354793447097,-27.844984440575747,2.3490045,4.0591903,22.663994,28.26345,7.953631367496325,9.04,294816,0.35416704,0.80188346
295366,53.170179658185724,-27.789735739875706,0.4160882,2.463004,2.7603045,5.8882895,6.976808197505317,9.05,295366,1.108119,0.46877867
295532,53.200290215719015,-27.76412896237061,8.791478,8.021986,35.18262,31.635532,7.26714231734927,19.26,295532,0.015932659,1.1121236
296356,53.06017858697438,-27.865847462387944,3.7160032,9.343493,9.945286,14.187773,7.286854734849236,8.01,296356,0.6153406,0.70097584
296383,53.076846377235455,-27.864269529202502,1.9523993,5.5452886,19.727484,58.36319,7.986023349061208,12.19,296383,-0.044279505,0.33801243
297083,53.08548921905415,-27.808636866493455,4.4471483,5.0503817,23.35218,26.692316,7.96170159417531,9.28,297083,-0.007040627,0.8748653
297356,53.164147318456706,-27.784522950790173,5.0280604,6.854286,10.596886,15.909577,7.61017799144153,8.03,297356,-0.104796655,0.66606957
297463,53.14949182277891,-27.774750473728936,1.1925806,2.7150326,1.9450332,0.9007,7.166105361696596,8.39,297463,1.7290854,2.1594684
297474,53.136978282025446,-27.777528654266508,1.6547095,5.405292,2.2619462,7.5755234,8.647066095219804,10.62,297474,-0.027082354,0.29858613
