kappa_gal,rho_dust_z8,p_dust_z8,rho_age_z4,p_age_z4,ks_stat,p_ks
100000.0,0.5808363450381259,6.2906045312483296e-27,0.005776202298512069,0.7811881584293188,0.557210873905698,1.8593287954843343e-05
138775.51020408163,0.5808363450381259,6.2906045312483296e-27,0.005776202298512069,0.7811881584293188,0.557210873905698,1.8593287954843343e-05
177551.02040816325,0.5808363450381259,6.2906045312483296e-27,0.005776202298512069,0.7811881584293188,0.557210873905698,1.8593287954843343e-05
216326.5306122449,0.5808363450381259,6.2906045312483296e-27,0.005776202298512069,0.7811881584293188,0.557210873905698,1.8593287954843343e-05
255102.04081632654,0.5808363450381259,6.2906045312483296e-27,0.005776202298512069,0.7811881584293188,0.557210873905698,1.8593287954843343e-05
293877.55102040817,0.5808363450381259,6.2906045312483296e-27,0.005776202298512069,0.7811881584293188,0.557210873905698,1.8593287954843343e-05
332653.0612244898,0.5808363450381259,6.2906045312483296e-27,0.005776202298512069,0.7811881584293188,0.557210873905698,1.8593287954843343e-05
371428.5714285714,0.5808363450381259,6.2906045312483296e-27,0.005776202298512069,0.7811881584293188,0.557210873905698,1.8593287954843343e-05
410204.0816326531,0.5808363450381259,6.2906045312483296e-27,0.005776202298512069,0.7811881584293188,0.557210873905698,1.8593287954843343e-05
448979.59183673473,0.5808363450381259,6.2906045312483296e-27,0.005776202298512069,0.7811881584293188,0.557210873905698,1.8593287954843343e-05
487755.10204081633,0.5808363450381259,6.2906045312483296e-27,0.005776202298512069,0.7811881584293188,0.557210873905698,1.8593287954843343e-05
526530.612244898,0.5808363450381259,6.2906045312483296e-27,0.005776202298512069,0.7811881584293188,0.557210873905698,1.8593287954843343e-05
565306.1224489796,0.5808363450381259,6.2906045312483296e-27,0.005776202298512069,0.7811881584293188,0.557210873905698,1.8593287954843343e-05
604081.6326530613,0.5808363450381259,6.2906045312483296e-27,0.005776202298512069,0.7811881584293188,0.557210873905698,1.8593287954843343e-05
642857.1428571428,0.5808363450381259,6.2906045312483296e-27,0.005776202298512069,0.7811881584293188,0.557210873905698,1.8593287954843343e-05
681632.6530612245,0.5808363450381259,6.2906045312483296e-27,0.005776202298512069,0.7811881584293188,0.557210873905698,1.8593287954843343e-05
720408.1632653062,0.5808363450381259,6.2906045312483296e-27,0.005776202298512069,0.7811881584293188,0.557210873905698,1.8593287954843343e-05
759183.6734693878,0.5808363450381259,6.2906045312483296e-27,0.005776202298512069,0.7811881584293188,0.557210873905698,1.8593287954843343e-05
797959.1836734695,0.5808363450381259,6.2906045312483296e-27,0.005776202298512069,0.7811881584293188,0.557210873905698,1.8593287954843343e-05
836734.693877551,0.5808363450381259,6.2906045312483296e-27,0.005776202298512069,0.7811881584293188,0.557210873905698,1.8593287954843343e-05
875510.2040816327,0.5808363450381259,6.2906045312483296e-27,0.005776202298512069,0.7811881584293188,0.557210873905698,1.8593287954843343e-05
914285.7142857143,0.5808363450381259,6.2906045312483296e-27,0.005776202298512069,0.7811881584293188,0.557210873905698,1.8593287954843343e-05
953061.224489796,0.5808363450381259,6.2906045312483296e-27,0.005776202298512069,0.7811881584293188,0.557210873905698,1.8593287954843343e-05
991836.7346938776,0.5808363450381259,6.2906045312483296e-27,0.005776202298512069,0.7811881584293188,0.557210873905698,1.8593287954843343e-05
1030612.2448979593,0.5808363450381259,6.2906045312483296e-27,0.005776202298512069,0.7811881584293188,0.557210873905698,1.8593287954843343e-05
1069387.7551020407,0.5808363450381259,6.2906045312483296e-27,0.005776202298512069,0.7811881584293188,0.557210873905698,1.8593287954843343e-05
1108163.2653061226,0.5808363450381259,6.2906045312483296e-27,0.005776202298512069,0.7811881584293188,0.557210873905698,1.8593287954843343e-05
1146938.775510204,0.5808363450381259,6.2906045312483296e-27,0.005776202298512069,0.7811881584293188,0.557210873905698,1.8593287954843343e-05
1185714.2857142857,0.5808363450381259,6.2906045312483296e-27,0.005776202298512069,0.7811881584293188,0.557210873905698,1.8593287954843343e-05
1224489.7959183673,0.5808363450381259,6.2906045312483296e-27,0.005776202298512069,0.7811881584293188,0.557210873905698,1.8593287954843343e-05
1263265.306122449,0.5808363450381259,6.2906045312483296e-27,0.005776202298512069,0.7811881584293188,0.557210873905698,1.8593287954843343e-05
1302040.8163265307,0.5808363450381259,6.2906045312483296e-27,0.005776202298512069,0.7811881584293188,0.557210873905698,1.8593287954843343e-05
1340816.3265306123,0.5808363450381259,6.2906045312483296e-27,0.005776202298512069,0.7811881584293188,0.557210873905698,1.8593287954843343e-05
1379591.836734694,0.5808363450381259,6.2906045312483296e-27,0.005776202298512069,0.7811881584293188,0.557210873905698,1.8593287954843343e-05
1418367.3469387756,0.5808363450381259,6.2906045312483296e-27,0.005776202298512069,0.7811881584293188,0.557210873905698,1.8593287954843343e-05
1457142.8571428573,0.5808363450381259,6.2906045312483296e-27,0.005776202298512069,0.7811881584293188,0.557210873905698,1.8593287954843343e-05
1495918.367346939,0.5808363450381259,6.2906045312483296e-27,0.005776202298512069,0.7811881584293188,0.557210873905698,1.8593287954843343e-05
1534693.8775510206,0.5808363450381259,6.2906045312483296e-27,0.005776202298512069,0.7811881584293188,0.557210873905698,1.8593287954843343e-05
1573469.387755102,0.5808363450381259,6.2906045312483296e-27,0.005776202298512069,0.7811881584293188,0.557210873905698,1.8593287954843343e-05
1612244.8979591837,0.5808363450381259,6.2906045312483296e-27,0.005776202298512069,0.7811881584293188,0.557210873905698,1.8593287954843343e-05
1651020.4081632653,0.5808363450381259,6.2906045312483296e-27,0.005776202298512069,0.7811881584293188,0.557210873905698,1.8593287954843343e-05
1689795.918367347,0.5808363450381259,6.2906045312483296e-27,0.005776202298512069,0.7811881584293188,0.557210873905698,1.8593287954843343e-05
1728571.4285714286,0.5808363450381259,6.2906045312483296e-27,0.005776202298512069,0.7811881584293188,0.557210873905698,1.8593287954843343e-05
1767346.9387755103,0.5808363450381259,6.2906045312483296e-27,0.005776202298512069,0.7811881584293188,0.557210873905698,1.8593287954843343e-05
1806122.448979592,0.5808363450381259,6.2906045312483296e-27,0.005776202298512069,0.7811881584293188,0.557210873905698,1.8593287954843343e-05
1844897.9591836736,0.5808363450381259,6.2906045312483296e-27,0.005776202298512069,0.7811881584293188,0.557210873905698,1.8593287954843343e-05
1883673.4693877553,0.5808363450381259,6.2906045312483296e-27,0.005776202298512069,0.7811881584293188,0.557210873905698,1.8593287954843343e-05
1922448.979591837,0.5808363450381259,6.2906045312483296e-27,0.005776202298512069,0.7811881584293188,0.557210873905698,1.8593287954843343e-05
1961224.4897959186,0.5808363450381259,6.2906045312483296e-27,0.005776202298512069,0.7811881584293188,0.557210873905698,1.8593287954843343e-05
2000000.0,0.5808363450381259,6.2906045312483296e-27,0.005776202298512069,0.7811881584293188,0.557210873905698,1.8593287954843343e-05
