id,field,z,Muv,log_Mstar,mass_source,log_Mh,Re_pc,concentration,t_cosmic_Gyr,gamma_halo,gamma_cen,delta_gamma,boost_factor,log_boost
1072,b'primer-uds-north',8.905960083007812,-18.94834143055418,8.479336572221671,MUV_proxy,10.369932580522452,78.83757820174078,5.0,0.5517945402295986,0.5576678336519438,0.686872068350237,0.12920423469829312,4.8759519725256615,0.6880594192248904
1381,b'primer-uds-north',5.662596702575684,-17.520657149917344,7.908262859966937,MUV_proxy,9.474522530224506,120.01283584270938,4.166221025351884,1.0006942194847377,0.5999818587066834,0.6208685809484966,0.020886722241813205,1.5911731982747233,0.2017174549206631
1470,b'primer-uds-north',5.396758556365967,-18.446785800480413,8.278714320192165,MUV_proxy,9.818390175828762,146.5718278440177,3.4112967502329434,1.0636520587028406,0.6106707499264877,0.6376875803584584,0.027016830431970673,1.89380692892457,0.2773357011843024
1544,b'primer-uds-north',5.463461875915527,-18.84488729177078,8.437954916708312,MUV_proxy,9.984301104299865,120.55093383660046,4.147624444599657,1.0472482202653117,0.612303216364746,0.6588576816107659,0.046554465246019805,2.954779472355883,0.4705250731993843
1939,b'primer-uds-north',4.362056732177734,-17.77694359574886,8.010777438299543,MUV_proxy,9.446983111517318,99.5346059965892,5.0,1.385114858989589,0.6321090280422454,0.6560517401794603,0.023942712137214883,2.089583127303527,0.3200596528240393
3992,b'primer-uds-north',5.659328460693359,-18.533085406094962,8.313234162437984,MUV_proxy,9.87916700850732,79.56723036871635,5.0,1.0014303691027748,0.6056660547256767,0.6563969312498344,0.05073087652415775,3.092455211625657,0.4903034184112026
7991,b'primer-uds-north',5.655741214752197,-18.470757189852172,8.288302875940868,MUV_proxy,9.853876997416087,127.5731514212076,3.919319969992374,1.0022394084144053,0.605284342246604,0.6404384591458004,0.03515411689919645,2.187921550384091,0.34003174597670544
8559,b'primer-uds-north',7.936542510986328,-19.49598986646377,8.698395946585507,MUV_proxy,10.49205019768414,85.23854166436611,5.0,0.6441149429748033,0.580144035635448,0.7365743026563848,0.15643026702093676,9.384791941025881,0.9724246488416505
10404,b'primer-uds-north',5.655996322631836,-18.131496324799453,8.15259852991978,MUV_proxy,9.718198162182963,83.28728747516016,5.0,1.0021818375272287,0.6030817331904333,0.6421767053125377,0.03909497212210433,2.3885170420747364,0.37812834432258136
11219,b'primer-uds-north',5.428709506988525,-19.19512162645615,8.57804865058246,MUV_proxy,10.120919601281312,69.45012848458238,5.0,1.0557417540609975,0.6164428569992396,0.6912552429783705,0.07481238597913087,5.784419391264745,0.7622597733440468
14419,b'primer-uds-north',4.816784381866455,-17.843655823805097,8.037462329522038,MUV_proxy,9.519140767708683,101.36880732697259,4.932483800339221,1.2263320891650409,0.62088251300682,0.6478566797398004,0.026974166732980476,2.0856806438075934,0.3192478106821057
15257,b'primer-uds-north',6.920136451721191,-18.846641969673545,8.438656787869418,MUV_proxy,10.130670433041537,96.35690251750647,5.0,0.7721182672529134,0.5847889612263663,0.6653453439469372,0.08055638272057097,3.983660874651594,0.6002823602395565
16999,b'primer-uds-north',4.2059326171875,-18.413364601496873,8.265345840598748,MUV_proxy,9.685939102317498,123.57814740257558,4.04602278403778,1.4476548545040027,0.6389634048348121,0.6652110937391794,0.02624768890436735,2.32656046953509,0.36671434474555015
18804,b'primer-uds-north',4.317291259765625,-19.21290064350012,8.585160257400048,MUV_proxy,10.016889383376611,104.11764122760248,4.802260155961406,1.4025820094804908,0.6415739229387628,0.6980788981965493,0.05650497525778653,5.819269307916905,0.7648684562200222
18892,b'primer-uds-north',4.729468822479248,-17.341007529473167,7.836403011789266,MUV_proxy,9.30934989403719,90.50174813927704,5.0,1.2544045507934292,0.6212772814806345,0.640909890977678,0.019632609497043485,1.7285309434984097,0.2376771585213664
19416,b'primer-uds-north',5.4331817626953125,-18.32210220195416,8.228840880781663,MUV_proxy,9.772159057051194,167.72615035565858,2.9810497584292257,1.0546423242566259,0.6090634016660346,0.629638731170748,0.020575329504713413,1.6196557547280739,0.20942271842606777
21108,b'primer-uds-north',7.136404514312744,-18.093206991564905,8.13728279662596,MUV_proxy,9.850923248057235,81.31058340571161,5.0,0.7415224260613464,0.5739594807615763,0.6249661914252025,0.051006710663626165,2.3175316215297226,0.36502566858230695
22773,b'primer-uds-north',4.40127420425415,-18.878715129649372,8.451486051859748,MUV_proxy,9.891613472285163,101.92125161603352,4.905748232798817,1.370106926962029,0.6368403009799816,0.6844516984885134,0.04761139750853183,4.261476423048703,0.6295600900171074
23575,b'primer-uds-north',5.660595417022705,-18.19893992381785,8.17957596952714,MUV_proxy,9.745635511229409,95.52958794710351,5.0,1.0011448889247379,0.6033839771984654,0.6442514730759564,0.040867495877491056,2.4823515707273924,0.39486328981949415
24081,b'primer-uds-north',5.656405448913574,-18.423810857378186,8.269524342951273,MUV_proxy,9.83516488784263,77.0447797884074,5.0,1.002089520358517,0.6049378233274976,0.6521615800909649,0.04722375676346735,2.862254482137534,0.4567082441249354
24100,b'primer-uds-north',4.991886138916016,-19.112623988561445,8.545049595424578,MUV_proxy,10.044238209316179,86.23758336823218,5.0,1.173080244066571,0.6249185022529871,0.6894711444320725,0.0645526421790854,5.3805323360603685,0.7308252457735371
29106,b'primer-uds-north',5.204842567443848,-18.95426883204738,8.481707532818952,MUV_proxy,10.002191789563337,114.10112156484168,4.382077872178134,1.1133100013047457,0.6187965509116037,0.6698618695592702,0.0510653186476665,3.5373127640300135,0.5486734611964806
29110,b'primer-uds-north',7.128774642944336,-17.756852640149642,8.002741056059856,MUV_proxy,9.715618520354289,100.54216119836273,4.973038116950108,0.7425673513987764,0.5718227794788,0.612471041616095,0.040648262137295,1.9557175579845854,0.2913061347738032
31581,b'primer-uds-north',4.163408279418945,-17.628899792659244,7.951559917063697,MUV_proxy,9.367900745005592,84.0964646424577,5.0,1.4655041613859814,0.6368894267248509,0.6578047048389838,0.02091527811413285,1.9761348179960025,0.29581657016781626
31645,b'primer-uds-north',4.755919456481934,-18.512115975297128,8.30484639011885,MUV_proxy,9.780438335767045,113.68773652076455,4.398011740770978,1.2457887950258162,0.6257498395038971,0.6608616222405883,0.035111782736691244,2.6433352067355087,0.4221522403941351
32025,b'primer-uds-north',4.043330669403076,-16.99379146804004,7.697516587216016,MUV_proxy,9.101849654156322,84.81280966663823,5.0,1.517927069415876,0.6385475148236696,0.6522468055335136,0.013699290709843992,1.587404889372765,0.20068771364401622
32237,b'primer-uds-north',4.612168312072754,-19.028361620570273,8.511344648228109,MUV_proxy,9.972561479435385,75.56104237564186,5.0,1.2938323683474038,0.6328817451095485,0.6891844090261645,0.05630266391661598,5.047053685604459,0.7030379243567829
32986,b'primer-uds-north',4.15274715423584,-17.762346484528152,8.00493859381126,MUV_proxy,9.420213309234844,88.70998326951835,5.0,1.4700363609048426,0.6376163734243098,0.6603133163763758,0.022696942952066035,2.0989806232030137,0.3220084293995273
33332,b'primer-uds-north',4.541976451873779,-19.0749774885047,8.52999099540188,MUV_proxy,9.984188640589258,151.4941816207269,3.3004567875205564,1.3184200816751326,0.6349426613849052,0.6672192068306418,0.03227654544573666,2.5744745617816145,0.4106886049484721
33774,b'primer-uds-north',7.137637138366699,-18.953017296665106,8.481206918666041,MUV_proxy,10.194970632502711,130.27219633898406,3.838117526620487,0.7413538451794723,0.5824986981083421,0.6453372589409543,0.06283856083261219,2.815769971950692,0.4495971731998556
35111,b'primer-uds-north',5.656314373016357,-19.199213482768474,8.57968539310739,MUV_proxy,10.145316830409026,110.39002628754632,4.529394700002962,1.002110069927778,0.611911659479958,0.6808577018771336,0.06894604239717561,4.643030072413929,0.6668014965546366
36327,b'primer-uds-north',7.861698150634766,-18.292014047995963,8.216805619198384,MUV_proxy,10.002975434261861,99.20324935216414,5.0,0.6523016694305839,0.5635077861043761,0.6304240663384787,0.06691628023410257,2.6379210877850485,0.4212617996818757
42014,b'primer-uds-north',4.551596164703369,-18.116158945583226,8.14646357823329,MUV_proxy,9.601623194703626,191.7669702235892,2.6073311760467868,1.3150047087855252,0.6286402319646848,0.640873976684647,0.012233744719962192,1.4297484031681575,0.15525962017192205
42859,b'primer-uds-north',6.580926895141602,-17.11605364879029,7.746421459516116,MUV_proxy,9.404514149030275,79.06514917711044,5.0,0.8245342883666045,0.57920372951756,0.6036955922314442,0.02449186271388415,1.5663749697486347,0.19489573460532028
43738,b'primer-uds-north',5.0900678634643555,-18.889104958022354,8.455641983208942,MUV_proxy,9.964648769555378,93.7992621780625,5.0,1.1448779702815424,0.6207545184495458,0.6776586398665277,0.05690412141698198,4.253488394956202,0.6287452522312325
43932,b'primer-uds-north',4.235387802124023,-18.820637438275337,8.428254975310134,MUV_proxy,9.851793755522536,124.4399173826422,4.018003310485512,1.435501473898781,0.6406124141377797,0.6745337695657905,0.03392135542801078,2.9508472992305372,0.46994673616298127
44053,b'primer-uds-north',5.438138961791992,-18.018840221896326,8.107536088758529,MUV_proxy,9.651349984937728,126.5139810188023,3.952132372829931,1.0534258995481727,0.607220205765944,0.6327254551397785,0.02550524937383447,1.8167773197520771,0.25930169960885907
44681,b'primer-uds-north',4.5811662673950195,-17.84414448443324,8.037657793773295,MUV_proxy,9.495774420512797,82.07716409557993,5.0,1.304597550845854,0.6267335071100619,0.652885071526924,0.02615156441686206,2.1343485822480748,0.32926534994498763
46085,b'primer-uds-north',4.7858500480651855,-18.936913880278013,8.474765552111204,MUV_proxy,9.953350556917723,75.19261660062519,5.0,1.2361573447363436,0.628056482066681,0.6831056152264472,0.05504913315976623,4.536739910937471,0.6567438820911363
48927,b'primer-uds-north',7.9073028564453125,-18.20856778380715,8.18342711352286,MUV_proxy,9.974157399167392,88.70323407788338,5.0,0.6472928373049665,0.5619933993629115,0.6258569374572711,0.06386353809435963,2.5058584000820163,0.3989565264344754
52141,b'primer-uds-north',7.130077838897705,-19.196188220468922,8.578475288187569,MUV_proxy,10.29148307207734,83.40011570308987,5.0,0.7423887029817585,0.5860115877506707,0.6927745824409894,0.10676299469031869,5.820146067814165,0.7649338842460464
52856,b'primer-uds-north',6.320851802825928,-19.206664201164383,8.582665680465752,MUV_proxy,10.214750860748344,130.36898400918759,3.8352680570461692,0.8688626029359322,0.5995750972461161,0.6626753455145445,0.06310024826842842,3.3815806343266317,0.529119747705643
53667,b'primer-uds-north',4.563920497894287,-18.428622831993586,8.271449132797434,MUV_proxy,9.727841182586863,139.53292252148583,3.58338369873252,1.3106504924426297,0.6299312253985729,0.6540952001353707,0.024163974736797766,2.0213982058297897,0.3056518758900593
54143,b'primer-uds-north',4.731501579284668,-18.865377462520083,8.446150985008032,MUV_proxy,9.919301142936499,135.45754054007486,3.69119355044008,1.2537389178866252,0.6287634757132715,0.6632499898230774,0.034486514109805855,2.6138496817571886,0.41728060839353537
54603,b'primer-uds-north',5.651866912841797,-18.705537098158988,8.382214839263595,MUV_proxy,9.947401530547774,120.81149651493615,4.138678970326173,1.0031144083654464,0.6071823173306107,0.6512385063046209,0.0440561889740102,2.669992089629621,0.4265099746846897
55902,b'primer-uds-north',8.67038631439209,-18.158123577049885,8.163249430819953,MUV_proxy,10.030288062259162,76.45530737967627,5.0,0.5721130095169444,0.5499547548748017,0.6214620956087277,0.07150734073392595,2.4821306672059795,0.3948246403991325
56783,b'primer-uds-north',5.313366413116455,-17.220557936887353,7.788223174754941,MUV_proxy,9.319559816066585,87.9203147264202,5.0,1.08476845025347,0.6068253491217973,0.6272938726501117,0.02046852352831441,1.6378976901625244,0.21428677044909275
57469,b'primer-uds-north',5.667973041534424,-19.777406408841863,8.810962563536744,MUV_proxy,10.377759867690187,105.37355869003378,4.74502338362508,0.999485189153428,0.6196406620937567,0.7286140448867301,0.10897338279297342,11.250179082489002,1.0511594356845155
57944,b'primer-uds-north',5.289790153503418,-18.39299451975264,8.257197807901056,MUV_proxy,9.786176823251397,79.15001961700119,5.0,1.0908648903270772,0.612678367100829,0.6556416504977285,0.042963283396899477,2.83344119494527,0.45231420375154346
61010,b'primer-uds-north',7.1341962814331055,-17.987000259510943,8.094800103804376,MUV_proxy,9.808219731947686,145.64056178251772,3.433109525810814,0.7418245962946003,0.5732281582067941,0.601712206850855,0.028484048644060955,1.5992892093124893,0.20392700699273397
61298,b'primer-uds-north',5.24259614944458,-17.735209954683214,7.994083981873285,MUV_proxy,9.518343596817743,85.42160650122935,5.0,1.1032408350302578,0.6103247898055121,0.6382624656073881,0.027937675801876005,1.9836389175994207,0.2974626202547229
61378,b'primer-uds-north',7.458285331726074,-18.79015546818171,8.416062187272683,MUV_proxy,10.16189072044529,117.58698040520518,4.25217144174464,0.6995690379681607,0.5753395948072967,0.6446562570810573,0.06931666227376065,2.9376071336136436,0.46799371415257535
62716,b'primer-uds-north',5.386734962463379,-19.215492910727345,8.586197164290937,MUV_proxy,10.124870660537274,88.86082499488971,5.0,1.0661539698472076,0.6175260419170847,0.6926915086732932,0.0751654667562085,5.934860794859198,0.773410536814871
64273,b'primer-uds-north',7.1315598487854,-16.571539656596613,7.528615862638644,MUV_proxy,9.241771847517185,95.45100089901749,5.0,0.7421856286857627,0.5666822056223361,0.5859358088865334,0.01925360326419734,1.3737578590935404,0.13791018998200683
66007,b'primer-uds-north',4.596338272094727,-16.577231955645733,7.5308927822582925,MUV_proxy,9.0,90.98577110551594,5.0,1.299310713999878,0.6229299049007379,0.6349575157534518,0.012027610852713977,1.4152130441439923,0.1508218228508255
67270,b'primer-uds-north',5.665100574493408,-18.918995532774844,8.467598213109937,MUV_proxy,10.034108270559278,82.00542927635038,5.0,1.0001308470384247,0.6088143580228073,0.674244427813894,0.06543006979108679,4.281022156574182,0.6315474755458265
68006,b'primer-uds-north',5.160264492034912,-17.799725522068222,8.019890208827288,MUV_proxy,9.535916658030779,74.1397249355095,5.0,1.1253972350805213,0.6125080253545376,0.6411349484384586,0.028626923083921008,2.046080025111751,0.31092261558571604
69921,b'primer-uds-north',5.654876708984375,-18.751775072437603,8.400710028975041,MUV_proxy,9.96619769987348,112.60075282301595,4.4404676475466545,1.0024345446361616,0.607510642676369,0.6574818730552454,0.04997123037887641,3.0440086429282527,0.48344588120323917
69936,b'primer-uds-north',7.033966541290283,-19.360973701872858,8.644389480749142,MUV_proxy,10.34778613487817,78.70314772328626,5.0,0.7557584345366076,0.5900826206652311,0.7074411781915837,0.1173585575263526,7.177806043959886,0.8559917188097017
70423,b'primer-uds-north',5.477656364440918,-17.023131624812354,7.709252649924941,MUV_proxy,9.257018286369034,95.35114842972806,5.0,1.0438116568513809,0.6024558809456969,0.6211306085892905,0.01867472764359357,1.5421468746664244,0.18812573805963373
70813,b'primer-uds-north',4.70626974105835,-18.445861592288747,8.278344636915499,MUV_proxy,9.748971611021334,100.70344797393987,4.965073292519144,1.2620429013870305,0.6265462746850754,0.6655812439423121,0.03903496925723671,2.9884391905714547,0.47544442313842944
71037,b'primer-uds-north',6.849483013153076,-18.214225486236323,8.185690194494528,MUV_proxy,9.870638495809835,68.42158433044855,5.0,0.7825711320418615,0.5800290762021176,0.632241750241781,0.05221267403966334,2.4793660950520504,0.39434065799903695
71893,b'primer-uds-north',6.4291839599609375,-18.516175992769384,8.306470397107752,MUV_proxy,9.949388793103846,134.07548138606464,3.7292426238640255,0.8499276992759288,0.5902551494922105,0.6296231249961409,0.03936797550393045,2.1033978547918655,0.322921426656148
4278,b'primer-cosmos-east',5.658226490020752,-18.682312022164837,8.372924808865934,MUV_proxy,9.93874745786801,166.72576349784188,2.9989366340881807,1.00167878344541,0.6068587155234503,0.634184041816139,0.02732532629268869,1.8372114025960256,0.2641591321895859
6282,b'primer-cosmos-east',5.673777103424072,-19.83129225899538,8.832516903598151,MUV_proxy,10.399894613940559,74.25574260142744,5.0,0.9981826940217888,0.6204389594561559,0.74212662363939,0.12168766418323407,14.868665474875277,1.1722719905188217
9227,b'primer-cosmos-east',5.713857173919678,-20.6002220843258,9.140088833730319,MUV_proxy,10.711474551122286,165.23975068084368,3.0259062842919504,0.9892647317126655,0.6368528141566017,0.7375363136017675,0.10068349944516586,9.146688400795197,0.9612638842757888
10696,b'primer-cosmos-east',5.667762279510498,-17.913941567128244,8.065576626851296,MUV_proxy,9.632352854802345,88.3758712353823,5.0,0.9995325395804096,0.601643771918007,0.6357275432993621,0.0340837713813551,2.132005485577772,0.32878831778093787
11967,b'primer-cosmos-east',5.482297897338867,-17.70741974049986,7.982967896199943,MUV_proxy,9.53119768593383,133.14641670470147,3.755264410223852,1.0426919783304216,0.6047578060202592,0.6244496531856207,0.019691847165361542,1.5781897595533898,0.19815922103575753
14086,b'primer-cosmos-east',7.127323150634766,-17.672069166585732,7.968827666634292,MUV_proxy,9.681559981697768,78.36029237983924,5.0,0.7427664131327525,0.5713480931115106,0.6100918591314118,0.03874376601990126,1.895535745213337,0.2777319785817801
14487,b'primer-cosmos-east',7.169253349304199,-18.42799352396667,8.271197409586668,MUV_proxy,9.988122744517087,141.48399577197281,3.533968610879784,0.7370515027554156,0.5761908928974474,0.6159414490074776,0.0397505561100302,1.9175939885486004,0.2827566595611297
15393,b'primer-cosmos-east',5.689459800720215,-17.60131108719087,7.940524434876346,MUV_proxy,9.509470414948368,123.6962826516061,4.04215865894906,0.994677391124343,0.599722729425129,0.6209363027149349,0.021213573289805887,1.5982409115387763,0.20364224347988544
15850,b'primer-cosmos-east',7.045637607574463,-18.854532485601553,8.441812994240621,MUV_proxy,10.146376754998068,76.68805100667778,5.0,0.7541136403124238,0.5827804976683241,0.6658460402196582,0.08306554255133414,4.022964552552741,0.60454620589998
16083,b'primer-cosmos-east',4.577879905700684,-18.228176455232102,8.19127058209284,MUV_proxy,9.64905857266291,90.46193984352975,5.0,1.3057474206403714,0.6285209926786729,0.6618763700091936,0.03335537733052074,2.6323051722370034,0.4203362371211221
16408,b'primer-cosmos-east',4.574862957000732,-18.39209251194425,8.256837004777699,MUV_proxy,9.714323300477773,91.36930141555193,5.0,1.3068045064163447,0.6294565886453103,0.6664730371502158,0.037016448504905486,2.9298797215044905,0.4668497919039087
16563,b'primer-cosmos-east',5.0219926834106445,-18.386393790064062,8.254557516025624,MUV_proxy,9.756756784366688,70.93498214271098,5.0,1.164310701518684,0.6187188218117147,0.6592075309569693,0.0404887091452546,2.8507653344476895,0.45496146909867236
17813,b'primer-cosmos-east',5.226693153381348,-17.484805685649018,7.893922274259607,MUV_proxy,9.416591589597742,109.40921548419057,4.569998951068698,1.1074637764847746,0.6097228761176016,0.6308897864681646,0.021166910350563062,1.6835828036929157,0.22623448116518852
18893,b'primer-cosmos-east',4.8477396965026855,-18.71116084971713,8.38446433988685,MUV_proxy,9.869238309537119,166.86677167428374,2.9964024292144695,1.216629245561429,0.6248997238200817,0.6484873330479527,0.023587609227870954,1.8921607865179975,0.2769580378430451
19462,b'primer-cosmos-east',4.3650689125061035,-17.517428739792308,7.906971495916922,MUV_proxy,9.343478387167533,94.0519368287005,5.0,1.383952494072174,0.631164975531829,0.6515097180639144,0.020344742532085403,1.8695399443282172,0.27173474866435104
19946,b'primer-cosmos-east',5.974449157714844,-17.95800058449554,8.083200233798216,MUV_proxy,9.6806451495697,87.65106225812531,5.0,0.9343739671147367,0.5953777807594849,0.6326329119530987,0.03725513119361379,2.16746991499531,0.33595307807802766
20187,b'primer-cosmos-east',6.60816764831543,-19.234168973485463,8.593667589394185,MUV_proxy,10.254484354225728,72.95404931448154,5.0,0.8201090775601615,0.5949888632101701,0.6933310480600499,0.09834218484987978,6.002953044764201,0.7783649463078047
21943,b'primer-cosmos-east',4.715499401092529,-17.48759376893191,7.895037507572763,MUV_proxy,9.366587447682015,118.53507125803986,4.218160875877371,1.258994792272945,0.6220817627893943,0.6392958295375052,0.01721406674811088,1.618677312517724,0.2091602796608617
23571,b'primer-cosmos-east',4.760718822479248,-17.571934379257396,7.928773751702957,MUV_proxy,9.404845633950883,102.90919197163319,4.858652472344982,1.2442360242695647,0.6212369175147592,0.6432654549485426,0.022028537433783413,1.8387430599607855,0.2645210465641804
26971,b'primer-cosmos-east',6.406652450561523,-19.574107712870415,8.729643085148165,MUV_proxy,10.370308330204317,133.57555911087675,3.7431997539682103,0.8538090624865597,0.60353666632751,0.6829705096213199,0.07943384329380987,4.513806378088955,0.6545429258691171
27072,b'primer-cosmos-east',4.957128047943115,-24.93581603619396,10.874326414477583,MUV_proxy,12.370039219271895,63.849597371654575,5.0,1.1833418921999908,1.4582685330688259,47.434076454621795,45.97580792155297,5.184705528587072e+21,21.71472409516259
27765,b'primer-cosmos-east',5.172641754150391,-18.41738423430438,8.266953693721751,MUV_proxy,9.784217869136791,83.07954313529999,5.0,1.122019396300922,0.6154622017948401,0.6580705092181399,0.042608307423299796,2.8932646382054035,0.4613881590734772
31668,b'primer-cosmos-east',5.607691287994385,-18.95291826112945,8.48116730445178,MUV_proxy,10.04193643325122,65.8799880032613,5.0,1.0131817597431045,0.6103071550137188,0.6764305768566237,0.06612342184290487,4.4316801371634815,0.6465684070277002
31770,b'primer-cosmos-east',5.779069900512695,-19.908183131952807,8.863273252781122,MUV_proxy,10.441180242832392,65.86514684958436,5.0,0.9750346729359033,0.6199438664502903,0.7514002251736306,0.13145635872334027,17.258804068675133,1.2370106984261267
32928,b'primer-cosmos-east',4.458100318908691,-19.620503351914046,8.748201340765618,MUV_proxy,10.194011372656487,88.29622998359365,5.0,1.348833867833729,0.6423372772445887,0.7228402986816603,0.08050302143707166,11.167463255580811,1.0479545321826274
40209,b'primer-cosmos-east',5.460907459259033,-17.686411134123567,7.9745644536494265,MUV_proxy,9.52065519957533,96.23145359555866,5.0,1.0478686539339355,0.6051474490532979,0.6334418723582118,0.02829442330491394,1.9325939087171877,0.28614060636618194
40642,b'primer-cosmos-east',4.634339809417725,-18.677568501973504,8.371027400789401,MUV_proxy,9.834461381731174,99.40246644881638,5.0,1.2862235902660775,0.6297372616337846,0.6747778880180058,0.04504062638422113,3.623298518486514,0.5591041164222432
40799,b'primer-cosmos-east',7.681150913238525,-17.611949095069065,7.944779638027625,MUV_proxy,9.71289472935148,72.90880432892983,5.0,0.6727787064988333,0.5611993974498874,0.6025840853242866,0.041384687874399195,1.856564030486382,0.2687099320740933
42464,b'primer-cosmos-east',5.367482662200928,-20.146746643649383,8.958698657459752,MUV_proxy,10.495446923679845,104.96168627510785,4.7636429800630715,1.070986890274497,0.6317024722366794,0.7643453956595657,0.1326429234228863,23.49676929683235,1.3710081527818467
43445,b'primer-cosmos-east',5.696870803833008,-16.8612234852915,7.644489394116599,MUV_proxy,9.214176474499899,150.07226935186785,3.3317281211205785,0.9930280365366937,0.5970598790925002,0.6072614970162332,0.010201617923732975,1.252475581702391,0.09776926760492526
45179,b'primer-cosmos-east',7.10549259185791,-19.021110586668016,8.508444234667206,MUV_proxy,10.218993493852997,59.434501554558324,5.0,0.7457710497389679,0.5839110501313969,0.6780779984261337,0.09416694829473682,4.761675688956648,0.6777598128889224
47824,b'primer-cosmos-east',5.6554951667785645,-19.22500257938916,8.590001031755662,MUV_proxy,10.155550548433519,104.23361021977952,4.796917222244685,1.002294939932888,0.6122233004113509,0.6879846661264577,0.07576136571510683,5.405676652209049,0.7328500642333667
48498,b'primer-cosmos-east',4.453303813934326,-17.737477453146425,7.994990981258569,MUV_proxy,9.440321362652002,183.0793189388025,2.731056696617568,1.3506082253901117,0.6295971427081534,0.6397903878125218,0.010193245104368476,1.3578942120046247,0.13286593715198067
48540,b'primer-cosmos-east',5.656249046325684,-16.855273895371152,7.64210955814846,MUV_proxy,9.207734462781028,129.66140636657602,3.8561975688155847,1.002124810102317,0.5979533160928149,0.6103294477371544,0.012376131644339483,1.3173333763397872,0.1196956953741659
50325,b'primer-cosmos-east',6.427699089050293,-19.421946072118455,8.668778428847382,MUV_proxy,10.311548337752411,136.02620503510835,3.6757623273467788,0.8501825855571346,0.6007607221110035,0.6708570430406141,0.0700963209296106,3.7596506105384733,0.5751474872240537
50988,b'primer-cosmos-east',4.526494026184082,-19.50153564592179,8.700614258368716,MUV_proxy,10.153263660987125,112.92731964664193,4.427626561619788,1.3239479421180453,0.6394112544958342,0.7035828611692081,0.06417160667337385,6.606123589732429,0.8199466943685246
51514,b'primer-cosmos-east',4.436739921569824,-19.52710020458859,8.710840081835435,MUV_proxy,10.154514073992418,100.43890060929056,4.97815086551983,1.356765533518825,0.6417811478916545,0.7166248012736683,0.07484365338201382,9.550198930519489,0.9800124180263738
51855,b'primer-cosmos-east',4.651200771331787,-19.735592258413163,8.794236903365265,MUV_proxy,10.259356980498444,94.25044203453028,5.0,1.280486838537209,0.6393939316857272,0.7302178432817508,0.09082391159602354,13.255576055621185,1.122398605878347
52084,b'primer-cosmos-east',7.075610160827637,-19.18404760972223,8.573619043888892,MUV_proxy,10.281180059971655,55.488546720226125,5.0,0.7499167818830127,0.5866793377219093,0.6913626898968822,0.10468335217497293,5.723204903037531,0.7576392948626998
52124,b'primer-cosmos-east',4.833804130554199,-19.040208827876313,8.516083531150525,MUV_proxy,9.999463944205944,147.2682086334743,3.395165899277118,1.2209814756790294,0.6278201160594572,0.662802761239698,0.034982645180240746,2.5835937908931443,0.41222423213985127
54661,b'primer-cosmos-east',5.667634010314941,-18.696773447367836,8.378709378947134,MUV_proxy,9.945472779978628,121.92669540006341,4.1008246664884185,0.999561358745822,0.6067835203363293,0.6501813095091625,0.04339778917283321,2.6220915252339148,0.41864784685456496
55423,b'primer-cosmos-east',5.408047199249268,-18.19569406306958,8.178277625227832,MUV_proxy,9.719082345152758,88.75092882326122,5.0,1.0608460426309125,0.6088562918137431,0.6476145767207283,0.038758284906985185,2.4935356070216868,0.3968155742077304
344,b'primer-uds-south',7.13539457321167,-18.435521851204093,8.274208740481637,MUV_proxy,9.987748197802803,95.11385632924762,5.0,0.7416605990174616,0.576841545712224,0.6407238031321527,0.0638822574199287,2.865851830444544,0.4572537328569378
2480,b'primer-uds-south',4.684057235717773,-17.9441138390168,8.07764553560672,MUV_proxy,9.546051259178498,168.19655201304698,2.9727125438410598,1.2694290320640573,0.6245689813088732,0.6384479679314252,0.013878986622552048,1.4792271355224151,0.170034865092406
4620,b'primer-uds-south',5.7462944984436035,-19.253751935075616,8.601500774030246,MUV_proxy,10.176130223874607,81.08071303865651,5.0,0.9821437732437402,0.6107907119457067,0.6939995068045288,0.08320879485882215,6.147630119339978,0.7887077296861996
7830,b'primer-uds-south',5.54536247253418,-18.498528016985617,8.299411206794247,MUV_proxy,9.853947454047665,130.2652787861676,3.8383213444064204,1.0276744019339263,0.6078212653006092,0.6418265150129171,0.034005249712307895,2.174035227262257,0.33726657695435136
9104,b'primer-uds-south',6.093060493469238,-18.756118164337515,8.402447265735006,MUV_proxy,10.01175331508193,106.35932378958098,4.701045307407081,0.9110437092032428,0.5988083063957806,0.6579242377287923,0.05911593133301163,3.309597589670916,0.5197751915975712
9791,b'primer-uds-south',5.027775287628174,-17.58747064739303,7.934988258957211,MUV_proxy,9.437765787720028,111.88804446545643,4.46875269282561,1.1626387808226175,0.6147908179268674,0.635864040378636,0.02107322245176857,1.7236714334067438,0.23645448407699618
11501,b'primer-uds-south',4.679971694946289,-20.01098619760709,8.904394479042836,MUV_proxy,10.372391648537464,86.79155573125136,5.0,1.2707953734031172,0.6427086090217358,0.7530127461271732,0.1103041371054374,22.532923157129847,1.3528175356502372
14258,b'primer-uds-south',5.471871376037598,-18.495280508337014,8.298112203334805,MUV_proxy,9.845299340938565,164.2733944448308,3.043706509442823,1.0452099697239294,0.6093740661769171,0.6332685655125335,0.02389449933561638,1.7419320400132345,0.24103120737487096
17986,b'primer-uds-south',4.9401140213012695,-19.85290693743861,8.841162774975444,MUV_proxy,10.335174177105571,70.42326572571035,5.0,1.1884194043463014,0.6348780275093804,0.7398264338611616,0.10494840635178126,15.984444921861764,1.2036975594967851
21488,b'primer-uds-south',5.413991928100586,-19.45355383036247,8.681421532144988,MUV_proxy,10.222820724955046,69.83585733604345,5.0,1.0593733005756012,0.6197789339661512,0.7084983182388459,0.08871938427269466,8.073594683283636,0.907066942840981
22358,b'primer-uds-south',4.676494598388672,-18.482651859367174,8.293060743746869,MUV_proxy,9.760710203585736,105.99213398821126,4.7173311941772145,1.2719601542280727,0.6274854246823387,0.6646508298726271,0.037165405190288436,2.859106637445922,0.4562303537457665
23107,b'primer-uds-south',4.952512741088867,-17.47744406286774,7.890977625147095,MUV_proxy,9.38622889925598,169.02787965091744,2.9580918901226134,1.184715678086907,0.6162139631984421,0.62707242138847,0.010858458190027842,1.3309204790888167,0.12415210767254926
25430,b'primer-uds-south',7.128200054168701,-18.963954009835202,8.48558160393408,MUV_proxy,10.198401609350949,73.30048856467192,5.0,0.7426461415130903,0.582792325700242,0.6737742892386857,0.09098196353844368,4.488407089954456,0.6520922397149153
28931,b'primer-uds-south',7.904730319976807,-19.695904133801314,8.778361653520525,MUV_proxy,10.568834685518206,64.03652116954194,5.0,0.6475736790981277,0.5850511373389293,0.76495663184134,0.17990549450241067,13.31557939202601,1.1243600683555264
29392,b'primer-uds-south',7.470963478088379,-19.271040134684796,8.608416053873917,MUV_proxy,10.355512401682756,99.15001900293842,5.0,0.6979977385794524,0.5821114607743881,0.7028504056888898,0.12073894491450166,6.506418312595377,0.8133419816343899
30157,b'primer-uds-south',4.726914882659912,-17.462243864858824,7.884897545943529,MUV_proxy,9.35758903420952,140.7088541482793,3.553436654903741,1.255241678521597,0.6217146729387002,0.6351512737891498,0.01343660085044962,1.4547063096703743,0.16277532255628624
30191,b'primer-uds-south',4.036579132080078,-18.398749253377293,8.259499701350917,MUV_proxy,9.663157614558925,143.98042061934908,3.4726943972603355,1.5209666950287999,0.6433867920975399,0.6636702448899072,0.020283452792367318,1.9848943576316742,0.2977373971855146
30520,b'primer-uds-south',5.349781036376953,-18.550246169587687,8.320098467835074,MUV_proxy,9.855076571472768,125.41466121274044,3.986774713299682,1.0754627380016304,0.6124139992696422,0.6480244777511099,0.0356104784814677,2.34213041432697,0.36961107376182356
32880,b'primer-uds-south',4.755955696105957,-18.4068519829054,8.262740793162159,MUV_proxy,9.738336362772754,103.41219140791682,4.835019867509761,1.2457770581304937,0.625120032737555,0.6622894216878746,0.037169388950319626,2.7982519922683653,0.4468868216367995
33445,b'primer-uds-south',4.345759868621826,-18.866956947243903,8.44678277889756,MUV_proxy,9.881358765759742,148.13361631268566,3.3753310858528045,1.3914318019148597,0.6381395495554789,0.6661386286922059,0.027999079136726945,2.376791132053787,0.3759910184206115
33898,b'primer-uds-south',4.5452728271484375,-18.168545470694003,8.167418188277601,MUV_proxy,9.621945470992445,109.44208787273796,4.5686262910244615,1.3172480840816425,0.6290453266131911,0.6574219020238273,0.028376575410636207,2.294796602367926,0.3607441982027541
36872,b'primer-uds-south',7.135115146636963,-18.298870973293397,8.219548389317358,MUV_proxy,9.933059903981055,79.31382445272976,5.0,0.7416988357319824,0.5756286575625538,0.6339909182209961,0.0583622606584423,2.6167634758421525,0.4177644693808699
37557,b'primer-uds-south',5.655717849731445,-19.7382513588335,8.7953005435334,MUV_proxy,10.360872328506545,144.48232119913436,3.46063100212011,1.0022446815366466,0.6192281510279587,0.6868376476168121,0.0676094965888534,4.507784277282007,0.6539631244486612
37751,b'primer-uds-south',5.359211444854736,-18.57945964960397,8.331783859841586,MUV_proxy,9.86770500432706,69.87817287995404,5.0,1.0730744055460004,0.6124181057388142,0.6615911704399778,0.04917306470116367,3.230334573371145,0.5092475055645127
37878,b'primer-uds-south',4.773196697235107,-18.44031234984277,8.276124939937107,MUV_proxy,9.753444609660617,141.10773680466824,3.543391817644535,1.240213971211418,0.6249017847039776,0.64992552854188,0.0250237438379024,1.9930420688829813,0.29951646583090097
39711,b'primer-uds-south',5.4619550704956055,-18.15637922733944,8.162551690935775,MUV_proxy,9.708747197985335,118.33868820158861,4.225160913971394,1.047614129335226,0.6074414201370607,0.6380630361047036,0.0306216159676429,2.03985929912789,0.30960021266133436
44435,b'primer-uds-south',5.17327356338501,-17.132449316810934,7.752979726724373,MUV_proxy,9.270307083062875,98.62308043066938,5.0,1.121847422988012,0.6098524304157121,0.6286862070734847,0.018833776657772527,1.5992343341076483,0.20391210511795668
45383,b'primer-uds-south',4.855165481567383,-17.512081162343055,7.904832464937221,MUV_proxy,9.39034901309396,118.60664697163949,4.215615336630813,1.214320597103977,0.6187032034167674,0.6366732635884012,0.017970060171633717,1.6240455924311124,0.2105982171855211
45637,b'primer-uds-south',4.536287307739258,-19.72739182626517,8.790956730506068,MUV_proxy,10.244585461279993,109.9240731348419,4.54859418634041,1.3204468815411072,0.6418498198823732,0.7193646131119846,0.07751479322961141,9.723416459291963,0.987818887222518
47509,b'primer-uds-south',5.659402847290039,-19.533665121566017,8.713466048626406,MUV_proxy,10.27940633335541,196.7753709572188,2.540968402538068,1.0014136040158208,0.6160876999302577,0.6524087435107648,0.03632104358050714,2.244034294010089,0.35102948965432806
48686,b'primer-uds-south',4.843894958496094,-18.156006215187865,8.162402486075145,MUV_proxy,9.646791981924753,188.83439301175306,2.6478227404733414,1.2178274242067153,0.6216510428459205,0.6353062611345809,0.013655218288660342,1.447081650765435,0.16049303663143144
48982,b'primer-uds-south',5.387849807739258,-18.45270954545382,8.281083818181528,MUV_proxy,9.819868798955454,86.64903684941646,5.0,1.0658752191425482,0.6109054907699404,0.6564642143217433,0.045558723551802904,2.9420576279090462,0.4686511752704326
50716,b'primer-uds-south',7.863626480102539,-18.313102814447895,8.225241125779156,MUV_proxy,10.01160377378941,69.90504346274642,5.0,0.6520885749946905,0.5636834421058448,0.6315725892941266,0.06788914718828187,2.6745253860643294,0.4272467244876564
51593,b'primer-uds-south',4.457850933074951,-17.470290655999275,7.888116262399709,MUV_proxy,9.333901355707205,98.23092206583675,5.0,1.3489260271099064,0.6285957795985987,0.6487319534363424,0.020136173837743687,1.8286987418837575,0.2621421661031435
52581,b'primer-uds-south',6.166954040527344,-18.267739337359817,8.207095734943927,MUV_proxy,9.823791138996661,77.02489447674957,5.0,0.8969940865318501,0.5933997888382265,0.6406699880968902,0.047270199258663714,2.565738693319874,0.40921242373495925
55634,b'primer-uds-south',6.879805088043213,-20.151941497626616,8.960776599050646,MUV_proxy,10.648757107854967,74.47756139010417,5.0,0.7780564764564106,0.6089415062174056,0.8098605822120866,0.20091907599468095,32.26295733800618,1.5087041738623381
55783,b'primer-uds-south',4.626031398773193,-19.292877225315063,8.617150890126025,MUV_proxy,10.079754030003345,109.96452826156413,4.546920792591304,1.2890661376367918,0.6349424971779176,0.6941811272256758,0.0592386300477582,5.45724842834902,0.7369737244639867
57494,b'primer-uds-south',4.023993492126465,-20.2558488745766,9.002339549830639,MUV_proxy,10.404738899043286,122.47714623353806,4.082394270083706,1.5266599089758348,0.6610947410003005,0.7458558830606234,0.08476114206032292,17.735840837207707,1.2488517827320196
59568,b'primer-uds-south',8.90157699584961,-18.946349220321327,8.47853968812853,MUV_proxy,10.36869738771349,78.93528551401158,5.0,0.5521615831409198,0.5576848706808635,0.6865903633908564,0.12890549270999296,4.863233647511421,0.6869251351629425
59880,b'primer-uds-south',5.663111209869385,-17.514468259399724,7.9057873037598885,MUV_proxy,9.472098424746827,120.00611277187473,4.166454428454603,1.000578412056675,0.5999459395328539,0.6207548854599932,0.020808945927139333,1.5883384828114513,0.20094305826285028
59971,b'primer-uds-south',5.391544342041016,-18.431506085331232,8.272602434132493,MUV_proxy,9.811756868336595,146.73889017794247,3.4074129863847036,1.0649523197207464,0.6106825023500713,0.6373651293708836,0.026682627020812366,1.8803549601332559,0.2742398400487312
60046,b'primer-uds-south',5.46284294128418,-18.833020472806208,8.433208189122482,MUV_proxy,9.9794924832509,120.80852785146519,4.138780671301227,1.0473984951964528,0.6122127727629901,0.6582685987186246,0.04605582595563451,2.921138377390002,0.46555213044614735
60446,b'primer-uds-south',4.366049766540527,-17.69169996415502,7.976679985662008,MUV_proxy,9.41328496231606,100.02763199041787,4.998618782137094,1.3835743432032854,0.6317049248589873,0.6544052770676085,0.02270035220862121,2.009623156057456,0.3031146262818417
62395,b'primer-uds-south',5.659185409545898,-18.51203043636557,8.304812174546228,MUV_proxy,9.870730715500818,79.42886599802144,5.0,1.0014626109651055,0.6055126281445773,0.6555512751480943,0.05003864700351701,3.0452905423866787,0.4836287337294267
66511,b'primer-uds-south',7.130755424499512,-19.231242016423792,8.592496806569516,MUV_proxy,10.305572349019467,111.28508555443562,4.492965050158699,0.7422958444910407,0.5865348728670169,0.681014640940564,0.09447976807354708,4.751629151152798,0.6768425380563018
67076,b'primer-uds-south',7.936797618865967,-19.480856916399453,8.692342766559781,MUV_proxy,10.486022528446378,85.7376135588745,5.0,0.6440873309199934,0.5798207117471681,0.7345494004507616,0.15472868870359346,9.15810918095869,0.9618058167856118
68947,b'primer-uds-south',5.655997276306152,-18.171524451216438,8.168609780486575,MUV_proxy,9.73420950811719,82.59408137195713,5.0,1.0021816223192657,0.6033173982839771,0.6434324932402575,0.040115094956280406,2.4434020580671567,0.38799493534558044
69772,b'primer-uds-south',5.429375648498535,-19.194279411718135,8.577711764687253,MUV_proxy,10.120649329537107,69.60870252850678,5.0,1.0555778736071086,0.6164200841003262,0.6912009653425093,0.07478088124218307,5.778571602939938,0.7618204990388788
6756,b'ceers-full',7.136083126068115,-18.23280687828205,8.19312275131282,MUV_proxy,9.906731063919633,54.396483832198435,5.0,0.7415663914724493,0.5750595117108948,0.6309493994628104,0.05588988775191561,2.511860235801927,0.3999954708499306
9246,b'ceers-full',4.604409694671631,-17.971671112965936,8.088668445186373,MUV_proxy,9.549109414653536,69.26564929034056,5.0,1.2965126154041078,0.6266719861367639,0.6551622901184111,0.028490303981647203,2.272419903905753,0.35648858456516647
12234,b'ceers-full',6.1422119140625,-18.842551883065187,8.437020753226074,MUV_proxy,10.051241944632324,57.94758580918855,5.0,0.9016580641755001,0.5987014209116187,0.667306113377876,0.06860469246625733,3.9535805985139683,0.5969905968411389
12544,b'ceers-full',4.5496649742126465,-18.01673045710073,8.106692182840291,MUV_proxy,9.561658680261555,83.87673704464756,5.0,1.3156891781588236,0.6282426487381086,0.6572267258185834,0.02898407708047479,2.3336254246062667,0.3680311477326583
13736,b'ceers-full',5.356953144073486,-18.438453380189998,8.275381352075998,MUV_proxy,9.811076666483347,64.48052529472373,5.0,1.0736455370677274,0.6114878319453797,0.6563439257966084,0.044856093851228684,2.9159979482431346,0.46478721406740536
14076,b'ceers-full',5.661390781402588,-17.953710189762077,8.08148407590483,MUV_proxy,9.647623154045089,73.16689272624528,5.0,1.000965740477644,0.6019864435253938,0.6369043389495203,0.03491789542412649,2.1742909276063687,0.33731765373407824
19354,b'ceers-full',5.42791748046875,-17.186823340763663,7.774729336305464,MUV_proxy,9.31752108435234,63.349080495239264,5.0,1.0559366590475339,0.6040781625837234,0.6245758097675869,0.020497647183863488,1.61766314039768,0.2088880898982204
20010,b'ceers-full',8.93444538116455,-17.890357612532686,8.056143045013073,MUV_proxy,9.949587583129528,64.42038348903961,5.0,0.5494190123320469,0.5435483659610741,0.6064241150299906,0.06287574906891646,2.1547389922981233,0.3333946707520687
20632,b'ceers-full',5.653134822845459,-17.81031359915508,8.024125439662031,MUV_proxy,9.589438921946577,62.625804274768534,5.0,1.0028279148868324,0.6014514696611274,0.6332597797490179,0.031808310087890534,2.03165402249679,0.3078497523748728
20897,b'ceers-full',4.533113956451416,-16.672455631451232,7.568982252580492,MUV_proxy,9.022293648225633,66.4479321401957,5.0,1.3215796585684625,0.6247057632039292,0.6371203303410008,0.012414567137071564,1.4399327787476128,0.15834221813663568
22049,b'ceers-full',7.1350226402282715,-18.669637759181754,8.367855103672701,MUV_proxy,10.081357367695528,55.6208414369509,5.0,0.7417114950249692,0.5791941625886847,0.6538621359422023,0.0746679733535176,3.423670438660933,0.5344919529795763
22239,b'ceers-full',7.131442070007324,-16.226724031172736,7.390689612469094,MUV_proxy,9.103833819469827,63.88495294759667,5.0,0.7422017640955125,0.565781990655926,0.5812868638935327,0.015504873237606631,1.2914009675335603,0.1110611074487342
23054,b'ceers-full',6.8682966232299805,-18.58860646729115,8.335442586916459,MUV_proxy,10.022272249239457,64.28460296438449,5.0,0.7797648633537718,0.5829376281550708,0.6500142462467944,0.0670766180917236,3.197313377272035,0.5047852047265251
24464,b'ceers-full',5.655385971069336,-18.628603087064917,8.351441234825966,MUV_proxy,9.916979831932899,61.57873392283105,5.0,1.0023195863722483,0.6064841787685438,0.660434156040873,0.0539499772723292,3.3256638522334967,0.5218783499653374
28748,b'ceers-full',4.752955436706543,-18.489657343260586,8.295862937304234,MUV_proxy,9.771158480974888,65.65756697521525,5.0,1.2467493712354984,0.6256832224970468,0.6665962182240273,0.04091299572698048,3.106562173733555,0.49228004986582424
29421,b'ceers-full',4.785098075866699,-18.16778658143024,8.167114632572094,MUV_proxy,9.645624440158764,70.82442982441934,5.0,1.2363978089470813,0.6231285914261969,0.6566407904656899,0.033512199039492985,2.511209864619866,0.39988300870566845
30600,b'ceers-full',4.0259318351745605,-16.423998855389815,7.469599542155925,MUV_proxy,9.0,87.27410747781781,5.0,1.5257807851388907,0.6385524027991987,0.6502305798291569,0.011678177029958214,1.4858144443462291,0.17196457602732895
36886,b'ceers-full',4.449919700622559,-17.686136875270147,7.974454750108058,MUV_proxy,9.419446720170315,71.03828593380159,5.0,1.3518624318873784,0.6295033955520546,0.652532579258824,0.02302918370676943,1.9973646340381757,0.30045735585469746
36985,b'ceers-full',5.653713703155518,-17.58230214992759,7.932920859971035,MUV_proxy,9.498292230286586,61.34467743649027,5.0,1.0026971578669759,0.6004272322117068,0.6279430466375487,0.027515814425841945,1.8461672878970756,0.2662710514671684
39094,b'ceers-full',4.73153018951416,-18.281833889964048,8.212733555985618,MUV_proxy,9.685886574937035,68.47869120959936,5.0,1.2537295535563426,0.6250170753355226,0.6606633013650469,0.035646226029524275,2.69966385655633,0.4313096921845902
40589,b'ceers-full',8.00671100616455,-18.34084616670424,8.236338466681694,MUV_proxy,10.03700956729815,59.37592096716466,5.0,0.6365936270664675,0.5617315321248039,0.6328397862991533,0.0711082541743494,2.7344619766166343,0.436871888778352
41179,b'ceers-full',7.242249965667725,-19.62426284772767,8.749705139091068,MUV_proxy,10.47393013565784,57.4217396408689,5.0,0.7272751066642159,0.591867211861518,0.7397152711571133,0.1478480592955953,10.907726617446254,1.0377342445957394
41913,b'ceers-full',5.245997428894043,-18.93364999102481,8.473459996409924,MUV_proxy,9.998059739299327,61.63378721184913,5.0,1.102341116982818,0.6177220900000838,0.6782641337888954,0.06054204378881156,4.40643650910743,0.6440875168970481
42093,b'ceers-full',6.4458818435668945,-18.03659712011666,8.114638848046663,MUV_proxy,9.759227032403352,56.23605433097119,5.0,0.847070136635278,0.5863793108895313,0.6293696703464245,0.04299035945689322,2.2462027044036823,0.3514489457952749
47021,b'ceers-full',8.023066520690918,-17.42141601885089,7.868566407540356,MUV_proxy,9.670873059609448,65.36525512787183,5.0,0.6348614555694339,0.5542839247588526,0.5932905315017917,0.0390066067429391,1.7337842886949402,0.23899506311883298
48983,b'ceers-full',7.13676118850708,-19.866323724443145,8.846529489777257,MUV_proxy,10.560205608627966,51.93081889094175,5.0,0.7414736386594548,0.5985396199548221,0.7707913311567267,0.17225171120190463,17.08540367383583,1.2326252442555499
49360,b'ceers-full',4.737311840057373,-18.554953137583333,8.321981255033332,MUV_proxy,9.79571243903907,68.91183834860217,5.0,1.2518395576662449,0.6264629252560764,0.6689928412245475,0.04252991596847111,3.264560478654468,0.5138247186756978
55490,b'ceers-full',7.1493306159973145,-20.138818844791903,8.95552753791676,MUV_proxy,10.670460599516492,52.387914284993016,5.0,0.739757740356589,0.6053253803151727,0.81693959472966,0.21161421441448736,32.41881478159203,1.5107971331767915
57051,b'ceers-full',5.668078899383545,-18.690260143509484,8.376104057403793,MUV_proxy,9.942911947342148,64.39483006557025,5.0,0.9994614082180477,0.6067203745559886,0.6630378521384949,0.05631747758250627,3.4932252661597496,0.5432265927076869
58630,b'ceers-full',4.546807765960693,-18.129511927632997,8.151804771053198,MUV_proxy,9.606485547649267,68.52601108185242,5.0,1.3167029396416075,0.6288225839597271,0.6599421345397746,0.03111955058004745,2.4857143496049607,0.39545121943107686
59162,b'ceers-full',7.841129779815674,-19.704146493664407,8.781658597465762,MUV_proxy,10.56577157544733,53.05169831149987,5.0,0.6545818460560492,0.5859905831948647,0.7644916736326453,0.1785010904377805,13.417017328634703,1.1276559806849165
59626,b'ceers-full',6.367115020751953,-19.676824018197404,8.77072960727896,MUV_proxy,10.407441109354156,57.40807305352339,5.0,0.860691532829136,0.6059473586313388,0.733004132555665,0.12705677392432624,11.360570767766998,1.0554001513630842
60774,b'ceers-full',5.2847676277160645,-18.568887700928574,8.327555080371429,MUV_proxy,9.856031843143036,62.041777733201435,5.0,1.0921709884468307,0.6139741717988008,0.6620681460612543,0.04809397426245354,3.213186702325838,0.5069359609807543
61323,b'ceers-full',7.12702751159668,-17.347349668703913,7.838939867481565,MUV_proxy,9.551642618641232,61.552384141078534,5.0,0.7428069687744326,0.5696620098016312,0.6011175437033558,0.03145553390172462,1.680734473012117,0.22549910783911822
63106,b'ceers-full',5.655656814575195,-19.256665241290968,8.602666096516387,MUV_proxy,10.168231777973906,59.95507577844757,5.0,1.0022584564407635,0.6125895569093716,0.6943821045938645,0.08179254768449296,6.182465676505718,0.7911617139463079
67137,b'ceers-full',7.496461391448975,-20.57834587468009,9.131338349872035,MUV_proxy,10.880984489016932,62.40130278603175,5.0,0.6948552947908303,0.6166994371690757,0.9413185811663037,0.324619143997228,150.2827420178029,2.1769091104819585
68816,b'ceers-full',4.532282829284668,-16.2031795340367,7.3812718136146795,MUV_proxy,9.0,70.80639597093622,5.0,1.3218766087770952,0.6246244589581529,0.6366149086798997,0.011990449721746788,1.422221220484274,0.15296715431442254
70681,b'ceers-full',7.900805473327637,-18.974007494458625,8.48960299778345,MUV_proxy,10.279683545116214,56.09205306411676,5.0,0.6480025419893033,0.5712323322239152,0.6784231648010796,0.10719083257716433,4.681197925565271,0.6703570039053968
71267,b'ceers-full',7.517549514770508,-18.567229995452184,8.326891998180873,MUV_proxy,10.078646949657923,59.90658516540552,5.0,0.6922740538844785,0.5718156399123583,0.6470207784139019,0.07520513850154364,3.180205805501396,0.5024552260540682
71321,b'ceers-full',7.12932014465332,-17.670248617420484,7.968099446968193,MUV_proxy,9.681031461433525,63.36040081081617,5.0,0.7424925626862312,0.5713012047269358,0.6100142451459446,0.038713040419008804,1.8941283681254195,0.27740940850007423
71380,b'ceers-full',7.126262664794922,-18.882355067053595,8.452942026821438,MUV_proxy,10.16556829330093,54.160871476723834,5.0,0.7429119072249852,0.5817919568819158,0.6678279344749493,0.0860359775930335,4.138697645974811,0.6168637000221472
72633,b'ceers-full',5.443395614624023,-19.518758894354377,8.70750355774175,MUV_proxy,10.251843119204153,67.06142219180622,5.0,1.052138536875922,0.6200467037747892,0.7133662081085483,0.09331950433375913,8.863040947681613,0.9475827557706534
72956,b'ceers-full',8.904179573059082,-18.215226034156057,8.186090413662422,MUV_proxy,10.07650837096833,58.17583598902204,5.0,0.5519435924964385,0.5472608011156831,0.6249859853229931,0.07772518420731,2.5943383104177946,0.4140266088981607
73890,b'ceers-full',5.660318374633789,-18.243861937398655,8.19754477495946,MUV_proxy,9.76357661242284,76.25109483703007,5.0,1.0012073026603008,0.6036664204434649,0.6457327325559797,0.04206631211251488,2.5495975692461075,0.40647163641503864
7242,b'primer-cosmos-west',5.658755302429199,-18.66673337279668,8.366693349118671,MUV_proxy,9.932568879361591,166.7174549082523,2.999086090146705,1.0015595618853206,0.6067204716421872,0.6337791904120779,0.027058718769890633,1.8262097309263412,0.26155065258134147
8118,b'primer-cosmos-west',5.642417907714844,-18.833064082469804,8.43322563298792,MUV_proxy,9.997467423759405,124.26756861408884,4.023575946454242,1.0052537688954968,0.6084806609718549,0.6544412717337325,0.04596061076187752,2.7918733620089835,0.4458957150155848
13074,b'primer-cosmos-west',5.214783191680908,-19.42674007854113,8.670696031416451,MUV_proxy,10.192174350584542,79.73062908385373,5.0,1.1106440030574396,0.6234930219940079,0.7069618123633277,0.08346879036931976,7.846686697272768,0.8946863124331139
13666,b'primer-cosmos-west',5.288052558898926,-18.631995473953918,8.352798189581566,MUV_proxy,9.881603445471459,115.84346480281005,4.316169244860771,1.0913164548483747,0.6143595845387635,0.6556474385240633,0.04128785398529977,2.7217945723159103,0.43485534369011436
15233,b'primer-cosmos-west',4.98601770401001,-17.884340167219005,8.053736066887602,MUV_proxy,9.552337837288603,92.76965482447173,5.0,1.1748023972993027,0.6169770593226171,0.6461350651271132,0.029158005804496012,2.1408862772515223,0.330593598413602
16152,b'primer-cosmos-west',5.714365482330322,-20.602758286075222,9.141103314430088,MUV_proxy,10.712539862663121,165.23186775265145,3.026050645075859,0.9891524819734299,0.6369174574914064,0.73780022423011,0.10088276673870367,9.18453295828146,0.9630570769403324
18540,b'primer-cosmos-west',8.9337158203125,-18.44357128546024,8.277428514184095,MUV_proxy,10.170800096215345,105.95344761289829,4.719053615194795,0.5494796416987101,0.5496082601914376,0.6340481920730433,0.0844399318816057,2.8040566976160144,0.44778679075426053
21037,b'primer-cosmos-west',4.476104736328125,-16.294338015678914,7.417735206271565,MUV_proxy,9.0,99.04435864493557,5.0,1.342207919713171,0.6261225384845406,0.6380799844056205,0.011957445921079946,1.4285398777316687,0.15489236823089803
21620,b'primer-cosmos-west',8.087143898010254,-19.353267915806512,8.641307166322605,MUV_proxy,10.45002155612363,88.58474492387647,5.0,0.6281500671224449,0.5753321068862665,0.7210030073181561,0.14567090043188968,7.640049870865342,0.8830961934671737
22379,b'primer-cosmos-west',5.73488187789917,-17.561898788827357,7.924759515530942,MUV_proxy,9.498247703320859,115.64072090795395,4.323736449187159,0.9846394466010499,0.598567138022732,0.6214124642980098,0.0228453262752778,1.6485164543934876,0.21709328633912392
22483,b'primer-cosmos-west',7.135468482971191,-19.278248675968435,8.611299470387372,MUV_proxy,10.324846318684491,62.23396554893685,5.0,0.7416504857586734,0.5871978706207817,0.7003499592786158,0.1131520886578341,6.45511840360945,0.80990421276241
22702,b'primer-cosmos-west',5.431190490722656,-19.493345197806313,8.697338079122524,MUV_proxy,10.24045712819479,102.77250209722588,4.86511459579903,1.0551316104425035,0.6199513363082824,0.7081386961373929,0.08818735982911052,7.907103856169199,0.8980174430930603
25633,b'primer-cosmos-west',7.051051139831543,-18.84724525692404,8.438898102769615,MUV_proxy,10.14400321675277,76.65286982916518,5.0,0.7533527343797336,0.5826040504306484,0.6653516577029283,0.08274760727227981,3.995992227038844,0.6016246347698052
26495,b'primer-cosmos-west',5.01962423324585,-18.39281792602413,8.257127170409651,MUV_proxy,9.759089593734236,70.6762484733498,5.0,1.164996642639983,0.6188124162547668,0.659448941330681,0.0406365250759142,2.863462195919472,0.45689145383246516
28491,b'primer-cosmos-west',5.585108757019043,-18.859319987185717,8.443727994874287,MUV_proxy,10.00223887057619,79.56627634394629,5.0,1.0183931921990512,0.6098964211089676,0.6717657582311949,0.06186933712222731,4.055858921086386,0.6080828400976447
28500,b'primer-cosmos-west',5.428969860076904,-17.950203707308827,8.08008148292353,MUV_proxy,9.62297846893122,75.64182650308877,5.0,1.055677698402494,0.6070755917478633,0.6403334656600344,0.033257873912171054,2.1819374915350047,0.3388423046985775
29372,b'primer-cosmos-west',5.38581657409668,-17.996768557475626,8.09870742299025,MUV_proxy,9.637289080399919,93.85081376475871,5.0,1.066383690347913,0.6082745621313409,0.6422408969438905,0.033966334812549626,2.236504919804186,0.34956985785920563
29568,b'primer-cosmos-west',4.360320568084717,-17.5992457981102,7.939698319244079,MUV_proxy,9.375730376052552,94.09757458873746,5.0,1.3857855600936027,0.6315476150144306,0.6529455953662324,0.02139798035180185,1.9327731296524355,0.2861808792109094
30073,b'primer-cosmos-west',6.004137992858887,-17.97889680301398,8.091558721205592,MUV_proxy,9.69197252049148,87.42338542566257,5.0,0.9284419045579554,0.5948803623501615,0.6328607520313673,0.03798038968120576,2.1893681963010057,0.34031880504668527
30145,b'primer-cosmos-west',5.6646294593811035,-18.653306715944915,8.361322686377965,MUV_proxy,9.927785632316075,149.96190821601851,3.3341800324370063,1.000236807929655,0.6064899013035995,0.6379653269518629,0.031475425648263444,2.012986699886854,0.30384090544760634
31319,b'primer-cosmos-west',6.333873748779297,-20.343276521749207,9.037310608699682,MUV_proxy,10.670697983577613,130.8597623509306,3.820884212361129,0.8665496545614795,0.6211480623920987,0.7591583520360754,0.13801028964397666,14.262262811351517,1.1541884349493032
31661,b'primer-cosmos-west',4.46262264251709,-18.664583184144607,8.365833273657842,MUV_proxy,9.812095537909551,122.35028415048203,4.086627207052794,1.3471644763329333,0.6338614209367397,0.6668379170659738,0.032976496129234145,2.6837551277414353,0.4287428872338468
32535,b'primer-cosmos-west',5.749178409576416,-20.23449898226678,8.993799592906711,MUV_proxy,10.568717433864354,81.89057825756488,5.0,0.981514792181672,0.6270700561929309,0.7919034647818219,0.16483340858889106,36.42494975948946,1.5613989614251014
33230,b'primer-cosmos-west',4.752186298370361,-17.610550643974662,7.944220257589864,MUV_proxy,9.4194388874269,102.99714741537545,4.854503377492179,1.246998833618438,0.6215831061102165,0.6440905218259008,0.022507415715684265,1.865827984958928,0.27087160263306487
36162,b'primer-cosmos-west',6.410995006561279,-19.568531734170094,8.727412693668036,MUV_proxy,10.368512194324165,133.52391874334594,3.7446474362475755,0.8530587085424749,0.6033724392045826,0.6826213601326161,0.07924892092803348,4.492056947024565,0.6524452532932855
42656,b'primer-cosmos-west',5.685393333435059,-19.814370654938724,8.82574826197549,MUV_proxy,10.394287595318994,137.01309082108364,3.649286334638761,0.9955843377326118,0.6199432533938726,0.6973801097528907,0.07743685635901809,5.546796059788591,0.7440421983762807
43505,b'primer-cosmos-west',4.675452709197998,-18.2588908483399,8.20355633933596,MUV_proxy,9.671101610255759,109.58652388039856,4.562604801167835,1.272309518181456,0.6262653207323229,0.6570952817585914,0.03082996102626856,2.3909057899449273,0.3785624637305207
44446,b'primer-cosmos-west',7.13146448135376,-19.331198491900594,8.632479396760237,MUV_proxy,10.345625844895613,108.95758931533,4.588941469262587,0.7421986937499522,0.5881137742438769,0.6923656203683515,0.10425184612447458,5.581499246911426,0.7467508704796637
46914,b'primer-cosmos-west',5.654763221740723,-17.61938173389842,7.947752693559368,MUV_proxy,9.51322901573344,113.61711005427549,4.400745625030837,1.0024601656605607,0.6005591045799495,0.6244322712288971,0.023873166648947564,1.7020271277112302,0.23096647779404766
47165,b'primer-cosmos-west',5.2337646484375,-19.56849778809148,8.727399115236592,MUV_proxy,10.250775580080342,103.36663149948336,4.83715095236028,1.10558267658901,0.6248912804681223,0.7131183710029297,0.08822709053480748,8.737355941352776,0.941380028308379
50300,b'primer-cosmos-west',5.696131706237793,-16.937448374384132,7.674979349753652,MUV_proxy,9.24459252037743,150.08269342514518,3.3314967141723013,0.993192322257005,0.5972842563189111,0.6079801796785566,0.01069592335964542,1.2662617906465232,0.10252350226873806
50560,b'primer-cosmos-west',5.145898818969727,-17.434969123823286,7.8739876495293135,MUV_proxy,9.388577531426286,90.27714609838806,5.0,1.1293389472316293,0.6114450560586057,0.6341048765285415,0.022659820469935865,1.7659351770513918,0.24697475769819002
51657,b'primer-cosmos-west',4.794125556945801,-18.177887340483117,8.171154936193247,MUV_proxy,9.650567491887827,80.07213167615052,5.0,1.233516137837907,0.6229609408860429,0.6567531387702628,0.03379219788421983,2.525133188872175,0.40228429004546506
53626,b'primer-cosmos-west',5.655242443084717,-19.186536846909597,8.574614738763838,MUV_proxy,10.14013898307231,104.23609330794173,4.79680295118951,1.0023519834418297,0.6117893408269002,0.685620420024536,0.07383107919763587,5.178676522687109,0.7142187843912327
54067,b'primer-cosmos-west',5.656432628631592,-16.420082718361684,7.468033087344673,MUV_proxy,9.03367635020783,129.6591627943341,3.8562642949739088,1.0020833879001738,0.5969443009495948,0.6063801889044907,0.009435887954895916,1.2338301289135132,0.09125537107988792
55716,b'primer-cosmos-west',4.438319206237793,-19.52827176095274,8.711308704381096,MUV_proxy,10.155140625004876,100.42275056217166,4.978951454734855,1.356176458313602,0.6417569363448516,0.7167012502222402,0.07494431387738854,9.569834104224864,0.9809044092246814
1498,b'gds',4.663384437561035,-17.049821320811702,7.71992852832468,MUV_proxy,9.186266972080784,72.06188418034793,5.0,1.27636785708035,0.6221611421322405,0.6382980347871935,0.016136892654952995,1.5804387033446112,0.19877765657203883
2981,b'gds',4.812244892120361,-17.119080989513087,7.747632395805234,MUV_proxy,9.228856885017269,114.38734607843122,4.371112864679702,1.227765776510751,0.6185889192574183,0.6331960658097537,0.014607146552335415,1.4896434105591907,0.17308231984806735
3099,b'gds',5.458367824554443,-17.658893012927248,7.963557205170899,MUV_proxy,9.509393987626343,72.9155545516948,5.0,1.0484861027263923,0.6050887409658735,0.6328789998346622,0.02779025886878872,1.910766459430846,0.28120760930592115
5434,b'gds',4.107268333435059,-18.946371215886643,8.478548486354656,MUV_proxy,9.889275319698163,136.0695016042382,3.6745927199341364,1.4896336505663912,0.6447788841325325,0.6763733577816496,0.03159447364911716,2.8458759572390444,0.45421596663350045
14381,b'gds',5.4444098472595215,-17.44868786957614,7.879475147830456,MUV_proxy,9.423916132556407,88.22444685490777,5.0,1.0518904503925417,0.6045832228378104,0.6288413788220905,0.02425815598428005,1.76304552400151,0.24626352646120192
14605,b'gds',6.928058624267578,-19.97840232877564,8.891360931510256,MUV_proxy,10.584166793937014,128.9742241066029,3.8767436165130786,0.7709606910217479,0.6039288442530428,0.7275885429454165,0.1236596986923737,8.319438934374837,0.9200940383194111
16053,b'gds',6.901800632476807,-18.191378539819407,8.176551415927761,MUV_proxy,9.866731479175442,86.51278858910993,5.0,0.7748085792042544,0.578904083749091,0.6308701541288891,0.05196607037979817,2.446724421169193,0.38858505676277716
18537,b'gds',4.277338027954102,-19.249148090335602,8.59965923613424,MUV_proxy,10.02739303892965,154.45247659225817,3.2372417136434715,1.4184822362064573,0.6428776782094215,0.676029755252744,0.03315207704332246,2.843438481851872,0.4538438366742495
22388,b'gds',7.181869983673096,-21.46969717312723,9.487878869250892,MUV_proxy,11.206065867618202,51.617490766362046,5.0,0.7353462000469456,0.6655084912349685,1.3182945806412625,0.652786089406294,42924.365123883465,4.632703880414593
23636,b'gds',7.132840633392334,-18.779453627405857,8.411781450962343,MUV_proxy,10.125065514301577,89.84060419451028,5.0,0.7420102019096889,0.5804562662120298,0.6608129167946961,0.08035665058266628,3.7622233552395166,0.5754445751241338
23868,b'gds',8.927632331848145,-16.9465346152692,7.678613846107679,MUV_proxy,9.571377079292494,90.87535500375513,5.0,0.549985636811291,0.5371512026729112,0.5710692022324857,0.03391799955957453,1.5136780774687217,0.18003352110534357
29303,b'gds',5.98597526550293,-18.787360303492225,8.41494412139689,MUV_proxy,10.013541647947182,130.32232675744794,3.8366411377122294,0.932063501418489,0.601181368189788,0.6459396324572276,0.044758264267439674,2.5270599317306544,0.4026155417660847
32147,b'gds',4.603240966796875,-19.883185083381356,8.853274033352541,MUV_proxy,10.31359813003223,104.21841686410552,4.797616535011941,1.296917155812134,0.642452869122006,0.7363913725641278,0.09393850344212173,14.98940296360508,1.1757843349980082
32402,b'gds',4.942437648773193,-17.55627291774137,7.922509167096548,MUV_proxy,9.416752931973868,111.45010928298252,4.4863123348802825,1.1877238315255796,0.6167302549543489,0.6371447491593755,0.020414494205026612,1.7139786462811384,0.23400540693371458
35367,b'gds',5.489471912384033,-17.944753498605117,8.077901399442046,MUV_proxy,9.62684859068045,63.37424282665511,5.0,1.0409653083117558,0.6057032343180712,0.6392499862259211,0.03354675190784995,2.1728123277978084,0.33702221664651133
37563,b'gds',5.713144302368164,-18.666576660057665,8.366630664023065,MUV_proxy,9.93794509425988,144.5669394743945,3.4586054171020155,0.9894221907806818,0.6055960647316385,0.6394065081088912,0.0338104433772527,2.10306461474054,0.32285261619282357
39509,b'gds',4.2876787185668945,-17.16212068916509,7.764848275666035,MUV_proxy,9.193616147522723,107.79712363249557,4.638342686253963,1.4143383707725494,0.63224709867176,0.6468023941088195,0.014555295437059468,1.5800700383111022,0.19867633795308387
41129,b'gds',7.1333513259887695,-16.800949680769378,7.62037987230775,MUV_proxy,9.333715004906628,68.40762320978455,5.0,0.741940272477664,0.5673647545770526,0.5896227145693461,0.02225795999229352,1.443368310563662,0.15937716604529706
44531,b'gds',7.124074459075928,-17.667782455855026,7.96711298234201,MUV_proxy,9.679520428249601,98.9594943584412,5.0,0.7432122693946389,0.5713827303484854,0.6099957486033216,0.03861301825483621,1.8921731363070557,0.2769608723948316
45202,b'gds',7.131255626678467,-17.686303160663435,7.974521264265373,MUV_proxy,9.68764682693322,89.27772862245315,5.0,0.7422273075759379,0.5713587269439739,0.6104888836925886,0.03913015674861464,1.9067695292771156,0.2802982031603204
46221,b'gds',4.045229434967041,-99.0,,default_logMh,11.0,93.70175862178229,5.0,1.5170740352900913,0.700367207179587,1.0356745135340002,0.3353073063544132,81156.40665030459,4.909322809597233
46281,b'gds',4.789628028869629,-99.0,,default_logMh,11.0,98.64294721636861,5.0,1.2349504031532184,0.6828220580164304,1.0382638291307522,0.35544177111432185,17231.772371492803,4.2363299490424895
51983,b'gds',7.135305404663086,-99.0,,default_logMh,11.0,69.60012298027199,5.0,0.7416728004799437,0.636194138568918,1.0455168309452116,0.4093226923762936,850.9047267856623,2.9298809361743867
52017,b'gds',6.3311333656311035,-99.0,,default_logMh,11.0,146.5323076361852,3.4122167873136546,0.8670355486975789,0.6509531762035353,0.8650791541909335,0.21412597798739819,61.9088409535782,1.7917526733041793
64049,b'gds',5.271345615386963,-99.0,,default_logMh,11.0,81.54651482482295,5.0,1.0956741299436132,0.6722830364186433,1.0398545606881051,0.3675715242694618,7705.941162793877,3.886825688719092
65646,b'gds',5.6580657958984375,-99.0,,default_logMh,11.0,89.56483600565815,5.0,1.0017150168496964,0.6642242395562205,1.0410895270494216,0.37686528749320114,4399.063966873973,3.6433602771072136
66116,b'gds',6.84642219543457,-99.0,,default_logMh,11.0,102.6202347336458,4.872333427201434,0.7830292763129661,0.6413696886191997,1.02854270012378,0.38717301150458017,843.0803678873127,2.9258689763641534
