z,log_m_star,log_m_halo,gamma_t,age_standard,age_tep,Hd_standard,Hd_tep,mass_bin
7.496714153011233,9.937751723994804,11.937751723994804,0.9477295464192284,0.5591227258842929,0.5298971273950035,7.045856073787004,7.072532743810054,"(9.5, 10.0]"
6.861735698828816,9.712334914006735,11.712334914006735,0.8168581124924056,0.6226217682456515,0.5085936424058269,8.113177233214754,8.253344528555646,"(9.5, 10.0]"
7.6476885381006925,9.06829017769354,11.06829017769354,0.636274799620575,0.08350224656265821,0.053130375199523204,1.8306870432896847,0.6453511214635361,"(9.0, 9.5]"
8.523029856408025,10.95954574637894,12.95954574637894,8.140553697655225,0.4453350296923434,3.6252737226574054,6.881552745560608,0.7502421573393856,"(10.5, 11.0]"
6.765846625276664,9.817324458070662,11.817324458070662,0.8713422939251342,0.16151243959536815,0.14073261961447275,5.126423095211132,4.5477581816470956,"(9.5, 10.0]"
6.765863043050819,8.711680375207983,10.711680375207983,0.6155388832100672,0.29272746565273355,0.18018513729279692,8.419878530890449,6.637403800931329,"(8.5, 9.0]"
8.579212815507391,8.305347417861212,10.305347417861212,0.5603941446019481,0.4032053005767744,0.22595388951569287,7.855458868780339,6.29390310313852,"(8.0, 8.5]"
7.7674347291529084,8.458577417552997,10.458577417552997,0.5814307244071472,0.151535356865986,0.0881073123158858,5.082761214495764,2.9781428459869206,"(8.0, 8.5]"
6.530525614065048,8.737873185153525,10.737873185153525,0.6220722786146409,0.6282629241321842,0.3908249487840051,7.888260376411551,7.856428321061689,"(8.5, 9.0]"
7.542560043585965,8.482044119778667,10.482044119778667,0.5867063137042369,0.5277509993948696,0.30963484340869085,7.942504312930656,7.280483112347992,"(8.0, 8.5]"
6.536582307187538,8.559701072153917,10.559701072153917,0.6101700301957271,0.42088116688518085,0.25680907430714367,8.36806177930956,7.218091852404124,"(8.5, 9.0]"
6.5342702464297435,8.855285506081541,10.855285506081541,0.6318947993271309,0.08747212807061462,0.05527318281389812,2.3895467030878925,1.1339993834793958,"(8.5, 9.0]"
7.241962271566035,8.520120785884265,10.520120785884265,0.5943019713557404,0.23974462302129762,0.142480702083496,6.650233682143317,4.538709216458962,"(8.5, 9.0]"
5.086719755342202,10.690296273879275,12.690296273879275,2.560109597166639,0.6800924126955922,1.7411111127022,7.884518931887245,4.617731563721772,"(10.5, 11.0]"
5.275082167486968,8.240701236984927,10.240701236984927,0.6235894106539147,0.9687509688484506,0.6041028457346141,6.456977955594116,7.561362254302823,"(8.0, 8.5]"
6.437712470759028,9.573534168710765,11.573534168710765,0.7673820484859561,0.5137045515720211,0.39420765110189704,8.49418205101214,8.323962905286093,"(9.5, 10.0]"
5.987168879665576,9.231190480968985,11.231190480968985,0.6906706008492912,0.28685560919168507,0.1981227359574106,7.026075054873696,5.693383189811544,"(9.0, 9.5]"
7.314247332595274,10.94713585072582,12.94713585072582,6.761855171254789,0.43587686339346265,2.9473362227674027,7.5635344292403195,2.070425046781377,"(10.5, 11.0]"
6.091975924478789,8.336116706504157,10.336116706504157,0.6087419991645128,0.4847757464922864,0.29510335706618346,8.264914706403664,7.4650176121745915,"(8.0, 8.5]"
5.587696298664708,9.193566797137224,11.193566797137224,0.6919092881586622,0.7367568277901858,0.5097688922623415,7.115088925318407,7.549894189438539,"(9.0, 9.5]"
8.465648768921554,10.908411299826106,12.908411299826106,6.591434360096913,0.10964395596606503,0.7227109387316739,3.361898245352434,7.619792468240423,"(10.5, 11.0]"
6.774223699513464,10.59652137768194,12.59652137768194,2.3266199148362325,0.5627812755563255,1.3093781234062845,7.954985435456979,5.644841070129025,"(10.5, 11.0]"
7.067528204687924,10.45121621284784,12.45121621284784,1.7743899634617353,0.40031674087296076,0.7103180072106938,8.39202302618065,8.184203278090388,"(10.0, 10.5]"
5.575251813786544,8.77370848113482,10.77370848113482,0.6444568247797794,0.8883949804728687,0.5725322082658391,7.307110285050449,8.184060062220437,"(8.5, 9.0]"
6.455617275474817,8.512662762170198,10.512662762170198,0.6092235732132774,0.3157592563911583,0.19236798245378886,7.368689443418849,5.648415571978105,"(8.5, 9.0]"
7.110922589709866,10.005929659773294,12.005929659773294,1.0052769088971907,0.4515558671477832,0.453938686320714,8.376147459253612,8.379363054734345,"(10.0, 10.5]"
5.849006422577697,10.788127967382758,12.788127967382758,3.471083624027892,0.811922632584538,2.818251353941805,8.022676244812756,3.29246948988788,"(10.5, 11.0]"
7.3756980183456715,9.67028867904179,11.67028867904179,0.7927039343518988,0.12921646824382055,0.10243040275993374,4.2794372250878014,3.370050927113646,"(9.5, 10.0]"
6.399361310081195,9.7148380684097,11.7148380684097,0.8229250617703099,0.7266249378892541,0.597957871896362,7.5994587988837585,7.911655359207185,"(9.5, 10.0]"
6.708306250206723,8.839937280980852,10.839937280980852,0.6271573046707238,0.5229626051916512,0.32797981791557584,7.338620209542416,6.8195499054961966,"(8.5, 9.0]"
6.398293387770603,10.308478799575811,12.308478799575811,1.395057977091038,0.1319401222267567,0.1840641200108035,3.5535471098779743,4.946751613940393,"(10.0, 10.5]"
8.852278184508938,8.56113124567257,10.56113124567257,0.5685393584643735,0.18957696620754463,0.10778196674725965,5.44841578877122,3.1297378936262206,"(8.5, 9.0]"
6.986502775262066,8.97103770921273,10.97103770921273,0.6354339197966256,0.5082411800873793,0.3229536852649861,7.694652770455988,7.133206111542417,"(8.5, 9.0]"
5.9422890710441,9.27630931584925,11.27630931584925,0.6996540325584817,0.14478171164897208,0.10129710839592261,4.378563971239164,2.9566000798270253,"(9.0, 9.5]"
7.822544912103189,9.522831136053366,11.522831136053366,0.7321827614371951,0.3714927963842508,0.2720006215106464,7.762291172156918,6.977008434743244,"(9.5, 10.0]"
5.779156350028978,8.72722919724524,10.72722919724524,0.6365937618313812,0.3672948248594387,0.23381759425846838,7.978607728281126,6.689749214589793,"(8.5, 9.0]"
7.208863595004756,8.34451047421761,10.34451047421761,0.5865875200150541,0.43664080914245795,0.256128049372241,7.907613139461804,6.7142398814674396,"(8.0, 8.5]"
5.040329876120224,9.831860127324898,11.831860127324898,0.8931566832542726,0.15831509682969966,0.14140018679349356,5.091126773371475,4.616466583144056,"(9.5, 10.0]"
5.671813951101569,8.865891659720766,10.865891659720766,0.6501951047333085,0.7961316051318982,0.5176408723802316,7.4113050655807315,8.02908525293704,"(8.5, 9.0]"
7.1968612358691235,9.743714664267836,11.743714664267836,0.8284526322901968,0.6444425678215626,0.5338901416716273,6.823760498750031,7.0002109524794145,"(9.5, 10.0]"
7.738466579995411,8.463088145822606,10.463088145822606,0.5821789909101137,0.5829613562098638,0.33938785409784983,7.461675694935053,7.084675975500215,"(8.0, 8.5]"
7.17136828118997,9.443420305564452,11.443420305564452,0.7175788226439814,0.5155304140414566,0.3699337075450327,7.925550596643643,7.654526893632879,"(9.0, 9.5]"
6.88435171761176,9.597768297654758,11.597768297654758,0.7699511838230938,0.15863981847219236,0.1221449160341452,4.251663800433775,3.1674536811747798,"(9.5, 10.0]"
6.698896304410711,8.155470610467281,10.155470610467281,0.5899464501657267,0.569281723806275,0.3358457321037376,8.251122901865072,7.830723258147216,"(8.0, 8.5]"
5.521478009632572,9.009812834581762,11.009812834581762,0.6681587402334029,0.12365686179473628,0.082622412997987,4.587206069934283,3.1137763877756384,"(9.0, 9.5]"
6.280155791605291,8.403244030816923,10.403244030816923,0.6075622765727313,0.10312272706851756,0.06265347882413695,3.7255139376154345,2.175617915748435,"(8.0, 8.5]"
6.539361229040212,8.190124911418303,10.190124911418303,0.5942586807497019,0.29836651975251766,0.177306894408011,7.12140316055302,5.217085445662825,"(8.0, 8.5]"
8.057122226218915,10.969880697169836,12.969880697169836,8.06350592069815,0.3099044120024566,2.4989160610322876,8.077606618321193,3.7667679316606293,"(10.5, 11.0]"
7.343618289568461,8.967061534924168,10.967061534924168,0.6286338715663669,0.5114938915343233,0.321542385317769,8.073080966255239,7.501450675970201,"(8.5, 9.0]"
5.236959844637266,10.429623337563905,12.429623337563905,1.6021103949207038,0.714361403118735,1.1444858296666647,7.461216392737654,6.017114057879547,"(10.0, 10.5]"
7.3240839693947954,8.763921964291292,10.763921964291292,0.6091705201294795,0.3272728798214048,0.1993649904250778,7.163595710045972,5.499429574362089,"(8.5, 9.0]"
6.6149177195836835,10.044508166671788,12.044508166671788,1.0402232860414165,0.2611861361830451,0.2716919008487881,6.6644455547529695,6.793807913074099,"(10.0, 10.5]"
6.323077999694041,10.28068357966906,12.28068357966906,1.3425343452996046,0.7796219947136193,1.0466693042540207,7.237935833493625,6.325948369215235,"(10.0, 10.5]"
7.611676288840868,9.786916221823533,11.786916221823533,0.8475034623190463,0.30025917210038117,0.25447068794812344,7.331128502684739,6.812437536776748,"(9.5, 10.0]"
8.03099952249595,9.414728565650474,11.414728565650474,0.6976562490643754,0.2923546166159493,0.2039630252249367,7.249953585362838,5.978058955708013,"(9.0, 9.5]"
7.931280119116199,9.235522742441805,11.235522742441805,0.6588986618169682,0.1488571508166793,0.0980817774749966,4.5900520050989515,2.9340743451564153,"(9.0, 9.5]"
6.160782476777362,9.046604799628986,11.046604799628986,0.659905075829599,0.6609042717929976,0.436134083593664,7.990813435430962,8.16036847369681,"(9.0, 9.5]"
6.690787624148785,10.788587432743478,12.788587432743478,3.7436198865837382,0.5284928790559447,1.9784764519517288,8.586828759238657,4.52365650090629,"(10.5, 11.0]"
7.331263431403564,10.491858223363188,12.491858223363188,1.9305835542251473,0.1979578292879221,0.3821741296533716,6.252269435825272,8.256066671227721,"(10.0, 10.5]"
7.975545127122359,10.895080731999538,12.895080731999538,5.970576192156845,0.10616518557405168,0.6338673294243463,2.4826112458605882,7.092790270908545,"(10.5, 11.0]"
6.52082576215471,8.372891670456633,10.372891670456633,0.6013097949030564,0.5377121483945116,0.3233315816679856,6.708112786582521,6.163882046336561,"(8.0, 8.5]"
6.8143410233361825,10.192602425610932,12.192602425610932,1.2145202628898408,0.4913154085521358,0.5967125191565695,8.465968199673307,8.375822000016148,"(10.0, 10.5]"
5.893665025993972,10.815021370463114,12.815021370463114,3.7565580113199992,0.302944293488267,1.1380278126870265,6.587239086713463,5.523986933422556,"(10.5, 11.0]"
5.803793375919329,8.54369919849698,10.54369919849698,0.6245095875532892,0.8346363927047915,0.5212384293650345,7.139889365924559,7.88297026811135,"(8.5, 9.0]"
7.812525822394198,8.199488802100333,10.199488802100333,0.5699933505565873,0.14526716961501424,0.08280132073473404,3.9010187089351263,1.7702576992171966,"(8.0, 8.5]"
8.356240028570824,10.223361947870178,12.223361947870178,1.2876672079686216,0.2680608937716535,0.3451732226485183,6.0005530561036196,6.690179773816885,"(10.0, 10.5]"
6.927989878419666,9.723419339539735,11.723419339539735,0.8213046475874071,0.6590972714246264,0.5413196522332243,8.047496293292467,8.252836317449344,"(9.5, 10.0]"
8.003532897892024,10.525486330274816,12.525486330274816,2.121667448905904,0.2775630259260021,0.5888964371270242,7.392335710059152,8.301457751162244,"(10.5, 11.0]"
7.361636025047634,8.419317129878868,10.419317129878868,0.5869750704088337,0.43474760995062695,0.2551860089608414,7.650962335104498,6.448616616271601,"(8.0, 8.5]"
6.354880245394876,10.385801935579671,12.385801935579671,1.5571669773023042,0.3607322792187307,0.5617203928464017,6.384760150909397,6.665326731739325,"(10.0, 10.5]"
7.361395605508414,8.604881960143233,10.604881960143233,0.5970531788917995,0.22732082287297817,0.13572261992461132,6.046595407811047,3.929661849540771,"(8.5, 9.0]"
8.53803656646597,8.490967828597114,10.490967828597114,0.5697221191796739,0.518185844839907,0.2952219376511015,8.19254152632056,7.393819575926159,"(8.0, 8.5]"
6.964173960890048,8.492797393792978,10.492797393792978,0.5981345799170809,0.32732015997358177,0.19578150638419003,6.731188149705993,4.993189137976913,"(8.0, 8.5]"
8.564643655814006,10.443724160694146,12.443724160694146,1.8406441389573285,0.4742002515032781,0.8728339136215999,8.082446959147683,7.214763142061262,"(10.0, 10.5]"
4.380254895910255,9.9955916620886,11.9955916620886,0.9968434357883476,0.3913351709196079,0.3900998963243222,7.809767019313793,7.8051261320307095,"(9.5, 10.0]"
7.821902504375224,9.569196274307359,11.569196274307359,0.7479437707984955,0.17763354654698393,0.13285990462466124,5.621132390237079,4.404353554142163,"(9.5, 10.0]"
7.087047068238172,9.076491452370508,11.076491452370508,0.6469533036588505,0.0934713013133938,0.060471567181991974,2.821242546032919,1.540629519581101,"(9.0, 9.5]"
6.7009926495341325,10.631601622439325,12.631601622439325,2.5041706159776496,0.5003736749541052,1.2530210538288218,7.513457759571103,5.341584482195571,"(10.5, 11.0]"
7.091760776535502,9.177335322267906,11.177335322267906,0.6621339275267945,0.2951964207201251,0.19545956544326842,7.795954906481233,6.324238842084398,"(9.0, 9.5]"
5.012431085399108,10.44979831841473,12.44979831841473,1.6370624978272383,0.9237313564394894,1.5122059616941737,6.868413365345067,4.970707286759407,"(10.0, 10.5]"
6.780328112162488,9.317404725710656,11.317404725710656,0.6934842494758798,0.3795197155635136,0.2631909451088626,7.756411571993669,6.827548820315628,"(9.0, 9.5]"
7.357112571511746,9.130833288274722,11.130833288274722,0.6502631364556495,0.6229643667844991,0.405090763045396,7.391839021349513,7.397814151731053,"(9.0, 9.5]"
8.477894044741516,9.38803935700882,11.38803935700882,0.684545926635353,0.14648286492670154,0.10027424850745015,4.299378094234242,2.791219889920842,"(9.0, 9.5]"
6.481729781726353,8.904133622492425,10.904133622492425,0.6376265398339542,0.6685009373987909,0.4262539395893459,7.311043634169969,7.4788670192227595,"(8.5, 9.0]"
6.191506397106813,10.242828140528754,12.242828140528754,1.2773981790531201,0.6436719024922988,0.82222531615132,7.726789696572166,7.207109623394415,"(10.0, 10.5]"
6.498242956415464,9.508161170277438,11.508161170277438,0.7457963967983753,0.6007780573047125,0.4480581104133824,8.757313496062508,8.818065326479704,"(9.5, 10.0]"
7.915402117702074,8.696638085440451,10.696638085440451,0.5934279207064035,0.5015020364967454,0.2976053107482905,7.314048161912664,6.534935484023571,"(8.5, 9.0]"
7.3287511096596845,10.698723719823706,12.698723719823706,3.0696058633540635,0.5074905592519338,1.5577959962765686,7.192746422143939,4.118113047620712,"(10.5, 11.0]"
6.470239796232962,9.151673664119635,11.151673664119635,0.6688654272951294,0.5065810472838485,0.33883454865112544,8.735238092815923,8.286297317202402,"(9.0, 9.5]"
7.513267433113356,9.630658583341965,11.630658583341965,0.7747723772637559,0.14202052567473827,0.11003358029726526,4.286834077878957,3.2567715416906675,"(9.5, 10.0]"
7.0970775493480405,10.71941633289364,12.71941633289364,3.1902241046588076,0.09412940917156679,0.3002939100964242,2.451516302785382,6.911707971033896,"(10.5, 11.0]"
7.968644990532889,9.872713987741976,11.872713987741976,0.8981452182744926,0.5360226801143047,0.48142620703134065,8.506329873094618,8.515075506103226,"(9.5, 10.0]"
6.297946906122648,8.350694122125093,10.350694122125093,0.6049821532683176,0.5179424321940009,0.3133459278977563,7.693925687959859,7.058521158283022,"(8.0, 8.5]"
6.672337853402232,10.819496370840426,12.819496370840426,4.094869692165847,0.5970377156613579,2.444791646941625,8.821098865500655,4.015116189382216,"(10.5, 11.0]"
6.607891846867842,9.883124159214253,11.883124159214253,0.912512698508013,0.39795323237176367,0.3631373779515444,8.18005934112553,8.03178703412868,"(9.5, 10.0]"
5.536485051867881,9.00471684397126,11.00471684397126,0.6672611582728856,0.19961670129293027,0.13319647131533327,5.567268497920537,3.8811817271394586,"(9.0, 9.5]"
7.296120277064576,8.417816217990161,10.417816217990161,0.5881342912404426,0.14414658252155607,0.08477754814604735,5.532292138430401,3.5101308204382007,"(8.0, 8.5]"
7.261055272179889,10.382075567810888,12.382075567810888,1.5894177727852843,0.4699925997983789,0.7470145911971048,7.684697900187842,7.230580962363178,"(10.0, 10.5]"
7.005113456642461,9.860218267785541,11.860218267785541,0.8954537234075073,0.3375595122104691,0.30226892208048645,7.913317481078661,7.635552469853396,"(9.5, 10.0]"
6.765412866624852,9.600383275928964,11.600383275928964,0.7724197942610525,0.2071167407473074,0.15998107027605493,6.108583766207125,5.041637782820278,"(9.5, 10.0]"
5.584629257949586,10.681677749152874,12.681677749152874,2.606680219111029,0.5024033725873781,1.3096049333381867,8.650852626719665,6.2995622528363135,"(10.5, 11.0]"
6.579354677234641,10.365791633673592,12.365791633673592,1.520660763427956,0.12484624807739707,0.18984879091249063,4.6412700111142,6.387668092592093,"(10.0, 10.5]"
6.65728548347323,8.455024639198253,10.455024639198253,0.6022659770427182,0.4593781636233547,0.2766678385467094,7.993148899533244,7.018641190585059,"(8.0, 8.5]"
6.197722730778381,8.935166203386645,10.935166203386645,0.6463207490182347,0.2809172217507803,0.18156262917408586,6.673317815545685,5.045853137102394,"(8.5, 9.0]"
6.838714288333991,8.745467419443397,10.745467419443397,0.6167082181855231,0.5787655886064511,0.35692949489658,8.16770932413445,7.889778157566022,"(8.5, 9.0]"
7.404050856814538,10.231838877718031,12.231838877718031,1.2845825841165435,0.24601697893949584,0.3160291265426428,6.270313117324022,7.044541226137378,"(10.0, 10.5]"
8.88618590121053,8.100597304207339,10.100597304207339,0.548245330628535,0.25689997453634594,0.1408442114781412,7.76645348805599,5.363468846447734,"(8.0, 8.5]"
7.174577812831839,9.709669054613949,11.709669054613949,0.8123752949997007,0.08047835442267158,0.0653786269152083,2.3336001961191677,1.7415194143944912,"(9.5, 10.0]"
7.257550390722764,10.287376057222072,12.287376057222072,1.3799066714112491,0.11455919559187315,0.15808099826873193,3.3352016348065976,4.658978887101384,"(10.0, 10.5]"
6.925554084233833,10.630296910285248,12.630296910285248,2.5300615932835435,0.3193251281530148,0.8079122425102883,7.502135564028633,7.433062638060605,"(10.5, 11.0]"
5.081228784700959,9.026245246147722,11.026245246147722,0.6793650769780163,0.5552712473483488,0.3772318936984901,7.294797063343319,7.0865448547602,"(9.0, 9.5]"
6.973486124550783,10.46377191401604,12.46377191401604,1.8081513106034126,0.4433519368257485,0.8016473856300386,7.468966625662769,6.875361469615361,"(10.0, 10.5]"
7.060230209941026,8.331895210865621,10.331895210865621,0.5889294879129839,0.2506860309123835,0.14763639581216847,7.275526250299334,5.154146877479643,"(8.0, 8.5]"
9.463242112485286,10.539356875203554,12.539356875203554,2.3219517203903073,0.33339041311295786,0.7741164432892678,7.1854898546758115,7.12101379853757,"(10.5, 11.0]"
6.807639035218878,8.382465986995948,10.382465986995948,0.5959698565241056,0.6217093141590627,0.3705200107590767,7.337606679208936,7.205911235477771,"(8.0, 8.5]"
7.301547342333612,9.191861871681102,11.191861871681102,0.6610778322876837,0.5208257375948133,0.3443063496088132,8.263864965993994,7.8541100235382295,"(9.0, 9.5]"
6.965288230294757,10.391886097338661,12.391886097338661,1.6008842715820006,0.10082036269433153,0.16140173289254806,3.6256071419854896,5.5220969682091186,"(10.0, 10.5]"
5.831321962380468,8.44975228204632,10.44975228204632,0.619200462453088,0.4669070748107424,0.28910907664543023,8.344351889060377,7.496336637394416,"(8.0, 8.5]"
8.142822814515021,8.687754185697925,10.687754185697925,0.5888565303138534,0.11448932339036799,0.06741778572963279,4.013497086608882,2.251496523577651,"(8.5, 9.0]"
7.751933032686774,10.166757705179199,12.166757705179199,1.1905583213142181,0.19515787509320928,0.2323468321622211,5.34127110647684,6.023133390987696,"(10.0, 10.5]"
7.791031947043047,10.160109609638223,12.160109609638223,1.1816981781325133,0.5871280648626609,0.6938081645786744,7.213847264018094,6.976173651946459,"(10.0, 10.5]"
6.090612545205261,9.923442898655892,11.923442898655892,0.9420759549094474,0.19506104427516027,0.1837623195511556,6.468315637235797,6.223179541256318,"(9.5, 10.0]"
8.402794310936098,10.0818453334013,12.0818453334013,1.0865013169927205,0.29784211709381964,0.32360585247833507,7.061803007786509,7.281587028581018,"(10.0, 10.5]"
5.5981489372077196,9.628173330042788,11.628173330042788,0.7978950601402026,0.6036674584551904,0.4816632830687874,7.770791606305924,7.869825319261944,"(9.5, 10.0]"
7.58685709380027,8.755397176720859,10.755397176720859,0.6037626065647943,0.452723892727127,0.2733377575270905,8.632960382892481,7.628445837590818,"(8.5, 9.0]"
9.190455625809978,9.037087980511759,11.037087980511759,0.6077330576548028,0.2896393869247262,0.17602343023302636,7.420396320788615,5.57158513250744,"(9.0, 9.5]"
6.009463674869312,8.544793150404278,10.544793150404278,0.6201740391341188,0.09998750621263185,0.06200965559083569,3.2303416257203317,1.7689500881861073,"(8.5, 9.0]"
6.433702270397228,10.725351684000884,12.725351684000884,3.0856770787106504,0.30668773860578535,0.9463393253374753,8.38675418531122,7.951598511730014,"(10.5, 11.0]"
7.099651365087642,9.75017538429836,11.75017538429836,0.8325948147508464,0.3838677202859401,0.319606273460302,7.466512601966641,7.090251906403511,"(9.5, 10.0]"
6.496524345883801,9.20255425029092,11.20255425029092,0.6766129906160929,0.14279092220083237,0.09661419290313504,4.878024657280899,3.3423274256147875,"(9.0, 9.5]"
5.449336568933868,9.386017410932398,11.386017410932398,0.7310608205810482,0.39978792411324987,0.2922692878606263,7.875817994959923,7.197321971359115,"(9.0, 9.5]"
7.068562974806027,10.841850018835446,12.841850018835446,4.554825258171805,0.09503577860337759,0.4328713648126878,2.9541344695409077,8.069775042490583,"(10.5, 11.0]"
5.937696286273895,8.460054209348241,10.460054209348241,0.6173876330540375,0.153385027482849,0.09469801906356463,5.478821901059242,3.5714952244965623,"(8.0, 8.5]"
7.473592430635182,9.758689496050392,11.758689496050392,0.8335051677857638,0.2913052748113943,0.24280445195854922,7.413074561472275,6.816192611202565,"(9.5, 10.0]"
6.080575765766197,9.517666036653399,11.517666036653399,0.7548004415393312,0.18832910480349288,0.1421508914603834,5.843022395547818,4.664477044780531,"(9.5, 10.0]"
8.54993440501754,9.834362706303944,11.834362706303944,0.8691674315732597,0.3229942757098845,0.2807361050316256,7.97452574576247,7.584293883471448,"(9.5, 10.0]"
6.216746707663763,8.054330551462522,10.054330551462522,0.5971825089027748,0.5784190840049234,0.34542175978330497,7.755762033135308,7.410229463476731,"(8.0, 8.5]"
6.677938483794325,10.616371726832455,12.616371726832455,2.416843081749729,0.5990050276450447,1.4477011569972313,7.485022618366086,4.813401178741503,"(10.5, 11.0]"
7.81351721736967,10.796354847450838,12.796354847450838,4.20919718913811,0.17107164458176274,0.7200742855147896,4.651581728209147,7.090939534462518,"(10.5, 11.0]"
5.769135683566045,9.695399550767627,11.695399550767627,0.8216966759154526,0.22864659457186282,0.18787814671908784,5.3584152428473475,4.580826131161889,"(9.5, 10.0]"
7.22745993460413,10.089952471630676,12.089952471630676,1.0896273840213457,0.13392775725502162,0.14593135178563502,5.175833788494552,5.5333017924523675,"(10.0, 10.5]"
8.307142754282427,10.767498143531887,12.767498143531887,3.999863115808542,0.3691302514023964,1.4764704775135797,7.171105480803094,4.598887878285133,"(10.5, 11.0]"
5.3925167654387725,10.121715902940196,12.121715902940196,1.1106812743965762,0.7082241689660765,0.786611322545698,7.536540962873495,7.299096596418712,"(10.0, 10.5]"
7.184633858532305,8.457617128742784,10.457617128742784,0.5921410404975531,0.09206933377156863,0.054518031097413155,2.570450723882686,1.111712398439982,"(8.0, 8.5]"
7.259882794248424,9.728865080500439,11.728865080500439,0.8205745797888934,0.615457125075692,0.5050284717870663,8.027391032752755,8.153526518078856,"(9.5, 10.0]"
7.78182287177731,9.820145139148568,11.820145139148568,0.8654644770933242,0.09361515490996428,0.08102059109216277,3.1747031622970043,2.6942462570655388,"(9.5, 10.0]"
5.763049289121918,9.272392013907158,11.272392013907158,0.7021797500573074,0.5215761749488459,0.36624022816142704,8.425435101651098,8.138775337936798,"(9.0, 9.5]"
5.679543386915723,10.209332706874168,12.209332706874168,1.2188974098550167,0.6651742515816106,0.8107791723550744,7.470244400658604,7.039787916311696,"(10.0, 10.5]"
7.521941565616897,10.803101044307045,12.803101044307045,4.196080362032996,0.5511601188680371,2.312712151117942,7.889213478029591,3.2276753672662664,"(10.5, 11.0]"
7.296984673233186,10.776705538720329,12.776705538720329,3.802990174474,0.48337116766768456,1.838255801264229,8.137341946635724,4.371823297312388,"(10.5, 11.0]"
7.250492850345877,9.352518114212396,11.352518114212396,0.693745940739063,0.538380597225427,0.3734993538978124,7.860196551544696,7.6189526217339285,"(9.0, 9.5]"
7.346448209496976,8.339714137522266,10.339714137522266,0.5837850155807323,0.26517820335148135,0.15480706157521512,7.669777749713972,5.557128488538654,"(8.0, 8.5]"
6.319975278421509,10.954523596887004,12.954523596887004,6.172271700861083,0.6533804480457895,4.032841649368962,8.036041697434927,1.796913400588857,"(10.5, 11.0]"
7.232253697161004,10.516694259337802,12.516694259337802,2.0174756342847053,0.11955752646843038,0.241204396545407,4.054062383650112,6.905928017569049,"(10.5, 11.0]"
7.293072473298682,8.3739880436098,10.3739880436098,0.5862315267603404,0.5878998602519618,0.34464543265769837,8.254945038065262,7.9193366546401975,"(8.0, 8.5]"
6.285648581973632,10.762525647852117,12.762525647852117,3.3636756774910546,0.47090452256830734,1.5839700889835528,8.575031407618939,5.441411064574459,"(10.5, 11.0]"
8.865774511144757,10.609689086186386,12.609689086186386,2.674154640048052,0.4185121097121159,1.119166100102954,7.9930610442601875,6.361796022406921,"(10.5, 11.0]"
7.4738329209117875,9.556514171378216,11.556514171378216,0.747893234479667,0.32220961135128895,0.24097838841395194,6.78384568566509,5.886690259161061,"(9.5, 10.0]"
5.808696502797352,9.773826307234788,11.773826307234788,0.856682856036542,0.5956057868883328,0.5102452665833889,8.110428526960108,8.198873713223998,"(9.5, 10.0]"
7.65655360863383,9.19700811161039,11.19700811161039,0.6562085085554522,0.35209675994925416,0.23104888971350715,7.306887148022092,6.055014301140623,"(9.0, 9.5]"
6.025318329772679,8.164284916466094,10.164284916466094,0.6043028014420062,0.6333609529065739,0.3827417981654212,7.5720386904896895,7.519337115896548,"(8.0, 8.5]"
7.787084603742452,9.005591724937704,11.005591724937704,0.6256861190608605,0.10920589347368508,0.06832861166612376,3.6256404115688174,2.0825029828180166,"(9.0, 9.5]"
8.158595579007404,10.408560345794035,12.408560345794035,1.7049114505396106,0.09205389597292415,0.15694374131102054,3.327418349540669,5.430354024741927,"(10.0, 10.5]"
6.179317681648289,8.013896069013809,10.013896069013809,0.5970000255904103,0.2663302096074818,0.158999141951166,6.890999881895171,4.876681726973118,"(8.0, 8.5]"
7.963376129244322,9.000497515073432,11.000497515073432,0.6221270276213083,0.14596488857339085,0.09080870226523913,4.660578291317662,2.8157671279598966,"(9.0, 9.5]"
7.412780926936498,9.19450608077283,11.19450608077283,0.6597081510791063,0.562391240948675,0.37101408574933453,8.81113360888798,8.58281643948237,"(9.0, 9.5]"
7.82206015999449,9.61218680881377,11.61218680881377,0.7639198710128757,0.18083839061979046,0.13814604003644637,5.526330382761887,4.39659808545765,"(9.5, 10.0]"
8.896792982653947,10.759566849238281,12.759566849238281,4.073515274467557,0.4866376302388833,1.982325819908786,9.298226526606513,5.221267305119548,"(10.5, 11.0]"
6.754611883997129,9.039037983097884,11.039037983097884,0.6478766028580365,0.2944979391290865,0.1907983243516454,7.47360318711346,5.910136803864376,"(9.0, 9.5]"
6.246263835642511,9.040859605688683,11.040859605688683,0.6575474600659822,0.21677877412916133,0.14254233232484728,5.257644083397962,3.5264391942639226,"(9.0, 9.5]"
6.110485570374477,10.212503744329245,12.212503744329245,1.2310390483435785,0.6642158775020403,0.8176756817348065,8.14083828811479,7.685298990685524,"(10.0, 10.5]"
6.184189715034561,9.356653822669422,11.356653822669422,0.7118223363209103,0.560362808294246,0.39887876338735656,8.153067020905153,8.034829445211663,"(9.0, 9.5]"
6.922898290585896,8.673814468819947,10.673814468819947,0.6098241855011373,0.38474327854041346,0.2346257564629448,8.43670324296332,7.082513516805483,"(8.5, 9.0]"
7.341151974816643,9.35731854839808,11.35731854839808,0.6934646079725052,0.3888244301019941,0.2696359809908121,8.144505223389853,7.257157994106755,"(9.0, 9.5]"
7.276690799330019,8.422571061139399,10.422571061139399,0.5887211784793103,0.4881087273901002,0.2873599452151362,7.928665648051864,7.049580567323791,"(8.0, 8.5]"
7.827183249036024,8.52916095951867,10.52916095951867,0.5841135350550769,0.18553135855385847,0.10837137770846525,4.9000008365435965,2.6909823644594453,"(8.5, 9.0]"
7.013001891877907,9.495103318218439,11.495103318218439,0.734519045128156,0.6806299371828315,0.4999356515451702,7.617751375036379,7.895469805459154,"(9.0, 9.5]"
8.453534077157316,9.256776348513643,11.256776348513643,0.6551859489889343,0.5208101857670643,0.3412275158048972,7.570285286471191,7.141019209236283,"(9.0, 9.5]"
6.735343166762044,10.7445377032043,12.7445377032043,3.3219786276845964,0.4961850522826068,1.648316139059384,7.709435858901611,4.396652005616282,"(10.5, 11.0]"
9.720169166589619,9.0871816973499,11.0871816973499,0.6072972949659089,0.12722901677260592,0.07726583772717582,4.231559155968066,2.434481205929648,"(9.0, 9.5]"
7.625667347765006,9.74176505083413,11.74176505083413,0.823450140667487,0.4375848387172249,0.36032929699565847,8.77958495015881,8.513100664615436,"(9.5, 10.0]"
6.142842443583717,9.896792863758591,11.896792863758591,0.9239115406024755,0.1422255989413156,0.13140387223098068,4.594860026763355,4.26669463706578,"(9.5, 10.0]"
5.929107501938888,8.039283369765,10.039283369765,0.6030428214179401,0.11749347584914682,0.0708535971742701,3.019508385930607,1.2907420034098547,"(8.0, 8.5]"
7.482472415243185,9.990612116050132,11.990612116050132,0.9916137223553271,0.21325430168458034,0.21146589190173262,6.296427179463282,6.263380727491381,"(9.5, 10.0]"
6.776537214674149,8.534107900609254,10.534107900609254,0.6039885361574007,0.3730758131538108,0.2253335142625021,8.339661484354552,6.884840662703887,"(8.5, 9.0]"
7.714000494092092,10.883210952408366,12.883210952408366,5.573680771978484,0.5315788815943714,2.9628509911323753,7.684649373451541,2.1262599041157286,"(10.5, 11.0]"
7.473237624573545,8.445988183259338,10.445988183259338,0.5861705939931681,0.4756579412378492,0.2788166979529575,7.924753840401666,6.959798096501481,"(8.0, 8.5]"
6.927171087343127,9.243872371181071,11.243872371181071,0.6765390574448926,0.5352640189502775,0.3621270148647859,7.9942892063101905,7.694937897912592,"(9.0, 9.5]"
6.153206281931595,8.256049004235932,10.256049004235932,0.6044961881604773,0.3961705099971761,0.23948356315488525,7.442464898370512,6.120137196040494,"(8.0, 8.5]"
5.485152775314136,10.990622755537842,12.990622755537842,6.297018199447444,0.39257302439788816,2.4720394792456273,8.146141929419038,3.3852731593980394,"(10.5, 11.0]"
6.553485047932979,9.506585030993728,11.506585030993728,0.7445226789118724,0.3289857793569888,0.24493737377077549,7.422294009542031,6.5330639270936635,"(9.5, 10.0]"
7.856398794323472,9.786155051960131,11.786155051960131,0.845099191432117,0.5811483349667321,0.4911279879825064,8.143898416417217,8.208528270678888,"(9.5, 10.0]"
7.214093744130204,8.201229432165283,10.201229432165283,0.5812286430353188,0.0965585466653161,0.05612259305174419,2.4326023214471566,0.8681293005215884,"(8.0, 8.5]"
5.7542612212880115,10.249881411197533,12.249881411197533,1.2783453554052597,0.7780763798432284,0.9946503263231297,7.218202051446853,6.482030989566503,"(10.0, 10.5]"
7.173180925851182,8.629716779286758,10.629716779286758,0.6021348173675556,0.4146167732083987,0.24965519501336436,8.253437914030659,7.022107827215604,"(8.5, 9.0]"
7.3853173797288365,10.694162868322142,12.694162868322142,3.044744755920951,0.31956000023745174,0.972978634925079,7.225230168143335,6.5898708202632665,"(10.5, 11.0]"
6.116142563798867,8.615418921446022,10.615418921446022,0.6220318443361875,0.6166857490111436,0.3835981738332449,8.734724897163336,8.650651711042897,"(8.5, 9.0]"
7.153725105945528,8.572063161991,10.572063161991,0.5989155765293663,0.3616966729018968,0.21662577137979314,7.485530924215134,5.935466855393038,"(8.5, 9.0]"
7.058208718446,8.109649003544284,10.109649003544284,0.581471165586787,0.6009298994965799,0.3494234090962271,8.013528371973834,7.729262717867052,"(8.0, 8.5]"
5.857029702169377,9.416200835329997,11.416200835329997,0.7310825654227219,0.7864787993410168,0.5749809382728127,7.876443323471133,8.40954668957325,"(9.0, 9.5]"
7.357787360348283,9.69452339978785,11.69452339978785,0.8035569456093467,0.31151520665530696,0.2503202079708029,6.636783866751485,5.961038402212848,"(9.5, 10.0]"
7.560784526368234,8.197125918285057,10.197125918285057,0.5745441173808498,0.2208546977420411,0.12689076738361538,5.329524008884194,3.0460299898491616,"(8.0, 8.5]"
8.083051243175277,10.326582850085032,12.326582850085032,1.4865563744088774,0.36072689800963303,0.5362408696569609,6.917424717755804,7.223384058106288,"(10.0, 10.5]"
8.053802052034904,9.359866504244083,11.359866504244083,0.6835308313381906,0.5241817340238949,0.3582943764296472,8.625216493356012,8.2985316020705,"(9.0, 9.5]"
5.6223306320429085,9.57317080798274,11.57317080798274,0.7788110066817702,0.2711685980379821,0.21118908881844511,6.662921867845121,5.7599977190448115,"(9.5, 10.0]"
6.062174960084877,9.322288240814684,11.322288240814684,0.7065878607709782,0.548723122317083,0.3877210971535995,9.254349174247142,9.082742850860237,"(9.0, 9.5]"
7.51503526720866,9.202289182625979,11.202289182625979,0.659403552359021,0.41918336690210656,0.27641100122506396,7.622141235672228,6.71759854028769,"(9.0, 9.5]"
7.513785950912209,9.678920993924654,11.678920993924654,0.7949542615179357,0.4755549471655583,0.3780444318351973,8.083969701363001,7.855949523155998,"(9.5, 10.0]"
7.515047686306048,8.465720737792138,10.465720737792138,0.5863776507541504,0.14215480504160266,0.08335640062370922,5.1664990050764406,3.147799387126039,"(8.0, 8.5]"
10.85273149065472,8.545784391485814,10.545784391485814,0.5373289594307092,0.28343184616863754,0.15229613897131886,8.080352731764863,5.68763918290208,"(8.5, 9.0]"
7.570890510693167,10.585356863040552,12.585356863040552,2.3667269917124045,0.5673245427295213,1.3427023083388554,8.984507367281594,6.576894595453664,"(10.5, 11.0]"
8.135565640180598,10.838346386400898,12.838346386400898,4.959956674697568,0.15189215509941323,0.7533785085195329,5.277596095224408,8.118199253548491,"(10.5, 11.0]"
7.954001763493203,9.119927948839258,11.119927948839258,0.6388238146264025,0.18626888442950404,0.11899299929746028,6.040566634285067,4.179808009515231,"(9.0, 9.5]"
7.651391251305798,8.812234019430662,10.812234019430662,0.6074739657974565,0.593155517028612,0.3603265342640117,8.211045220425023,7.974397233413453,"(8.5, 9.0]"
6.684730755359654,9.931998629717047,11.931998629717047,0.945980300390198,0.1977542744925643,0.18707164798792164,6.162506906255632,5.935457759316755,"(9.5, 10.0]"
7.758969220493267,9.22620251329429,11.22620251329429,0.6598324396162729,0.520111151400683,0.3431862099003413,7.7202585312939185,7.303162549408876,"(9.0, 9.5]"
6.227174785462428,8.076159066981035,10.076159066981035,0.5975180699216883,0.43743186543253804,0.26137344395549383,7.535248542058834,6.4089823420656815,"(8.0, 8.5]"
6.763181393259991,8.46845779209857,10.46845779209857,0.6008227744336618,0.23693604557329617,0.14235657226468834,6.4719336976262705,4.3996832971279165,"(8.0, 8.5]"
6.514636452170897,10.147916686542192,12.147916686542192,1.1516803645076035,0.6655356858539594,0.7664843812771058,7.675789514403886,7.388340332258818,"(10.0, 10.5]"
7.081874139386323,9.976771825730454,11.976771825730454,0.9800757566915668,0.3417472489606447,0.3349381936223651,7.342999089972934,7.297972698871893,"(9.5, 10.0]"
9.314658566673508,8.081287977510451,10.081287977510451,0.5406702908077969,0.26579056488770797,0.1437050620118057,7.221894424902399,4.7889913400501625,"(8.0, 8.5]"
5.1327348074082515,8.665916485798848,10.665916485798848,0.6466667593798119,0.43889793548727973,0.2838207056400489,8.424695520358432,7.5591274604016805,"(8.5, 9.0]"
7.686260190374513,8.693224389764215,10.693224389764215,0.5971954897884978,0.38607640432211576,0.23056308737492803,7.841372610061377,6.417045170748258,"(8.5, 9.0]"
5.387284128810348,10.015678230796185,12.015678230796185,1.0125195733673804,0.24605700023129742,0.2491375288982507,7.348512896638062,7.39240675494841,"(10.0, 10.5]"
6.528068134210566,8.059131613263093,10.059131613263093,0.5907703802973325,0.34401382796933566,0.20323317997698556,7.0131111200672995,5.312577645820851,"(8.0, 8.5]"
8.088950596967367,8.312325745953721,10.312325745953721,0.5691483877824851,0.5497999594747998,0.31291776053795795,7.877339208606345,7.260928535292085,"(8.0, 8.5]"
7.064280019095463,10.399748256119569,12.399748256119569,1.626106551294963,0.2303394189231016,0.3745564381323305,6.010806397093091,7.389719768215045,"(10.0, 10.5]"
5.922255222070694,8.535633986163,10.535633986163,0.621531276896571,0.5909657914790993,0.3673037229801973,6.985194525290552,6.780536856201735,"(8.5, 9.0]"
6.284696290740031,9.958238323555625,11.958238323555625,0.9666959952530136,0.3152549920398913,0.3047557382884836,7.335745090265857,7.245720485379024,"(9.5, 10.0]"
7.679597748934675,8.71454834314018,10.71454834314018,0.5989077641761148,0.48370880711803005,0.28969696018335495,7.935329123631885,7.081994692571554,"(8.5, 9.0]"
6.2696333682828636,8.298324178278035,10.298324178278035,0.60354933628327,0.17973800295882925,0.1084807523906818,6.137289766211441,4.0637064757187655,"(8.0, 8.5]"
7.216458589581975,8.729516572998362,10.729516572998362,0.6084070295727477,0.6399926005624105,0.3893759970567142,8.137031506638698,8.125434220159075,"(8.5, 9.0]"
7.045571839903814,10.166800795566978,12.166800795566978,1.182090586535546,0.3491827543499806,0.41276564689766604,7.103397826545538,7.375044376175688,"(10.0, 10.5]"
6.348399652394183,10.567089404318857,12.567089404318857,2.1393418065961427,0.24955277228313627,0.5338786786972806,7.58652623561309,8.914998698739703,"(10.5, 11.0]"
9.143944089325325,10.490659593700975,12.490659593700975,2.0613242705905273,0.08455293771471568,0.1742910226610726,3.0333564178313828,5.862627594557824,"(10.0, 10.5]"
7.633919022318011,9.191550588855364,11.191550588855364,0.6556226830952114,0.15995035996597948,0.10486708416294035,5.182231325641055,3.4698109992831085,"(9.0, 9.5]"
4.974857413342393,10.004255409711938,12.004255409711938,1.0032428054725753,0.6076809311457374,0.6096515221948364,7.775494072083198,7.771750997808208,"(10.0, 10.5]"
7.186454314769428,8.614952886247464,10.614952886247464,0.6009359452823951,0.2715574067121796,0.16318860690101947,6.463734248833292,4.495905526739306,"(8.5, 9.0]"
6.338213535231612,8.87944319078304,10.87944319078304,0.6379776157395436,0.6606833497309923,0.4215011882201935,7.586782990500138,7.723947386515849,"(8.5, 9.0]"
7.852433334796224,10.68900745556336,12.68900745556336,3.0964346498531747,0.2905411137408939,0.8996415717942363,7.695819171400299,7.575409850699254,"(10.5, 11.0]"
6.2074792615673,8.039005770532208,10.039005770532208,0.5970001951398799,0.26591744586028543,0.15875276706968885,7.817563101844751,5.801803785269903,"(8.0, 8.5]"
6.885263558533101,8.256525592563404,10.256525592563404,0.5895115685002301,0.46146477992738694,0.2720388262226074,8.75108228891983,7.720755156751291,"(8.0, 8.5]"
7.504987278980457,8.623658765438082,10.623658765438082,0.5956308826546514,0.4616761346242487,0.27498856356682894,7.735262746086848,6.739033832397593,"(8.5, 9.0]"
7.865755194170122,8.07959661162146,10.07959661162146,0.5654105303631748,0.15229482506473277,0.08610909781141748,4.124747706609282,1.9227652323896265,"(8.0, 8.5]"
5.7997035929442236,8.544306305269393,10.544306305269393,0.6246307937893616,0.227213644256641,0.1419246389717993,6.388382929879326,4.459117833760214,"(8.5, 9.0]"
6.665498764159052,9.749124682909077,11.749124682909077,0.8362355283459183,0.10488254737795208,0.08770651242086756,2.295095535703571,1.6594044149788596,"(9.5, 10.0]"
6.5250546888390435,9.264273651777494,11.264273651777494,0.6871518380383598,0.5745453531053896,0.3947998954227669,8.105457326724052,7.991647677228021,"(9.0, 9.5]"
6.346670767426288,10.678015133230925,12.678015133230925,2.7271424945463956,0.5454025521990331,1.487390476736042,7.904648024908766,5.0457421785201175,"(10.5, 11.0]"
8.765454240281096,10.452330685215323,12.452330685215323,1.8834119921612882,0.2704411597597679,0.5093521234655537,6.697182430202811,7.766191807694975,"(10.0, 10.5]"
7.404981710960955,9.025452055093627,11.025452055093627,0.6346658337670803,0.5475736675192866,0.34752629824502607,7.179028366262974,6.8082091633364215,"(9.0, 9.5]"
5.739116045664955,8.778270300293878,10.778270300293878,0.641319750280543,0.732409345133594,0.46970857832421253,7.834047150536888,8.244120304178894,"(8.5, 9.0]"
7.917861947054776,9.1390772245018,11.1390772245018,0.6423908432953198,0.36719196131062853,0.23588075367759712,7.446904132377905,6.190910716893162,"(9.0, 9.5]"
9.122156197012632,9.770884827544423,11.770884827544423,0.8264177311164946,0.4244694005655713,0.35078903894377794,7.332198821228542,7.040006638378416,"(9.5, 10.0]"
8.032465260551147,8.804190922468628,10.804190922468628,0.6001899983914841,0.16776814849540378,0.10069276477559866,3.6559604286256917,1.5919797495075967,"(8.5, 9.0]"
5.480630034045987,9.872446723547402,11.872446723547402,0.9125712753311296,0.19770356342587783,0.1804185930130622,5.75853013410927,5.3825325397249,"(9.5, 10.0]"
6.5157659271337485,9.228234956573722,11.228234956573722,0.6807182388125389,0.26378182463954913,0.17956109909939186,7.734772366614537,6.26259157961961,"(9.0, 9.5]"
8.266911149186623,9.656141542555941,11.656141542555941,0.7769963170047867,0.0888493004352233,0.06903557920662029,3.4177536387858654,2.6477762019624596,"(9.5, 10.0]"
6.292330534381219,9.30837958740595,11.30837958740595,0.6997757950783374,0.4587751116283736,0.3210397185018981,7.747905078997904,7.194672324945575,"(9.0, 9.5]"
7.443819428146228,8.883397278625752,10.883397278625752,0.6178666248429021,0.5956619452203739,0.36803963564067005,7.609381366647782,7.416308097221736,"(8.5, 9.0]"
7.774634053429336,10.84535992088647,12.84535992088647,4.91805062851244,0.08704224001045752,0.42807814319056126,2.752657977594175,8.159734379969908,"(10.5, 11.0]"
6.073069528421917,10.290817382479283,12.290817382479283,1.3531733005279243,0.18086618995695758,0.2447432992179668,4.907400059094946,6.091521463247568,"(10.0, 10.5]"
6.9404746439382,8.420339527299358,10.420339527299358,0.5950540007311356,0.3551631561001024,0.21134125694966274,7.800892791153954,6.189656561599549,"(8.0, 8.5]"
5.97561235866571,10.605403927693738,12.605403927693738,2.266369156102663,0.791310317287478,1.793401296006152,7.777671601017652,4.7162937728515,"(10.5, 11.0]"
6.74743184860684,9.462293594748541,11.462293594748541,0.7289776735996792,0.28166585365426994,0.2053281187293574,7.671673486514262,6.537881250337923,"(9.0, 9.5]"
5.7522168180351505,10.683656680682274,12.683656680682274,2.6504845754694073,0.4961034455357484,1.3149145302297285,7.9496105265076356,5.582041891549373,"(10.5, 11.0]"
8.632411303931635,10.399565767841946,12.399565767841946,1.7006936217754065,0.0766907923170157,0.13042754134245094,2.0158808696089427,3.9369053416170168,"(10.0, 10.5]"
5.5698586220393675,9.2756405134077,11.2756405134077,0.7063589080662258,0.22347178831117337,0.1578512883750872,5.815997711437158,4.396520043914078,"(9.0, 9.5]"
6.5599555133030165,8.067407924960353,10.067407924960353,0.5903260390178926,0.7363154756843622,0.4346661982283249,7.152199398883536,7.5256177555897406,"(8.0, 8.5]"
7.130740577286091,8.80603207815484,10.80603207815484,0.6162537105057294,0.6473542369726012,0.3989344505459707,7.691517971514119,7.731199356556276,"(8.5, 9.0]"
8.441273289066116,9.624902643982601,11.624902643982601,0.7619810801865099,0.061653524949842574,0.046978819538586986,1.710743373043373,1.1501103157822634,"(9.5, 10.0]"
5.564137848820561,9.900434659478442,11.900434659478442,0.929240302855886,0.8814976864542212,0.8191231771274834,7.5502283738721285,7.760639654179457,"(9.5, 10.0]"
8.16316375215496,8.773663056299608,10.773663056299608,0.5953196451146993,0.37921103253172794,0.22575177731036694,7.367146321687705,5.891961611957227,"(8.5, 9.0]"
7.010233061019587,8.418068222218473,10.418068222218473,0.5935970798199246,0.6029966004588196,0.35793702117369713,8.643781258254979,8.411644108060656,"(8.0, 8.5]"
6.018491348952049,10.504790710397897,12.504790710397897,1.8712678411481338,0.4292840955403903,0.8033055227010955,7.792413954231565,7.220206920192402,"(10.5, 11.0]"
7.46210347426327,10.953206542110657,12.953206542110657,7.041168395090783,0.35827009115674546,2.52264004275917,7.656424310626076,2.976213263120774,"(10.5, 11.0]"
7.19905969557347,9.577070546908057,11.577070546908057,0.7585436535691136,0.35997599650117074,0.2730575075831805,7.302665204899908,6.587473526522524,"(9.5, 10.0]"
6.399783122841205,8.515037857544911,10.515037857544911,0.6104822261481734,0.541634050843161,0.33065796111638585,6.7697144087518035,6.282632506856345,"(8.5, 9.0]"
7.069802084990019,8.816921979558106,10.816921979558106,0.6183312949748041,0.15894467639968216,0.09828046758756664,5.306624766784317,3.3818807736344842,"(8.5, 9.0]"
6.61468640313824,8.0551720296424,10.0551720296424,0.5888881888134334,0.10154563498226066,0.059799025066613505,3.4275285910034365,1.8230091858181656,"(8.0, 8.5]"
7.113517345251248,10.742896419681497,12.742896419681497,3.404217476576147,0.2579099507945983,0.8779815618778656,6.6324414652256785,6.964817152356815,"(10.5, 11.0]"
7.6621306745210465,8.353253248670423,10.353253248670423,0.5784924679071745,0.4480263332664068,0.25917985921868586,7.995658699077303,6.823232637551703,"(8.0, 8.5]"
8.586016816145353,9.72954942654276,11.72954942654276,0.8084789736183681,0.151580072553384,0.12254930147895765,4.922726988707361,4.04355671243795,"(9.5, 10.0]"
5.7621845011731505,8.822165662061618,10.822165662061618,0.6444414232211904,0.6251320092149237,0.40286096171958774,7.0726859941864975,7.076117567903283,"(8.5, 9.0]"
9.133033374656266,9.66253400754738,11.66253400754738,0.7709702166931918,0.46715053066858225,0.3601591458578964,7.720570497434811,7.412718793053497,"(9.5, 10.0]"
5.047912200477498,9.954261165055593,11.954261165055593,0.9668619588557005,0.20258781448922092,0.1958744511573434,6.267804362161893,6.131706431551197,"(9.5, 10.0]"
6.848214904964417,10.489225411121605,12.489225411121605,1.8843980951021304,0.49946539440909277,0.9411916377939287,7.372819962040937,6.259865982390712,"(10.0, 10.5]"
7.588317206484576,8.61926381528181,10.61926381528181,0.5938386087496449,0.3110960576044908,0.1847408500353502,7.489193440090885,5.641275289700417,"(8.5, 9.0]"
7.2809918677350325,8.032987485975442,10.032987485975442,0.5751157041651749,0.5737769252463198,0.32998812039676617,7.266673062786318,6.81168339483196,"(8.0, 8.5]"
6.377300480179406,8.410656890206422,10.410656890206422,0.6058803930549792,0.20761550963751663,0.1257901665834884,6.201701827801049,4.124254147744698,"(8.0, 8.5]"
6.791877749642724,10.700055925544316,12.700055925544316,2.9688508854172784,0.5175695690860603,1.5365868734461894,7.979054109192493,4.964821800562834,"(10.5, 11.0]"
6.506999065341167,10.621670232687546,12.621670232687546,2.4211235734416032,0.6447062048111744,1.5609133904124046,7.003321378053632,4.108903917519043,"(10.5, 11.0]"
6.410635243055788,9.792239306510925,11.792239306510925,0.8605061203211578,0.7300081371945214,0.6281764699401331,8.1667110720524,8.429899447541624,"(9.5, 10.0]"
7.849602097021025,9.80155058130096,11.80155058130096,0.8539503744399197,0.4226432499757885,0.36091636157132917,7.5455292693508245,7.313956808557041,"(9.5, 10.0]"
7.357015485965047,9.995110023638766,11.995110023638766,0.995640383644749,0.3545570779409167,0.3530113451050555,7.241468429869982,7.232695517271205,"(9.5, 10.0]"
6.307090404739346,8.52611383587035,10.52611383587035,0.6129654193458803,0.517804974737315,0.3173965434792413,8.09707053328746,7.49472943213234,"(8.5, 9.0]"
7.899599875433251,10.74323583777488,12.74323583777488,3.6109445618794753,0.5153471854818562,1.860890116895602,8.57197322991734,4.754157989146265,"(10.5, 11.0]"
7.307299520876609,9.25631157467622,11.25631157467622,0.6726658412038572,0.39997187860563677,0.2690474201801477,7.3400154763864895,6.4055755633581315,"(9.0, 9.5]"
7.81286211883896,9.149415584748493,11.149415584748493,0.6457224609629427,0.08176308514983249,0.052796260558872474,2.3459951204575926,1.2151423646687174,"(9.0, 9.5]"
7.629628841923612,9.556753115848512,11.556753115848512,0.7459900040892289,0.5734382733860391,0.4277792199081717,8.159849903179715,8.139095623800275,"(9.5, 10.0]"
6.171004989077927,8.140897900325164,10.140897900325164,0.6004862685483054,0.5840054417754454,0.3506872485436419,8.27626830188886,7.970922031345945,"(8.0, 8.5]"
6.439818959803031,8.498850106268238,10.498850106268238,0.6088253341074538,0.5438145523285431,0.3310880765139207,8.06812881394624,7.58602593112955,"(8.0, 8.5]"
7.747293605123262,10.214100849279111,12.214100849279111,1.2618486591528988,0.18128129491094774,0.22874955891288062,5.232606161474548,6.15976967613704,"(10.0, 10.5]"
7.610370265433465,8.24839600377538,10.24839600377538,0.5753765131354337,0.42712335535723006,0.2457567468841498,7.509432767250929,6.191619210244063,"(8.0, 8.5]"
6.979098406035852,9.809456328399165,11.809456328399165,0.8652158965816592,0.31695205351512057,0.2742319551554831,7.433941019927103,7.017803420491909,"(9.5, 10.0]"
7.117327383308782,8.736047329043963,10.736047329043963,0.6107428509964286,0.4621006028661984,0.28222463964167044,7.4440696007975875,6.528210577093537,"(8.5, 9.0]"
8.277664895788424,9.16788684212593,11.16788684212593,0.6414821922199887,0.11280915716021009,0.0723650654376208,1.9971007245628445,0.48743567226169904,"(9.0, 9.5]"
6.40842861116417,8.8660812103121,10.8660812103121,0.6353388291201714,0.5345280426116416,0.3396064207247774,8.205764851509795,7.77405277096643,"(8.5, 9.0]"
7.547097381170038,9.067018149394848,11.067018149394848,0.637779150218275,0.6194926260587343,0.3950994806142272,8.31755827433023,8.283098637213838,"(9.0, 9.5]"
6.797807347566106,10.157137715552736,12.157137715552736,1.1664374824889212,0.10952074774153261,0.1277491052759375,2.16202752085543,2.7724253380838286,"(10.0, 10.5]"
6.782318796772779,8.891365146869525,10.891365146869525,0.6306600984350827,0.6989792100617792,0.4408182974216381,7.168061248314357,7.445594392694841,"(8.5, 9.0]"
8.098776851987191,9.699213920890692,11.699213920890692,0.7981647534891897,0.26678132775489966,0.2129354527030082,7.1954897492435945,6.377842134321826,"(9.5, 10.0]"
7.82541634898803,9.428151206597299,11.428151206597299,0.7041122283844803,0.5228364841170691,0.36813556191237645,9.02334778326663,8.746630167080605,"(9.0, 9.5]"
7.813509636000639,9.991013496087945,11.991013496087945,0.9918137928236499,0.47740430857368343,0.4734961779968171,8.00327358177637,8.000661605136754,"(9.5, 10.0]"
8.30547880715433,10.810489217974274,12.810489217974274,4.584846430195832,0.3355694745474769,1.5385345074616903,7.16488422728076,4.61330618014298,"(10.5, 11.0]"
7.021003841632759,10.197716291630751,12.197716291630751,1.2250295875284267,0.5233139491957111,0.641075071331094,7.90291639238505,7.727731260526831,"(10.0, 10.5]"
7.6819529712949635,8.64482113577227,10.64482113577227,0.593855302997696,0.5400402016650465,0.320705737590733,8.670624336209464,8.108059928909174,"(8.5, 9.0]"
6.689733243406544,8.093549405183854,10.093549405183854,0.5883672929388079,0.34165200741167556,0.20101686672791708,7.24602138471462,5.516411354553983,"(8.0, 8.5]"
7.324166352488442,8.786792132899475,10.786792132899475,0.6110751145650294,0.2591264589057106,0.1583457305626375,6.389445195696066,4.449095337250063,"(8.5, 9.0]"
6.869856945632315,9.785233792100765,11.785233792100765,0.8528020636734613,0.49428208004731605,0.42152477790116216,7.758049116758977,7.668736825863007,"(9.5, 10.0]"
7.096995964992718,8.15427744045275,10.15427744045275,0.5820159069073824,0.5574283942810752,0.32443219243342586,7.4892620413605915,6.972510960695168,"(8.0, 8.5]"
7.595157025436913,9.489098741603708,11.489098741603708,0.7246582142722326,0.4847491253046608,0.35127743551330226,8.057983910140713,7.689150548573088,"(9.0, 9.5]"
6.181779316766527,9.790528546750668,11.790528546750668,0.8616301557832587,0.6601577342734104,0.5688118114235218,8.586513438257857,8.764126899124983,"(9.5, 10.0]"
9.09238727568546,9.002731672450883,11.002731672450883,0.6046292954549286,0.24062500119213662,0.1454889249396429,6.691344824666944,4.6540080976488625,"(9.0, 9.5]"
5.993982618500298,10.312736611237465,12.312736611237465,1.3900480493182679,0.7018186141271779,0.9755615955427338,7.5388997248016265,6.641107307460536,"(10.0, 10.5]"
5.785811387212268,8.319794759401315,10.319794759401315,0.6147488927836633,0.1909850976352054,0.11740787730942236,5.485487059141862,3.468659838085697,"(8.0, 8.5]"
8.158110873500068,8.225413345207427,10.225413345207427,0.5646884094380291,0.3325237975961878,0.1877723343648844,6.726310393309011,4.780088757853528,"(8.0, 8.5]"
7.791662693962936,10.18456626861081,12.18456626861081,1.2168558836778793,0.06905315438271815,0.08402773719712753,2.2593932062058966,2.8441788905640433,"(10.0, 10.5]"
7.624119817052155,9.486473948618595,11.486473948618595,0.7234768913775461,0.24438406335161797,0.17680622245584185,6.546557671588598,5.273084822093784,"(9.0, 9.5]"
7.62834550926428,10.065207189283209,12.065207189283209,1.0644928555074606,0.2669502733289269,0.2841666587344065,6.797745517543261,6.994932344702685,"(10.0, 10.5]"
6.987753227153085,9.304482015811239,11.304482015811239,0.6874209880200001,0.31784453421431985,0.21849300374636446,8.994588151236139,7.765078020004665,"(9.0, 9.5]"
6.102745628514168,8.73920609971732,10.73920609971732,0.6307409586430993,0.596762877763562,0.3764027896032038,8.057950627880341,7.905811633571054,"(8.5, 9.0]"
7.075804558193727,10.457306953022599,12.457306953022599,1.7941569185017936,0.3080895396702225,0.5527609791173625,6.9406522149514895,7.595195283734532,"(10.0, 10.5]"
6.322838288487889,10.398247636906937,12.398247636906937,1.585619115972682,0.39860650644454065,0.6320380963695518,7.630147651713357,7.6260492419973405,"(10.0, 10.5]"
7.975119733417751,10.08408941256328,12.08408941256328,1.0870015547478935,0.18561148890397555,0.2017599770176928,6.08815701215182,6.4284549855655335,"(10.0, 10.5]"
6.8529426184978615,8.816435411689888,10.816435411689888,0.6223227990002008,0.31172777885411607,0.19399530386260913,7.4043984675771535,5.751963778104835,"(8.5, 9.0]"
6.1745028032074885,9.770692000607262,11.770692000607262,0.8516116577434911,0.2523882510240468,0.21493677684956886,5.9797148665024995,5.385692238308433,"(9.5, 10.0]"
6.678614158347006,9.082921690820081,11.082921690820081,0.6550813665300248,0.12824804091220873,0.08401290189556823,4.429407120081845,2.861667047927408,"(9.0, 9.5]"
7.412931454275625,8.274746219979903,10.274746219979903,0.5800086487099064,0.4109840069316999,0.23837427850183807,7.548016370325096,6.161638612689991,"(8.0, 8.5]"
6.436275447196025,10.751940726386728,12.751940726386728,3.309758944552398,0.5385674755461852,1.7825285194339915,8.921040947039664,5.2952612950046705,"(10.5, 11.0]"
6.177779604433568,8.410455892756884,10.410455892756884,0.6100191145302807,0.5330348508893341,0.3251614477532918,8.528571463103187,7.9946743751737515,"(8.0, 8.5]"
7.243687211491912,10.850712061462406,12.850712061462406,4.765924633111889,0.3423080516641254,1.6314143755385926,7.349530427235097,4.50665402868221,"(10.5, 11.0]"
7.244966571108723,9.338017318873867,11.338017318873867,0.6905580533063226,0.293549261233118,0.2027128063866511,7.822028082191313,6.513654118824301,"(9.0, 9.5]"
6.49305682462887,8.555398786515859,10.555398786515859,0.6107985180599823,0.663434860498919,0.4052250296220708,7.800032404007262,7.898794067565935,"(8.5, 9.0]"
6.528961694381677,9.625702842135075,11.625702842135075,0.7847700144539885,0.4292608340724724,0.3368710309595853,8.354312400170695,7.964054949766684,"(9.5, 10.0]"
7.232049937357636,10.618837507629225,12.618837507629225,2.5078229532940255,0.35217916175815933,0.8832029855289615,7.875407569541752,7.329954758427619,"(10.5, 11.0]"
5.551915658502676,10.196674659228684,12.196674659228684,1.199997058753094,0.12366321749370862,0.1483954972683945,3.398859693889883,4.15230030465518,"(10.0, 10.5]"
5.592536225623444,10.419683443584349,12.419683443584349,1.5989954575922534,0.37921772092624095,0.6063674131995461,7.446989706492057,7.5694291378581795,"(10.0, 10.5]"
6.281555778747564,9.976350100132152,11.976350100132152,0.9807442711245161,0.35400265305138245,0.34718607394302303,8.15844428200689,8.118481084338029,"(9.5, 10.0]"
6.786552848288153,10.076829693553558,12.076829693553558,1.0731434832532207,0.33192804749579863,0.35620642107908185,7.336343399841462,7.4884161434262975,"(10.0, 10.5]"
7.310907565598004,10.547586954695959,12.547586954695959,2.154878415164673,0.40520612040192705,0.8731699225467302,7.662983233274448,6.920111163420762,"(10.5, 11.0]"
8.475356216949551,8.749004026577557,10.749004026577557,0.5880545503231074,0.31080475128854673,0.1827701482572716,6.862376654749836,4.972512695561446,"(8.5, 9.0]"
7.85765962320202,9.468274890929422,11.468274890929422,0.7149278689991202,0.3827220611056502,0.2736186675652136,7.995363343369121,7.179418035011978,"(9.0, 9.5]"
6.840061470036573,8.663628325458806,10.663628325458806,0.6107065644675649,0.5581225218848546,0.3408490878922728,8.9963886456167,8.595103977445865,"(8.5, 9.0]"
6.9809837920973115,10.96300402398994,12.96300402398994,6.909187188701126,0.5727722056065461,3.9573903850208354,7.4126095248418995,1.064232437011169,"(10.5, 11.0]"
5.997470635362191,10.832178019059839,12.832178019059839,3.987967801412503,0.6271275144573843,2.5009643350359028,7.861866286841127,3.0305146904247255,"(10.5, 11.0]"
6.98148686400761,8.118280434105518,10.118280434105518,0.5832214367037208,0.6597492609579589,0.38477991184011884,8.481283590200029,8.49808508556003,"(8.0, 8.5]"
6.711341361079862,10.116725517547065,12.116725517547065,1.1164253870091037,0.0920929606535338,0.10281491923843562,2.6699251413430343,3.0652120332580837,"(10.0, 10.5]"
7.32271856033809,10.775744952246997,12.775744952246997,3.800099270791017,0.18393290081753252,0.6989632822711818,5.702541342899117,7.899156378208093,"(10.5, 11.0]"
6.172769056447677,8.541726035382,10.541726035382,0.6165839718423141,0.09501086161361517,0.0585821744218833,2.2877142482131623,0.8759943174731566,"(8.5, 9.0]"
7.519346514241172,9.703835691657888,11.703835691657888,0.8061406102064892,0.4276758878337964,0.34476690118893866,8.138612041550823,7.802804565988748,"(9.5, 10.0]"
8.532738913002579,10.746464892764125,12.746464892764125,3.8135517077056575,0.47842495082175335,1.8244982882152927,7.899916671798042,4.168145302869741,"(10.5, 11.0]"
6.891239851543142,8.101837935757397,10.101837935757397,0.5845465122382258,0.2288614604555563,0.1337801684950421,6.837983895584984,4.636043082183119,"(8.0, 8.5]"
7.401711722098941,10.092260801740519,12.092260801740519,1.093219846942532,0.5947385598805165,0.6501799974034002,8.505772454052332,8.391833699202376,"(10.0, 10.5]"
7.690143991711112,8.892047022117652,10.892047022117652,0.614454347587279,0.09956026094589548,0.06117523518512946,4.281566803033269,2.803126481711773,"(8.5, 9.0]"
6.5987795281141635,10.77318858612959,12.77318858612959,3.5553939730223365,0.6963712787796554,2.475874247559044,7.969904245628264,3.3452393940370033,"(10.5, 11.0]"
7.224092481810417,10.913174735496103,12.913174735496103,5.899727381420387,0.2782281909571631,1.6414704764730355,7.1831278498588125,4.867333925665149,"(10.5, 11.0]"
7.012592400781795,10.832799467340301,12.832799467340301,4.402532782805481,0.13744399631917653,0.6051016995949705,4.352245339016467,7.990753651078759,"(10.5, 11.0]"
7.097676098548832,9.422642649972392,11.422642649972392,0.7131558902793085,0.36498453030268446,0.2602908676461862,7.525658784645063,6.627570739004072,"(9.0, 9.5]"
6.226990216144533,10.58612795296794,12.58612795296794,2.209284947005631,0.2705550361015868,0.5977331685958008,7.100800067332448,8.076116391286314,"(10.5, 11.0]"
7.024510174258943,10.533648195605211,12.533648195605211,2.0674178979806404,0.24825034073346092,0.5132371976121495,6.493405109713459,7.8505932625623505,"(10.5, 11.0]"
7.49799829124545,8.957301419729767,10.957301419729767,0.6248300483164675,0.240237931912149,0.15010787860411628,6.608213191219082,4.7079317207656795,"(8.5, 9.0]"
8.451143607795041,10.486746422452033,12.486746422452033,1.994329740110542,0.4396362920646179,0.8767797320963917,8.607170537483514,7.76839275228941,"(10.0, 10.5]"
7.9592708260852065,8.111022904146477,10.111022904146477,0.5646018595111159,0.34093396280384963,0.1924919493695471,7.061117797055667,5.160291846301451,"(8.0, 8.5]"
9.153182457511557,9.788809635446158,11.788809635446158,0.8366843331859302,0.18559835027822585,0.1552872319429461,6.083580956488644,5.33644179967514,"(9.5, 10.0]"
6.23265243711195,8.69002651186311,10.69002651186311,0.6245267604083561,0.5205000317806565,0.3250661986404198,8.654240051757483,8.112494845517617,"(8.5, 9.0]"
7.872320636720678,8.361700657331836,10.361700657331836,0.575047110826284,0.43815824138193366,0.2519616307914065,7.886658346428161,6.633950073689113,"(8.0, 8.5]"
7.183342005738352,8.230859604887627,10.230859604887627,0.5828101957888525,0.2338498843326165,0.13629009687309274,5.364485654125552,3.159145294247531,"(8.0, 8.5]"
9.189802933217672,10.088866327634419,12.088866327634419,1.0988799428513196,0.2278541530076575,0.2503843586354905,6.024632483981617,6.3672052977216795,"(10.0, 10.5]"
6.191701714644848,9.019624891304199,11.019624891304199,0.6559673912857711,0.176250802566162,0.11561477917134877,5.947360557741582,4.202353486666887,"(9.0, 9.5]"
6.160278157819224,10.174300314586285,12.174300314586285,1.1804572116435592,0.219998569457942,0.2596988978678941,6.18356685628612,6.785053915300335,"(10.0, 10.5]"
6.400607354555978,8.196069022396827,10.196069022396827,0.5973117810394293,0.55129137814143,0.3292928349493391,7.472986890625204,6.9853316559983325,"(8.0, 8.5]"
4.876104275690193,8.94587101349183,10.94587101349183,0.6751804689310664,0.2961052009301757,0.1999244484169637,6.9540961367913265,5.565051781267731,"(8.5, 9.0]"
6.474244978319239,9.61847387712601,11.61847387712601,0.7827712194861718,0.438081496839204,0.3429175875151512,8.365861431718065,7.997368483469921,"(9.5, 10.0]"
6.240867338446302,10.372169494516891,12.372169494516891,1.5205312875952048,0.5893686102970728,0.8961534118832045,8.194472501867919,7.316428196557111,"(10.0, 10.5]"
7.150393786476208,8.95625750879621,10.95625750879621,0.6308145016755882,0.13719933191654232,0.08654732819315726,4.128189632296638,2.3798839153024924,"(8.5, 9.0]"
7.3417559757771595,9.877674129311027,11.877674129311027,0.9048992946485063,0.39561003063815586,0.3579872376803412,7.649528706779216,7.482160628343772,"(9.5, 10.0]"
8.876170839215886,10.65793324470856,12.65793324470856,3.03018486207549,0.16919932521865783,0.5127052339509646,4.931908262859398,7.802560441667468,"(10.5, 11.0]"
7.95042383818605,9.847589564546913,11.847589564546913,0.8815007672897894,0.5592947880719977,0.4930187848266462,7.5025511276833186,7.5379820777923126,"(9.5, 10.0]"
6.423096344337597,8.6988784242609,10.6988784242609,0.621319275101507,0.41428496528338055,0.25740323431532297,8.699029422087216,7.574110639254028,"(8.5, 9.0]"
6.101585328651642,8.073202344669614,10.073202344669614,0.6001330113203032,0.6773188681112597,0.40648141194366955,7.569733526873996,7.707582037760064,"(8.0, 8.5]"
7.491919171506506,10.61029662170279,12.61029662170279,2.494230239466035,0.37564925154536716,0.9369557226372379,8.361646216307749,7.5103223397456365,"(10.5, 11.0]"
5.679766792979358,8.063808232551162,10.063808232551162,0.6092078028187018,0.134304480925619,0.0818193377334026,4.919990360685738,3.0779915266095292,"(8.0, 8.5]"
8.831458765854354,10.624105018052598,12.624105018052598,2.767853206294088,0.33849273848226447,0.936898211515402,8.04761451437453,7.401098494825272,"(10.5, 11.0]"
8.179440120721287,9.586811402081636,11.586811402081636,0.7500680978940434,0.5327664300475504,0.39961110280756607,7.772923588787236,7.63090876586712,"(9.5, 10.0]"
6.530824347895296,10.817203095538689,12.817203095538689,4.014112626416941,0.48408490305688595,1.943171321618467,8.198232437725512,4.203670683909206,"(10.5, 11.0]"
5.286865470909122,10.396349707320995,12.396349707320995,1.5286850172944602,0.8245602311868867,1.26049287127225,7.273742258667587,5.792038431526923,"(10.0, 10.5]"
8.353872374165412,10.993802331600012,12.993802331600012,9.241744408462202,0.4855818271033997,4.4876231354837035,7.545134032811967,0.8538858801712929,"(10.5, 11.0]"
6.885460154747382,9.05213544635513,11.05213544635513,0.6472224289542711,0.21953632546983162,0.14208883381427984,6.3490822302877055,4.555684361440324,"(9.0, 9.5]"
8.23781631197346,10.301564866793381,12.301564866793381,1.4356517973075307,0.16523968602736075,0.23722665223171252,4.438693150833592,5.88858360908131,"(10.0, 10.5]"
5.405572341205633,9.205792740827727,11.205792740827727,0.697422658771521,0.6249716012861748,0.43586935582569897,8.448134484103967,8.53523229673814,"(9.0, 9.5]"
6.400624977046228,9.439626860911726,11.439626860911726,0.7281910414522549,0.36658016799210447,0.2669403943059131,7.477919963595007,6.655555692566215,"(9.0, 9.5]"
7.005243699718183,9.88251638965511,11.88251638965511,0.9099556939850112,0.586505853747321,0.5336943411729149,8.026332515385938,8.088663429351437,"(9.5, 10.0]"
7.046980593764742,10.621031342559016,12.621031342559016,2.4943339052396194,0.618232246616587,1.542077654048215,8.009784237578176,5.109262843759102,"(10.5, 11.0]"
6.549934528520756,10.952250407597885,12.952250407597885,6.2969264474203825,0.31752536120392716,1.9994338446917188,7.266025978431054,3.7560712365811653,"(10.5, 11.0]"
7.622849932347499,10.304820241593555,12.304820241593555,1.424895431445869,0.19674764468646913,0.280344820061485,6.045984573427278,7.3370853757401875,"(10.0, 10.5]"
5.932379570617406,9.253300346502002,11.253300346502002,0.6955901983194541,0.6830475492231741,0.47512118022576477,7.478454947342795,7.753950997463653,"(9.0, 9.5]"
6.857620514978707,9.26407100683121,11.26407100683121,0.6815005648034019,0.24991244300784626,0.17031547106124523,7.1001705402975395,5.59104454246896,"(9.0, 9.5]"
7.120295631711899,10.212746904766675,12.212746904766675,1.2491038862175805,0.5638164511475701,0.7042653202418344,7.285265745586086,6.985278300810007,"(10.0, 10.5]"
7.514438834058749,8.716331437304907,10.716331437304907,0.6019853728345116,0.3040685120011934,0.18304479656427355,7.344065582140218,5.519490183405384,"(8.5, 9.0]"
7.71161487808889,8.331422339394184,10.331422339394184,0.576684320176227,0.4243307179656623,0.24470487161991825,8.886297201469398,7.559619061409187,"(8.0, 8.5]"
5.875357908162131,9.06386647292233,11.06386647292233,0.667645415401226,0.16842481970849307,0.11244805871815346,4.608345507640772,2.9451484972971245,"(9.0, 9.5]"
5.465885829264378,8.861716974962246,10.861716974962246,0.6541864457106635,0.6270409036120315,0.41020166004915765,7.51106739086599,7.540957481615835,"(8.5, 9.0]"
8.27767682189851,8.88892436136797,10.88892436136797,0.6042590567813887,0.2809434722700437,0.1697626375627848,7.307268354841537,5.39870025571902,"(8.5, 9.0]"
7.332314011979592,8.70082325314973,10.70082325314973,0.6041228295923018,0.40732846224106567,0.24607642318255366,7.961108646339163,6.69981873704154,"(8.5, 9.0]"
6.251513463443446,8.126279568909085,10.126279568909085,0.5983578090251113,0.20659917211256384,0.12362022797167557,6.124307546977353,3.9959503134424836,"(8.0, 8.5]"
8.551151975522522,8.053621804200242,10.053621804200242,0.5526037089568772,0.4018925053766922,0.2220872890731318,8.098852047336191,6.475851350468067,"(8.0, 8.5]"
7.1156746342928585,10.963167169208095,12.963167169208095,7.026762106220112,0.588226949127828,4.133330835988888,8.240333595539663,1.809522166840834,"(10.5, 11.0]"
8.179297184063827,9.283319401207587,11.283319401207587,0.6646322344803289,0.16914825915673604,0.11242138544179923,5.681369297040148,3.999242702635773,"(9.0, 9.5]"
7.067518481410109,9.152979941479044,11.152979941479044,0.6586073982878683,0.13261342259236586,0.0873401812316077,4.311966467664793,2.734557753902615,"(9.0, 9.5]"
9.060747924881987,10.03894184807921,12.03894184807921,1.0402784994164513,0.06410341739953526,0.06668540685985498,1.502508830323546,1.6040237896179224,"(10.0, 10.5]"
8.755340842443204,8.654761663595192,10.654761663595192,0.5762676986429284,0.34645282882137046,0.19964957435322356,7.935324088080696,6.148175569787133,"(8.5, 9.0]"
6.751035851520927,10.849883551850676,12.849883551850676,4.53341295685105,0.4670955227585257,2.1175368949606153,8.934987886045219,4.604982883992987,"(10.5, 11.0]"
7.971570950954355,10.359035043246656,12.359035043246656,1.5605949093566427,0.34409280292083133,0.5369894765845079,7.518132836191864,7.919321115143577,"(10.0, 10.5]"
7.645375949585148,8.268233006936779,10.268233006936779,0.5754491639536247,0.1933120364157648,0.1112412497376245,5.193667426188169,2.9162443868246424,"(8.0, 8.5]"
8.368631557532348,9.252742327354785,11.252742327354785,0.6556334638619763,0.24764208959484668,0.1623624409990872,7.186002454807404,5.507787209180194,"(9.0, 9.5]"
6.0350765394198955,10.637354922686495,12.637354922686495,2.4349102701132566,0.5308736315108381,1.2926296574980602,7.929816196630812,5.6417930256388615,"(10.5, 11.0]"
7.686051459998439,10.834196066874231,12.834196066874231,4.701127732014086,0.33436574982856804,1.5718960991547655,6.434331331890694,3.8005879489120824,"(10.5, 11.0]"
8.058424486849589,9.40220453374961,11.40220453374961,0.6939943436179872,0.5618618318005345,0.38992893316441185,8.38438608705777,8.23584400210808,"(9.0, 9.5]"
5.2412605135768855,9.840234167632124,11.840234167632124,0.8960034455692635,0.230818773277334,0.2068144161585619,6.109313269470671,5.685468696143784,"(9.5, 10.0]"
5.816741487334225,8.501101838276226,10.501101838276226,0.6220044322851163,0.6344432127493669,0.3946264903633152,7.788709464431017,7.784177493751642,"(8.5, 9.0]"
4.9607678222399,10.97350587841093,12.97350587841093,5.504519647911642,0.5006340719939207,2.7557500857045483,8.165986617007153,2.8398601746830074,"(10.5, 11.0]"
6.730593165555442,8.69501510415033,10.69501510415033,0.6150091164987823,0.3543575173743986,0.21793310368513077,7.740719635527191,6.253854036039036,"(8.5, 9.0]"
7.717542255795962,10.828195322405376,12.828195322405376,4.62241108332133,0.4506658127047941,2.083162647520655,8.320742176507872,4.075008518060199,"(10.5, 11.0]"
8.502357052096029,9.948939946977106,11.948939946977106,0.9541200650001072,0.3841153546108886,0.3664921671088802,7.57153778737103,7.492048523586147,"(9.5, 10.0]"
7.074094780419776,9.823210384636578,11.823210384636578,0.8724155530646065,0.6698679347505544,0.5844032047756507,8.006544213135811,8.185644044985118,"(9.5, 10.0]"
8.628615545571291,9.538065533049526,11.538065533049526,0.7272236480477676,0.11673281564694196,0.08489086404165666,3.4620005859292897,2.3060588849566366,"(9.5, 10.0]"
5.619898541785108,8.692009435153276,10.692009435153276,0.6375222714086437,0.18519080971640775,0.1180632656544102,5.8739616380473345,4.006023689279322,"(8.5, 9.0]"
5.296617560644846,8.529584096016524,10.529584096016524,0.6350419499248908,0.7400075700098026,0.46993585021820516,7.862277412724274,8.295192313631654,"(8.5, 9.0]"
6.944452301103381,8.661458627210527,10.661458627210527,0.608563260586345,0.4324841485239043,0.2631939635776163,7.46697220039943,6.373519861665946,"(8.5, 9.0]"
7.384065448939308,8.559314786432763,10.559314786432763,0.5938718071647795,0.22636779113944636,0.13443344920788236,6.846851128204301,4.706289560029988,"(8.5, 9.0]"
6.967305251905907,10.33875342070026,12.33875342070026,1.475614376907988,0.1251485365080413,0.18467097972025995,3.6023251004299484,5.224949712143305,"(10.0, 10.5]"
4.932557899960123,9.05037577750019,11.05037577750019,0.6854531375519067,0.20066226191782435,0.1375445770198352,6.2363142466007675,4.662120135289858,"(9.0, 9.5]"
6.910879960487212,8.173528029690189,10.173528029690189,0.5862564556267056,0.630654502400395,0.3697252733022793,8.025864817754934,7.909215963742373,"(8.0, 8.5]"
5.695530499495147,10.907307890422434,12.907307890422434,4.8668264867210915,0.25180203949105223,1.2254768352054433,7.609875540733851,6.836356703085001,"(10.5, 11.0]"
7.669672548830039,10.651357654890276,12.651357654890276,2.779564578153438,0.24180377025556088,0.6721091946663089,6.435699737251091,7.632561857794972,"(10.5, 11.0]"
7.366598246096848,10.783256849585639,12.783256849585639,3.8994912738771674,0.20005303182555476,0.780105051916422,5.645373672732546,7.255830390679526,"(10.5, 11.0]"
6.060120213672644,10.984723467939306,12.984723467939306,6.670969247716259,0.3522884952790672,2.3501057183308918,7.62396174246555,3.2405014211190144,"(10.5, 11.0]"
6.486133082663306,8.521685747658461,10.521685747658461,0.6090854290788233,0.13069124992316072,0.0796021360362961,3.8954384129893547,2.079685414990419,"(8.5, 9.0]"
5.940786478111049,9.188726056707976,11.188726056707976,0.6844191004015622,0.4849391987816136,0.33190165017956635,8.396698062649083,7.903516496008226,"(9.0, 9.5]"
6.937320902726828,10.274715427112273,12.274715427112273,1.3480709649301243,0.11858939104106599,0.15986691481120566,2.8461134491029347,4.0808281322646325,"(10.0, 10.5]"
7.955142320501238,10.088061854161376,12.088061854161376,1.0914849082829416,0.47534224309052725,0.5188288846026718,7.464710693380697,7.46954398226398,"(10.0, 10.5]"
6.014273953664456,8.461687719019565,10.461687719019565,0.6158289315207918,0.2658575869729494,0.1637227937222474,6.340628356861312,4.455486511845146,"(8.0, 8.5]"
7.504046515517844,10.447499374971853,12.447499374971853,1.7897284229757007,0.36917472291870795,0.6607224946517904,8.1980780573472,8.247944165040048,"(10.0, 10.5]"
6.469742381627559,8.673321715509982,10.673321715509982,0.6186059412508144,0.6778369331757774,0.41931395406176714,8.584855788675021,8.759903261108109,"(8.5, 9.0]"
6.207127167737656,8.671452844467868,10.671452844467868,0.6237714085253043,0.5521181821891353,0.34439553617654756,7.919547636875316,7.534115322368526,"(8.5, 9.0]"
6.892969640045442,9.61092326868024,11.61092326868024,0.774665128591389,0.40851802329704234,0.31646466704930337,7.790472889119515,7.302520991156019,"(9.5, 10.0]"
5.964757677580626,9.77881980452511,11.77881980452511,0.8576578875337649,0.33657759854569264,0.28866843215988636,7.570723725389444,7.167363167433646,"(9.5, 10.0]"
6.446350694652818,9.740258623513434,11.740258623513434,0.834149937153333,0.3103384803299793,0.25886882386351306,7.9168998887561015,7.366617974200669,"(9.5, 10.0]"
5.802122107411152,8.274460512193265,10.274460512193265,0.6127410456178864,0.6165762946604325,0.3778016034934355,7.407784925435169,7.298935109043466,"(8.0, 8.5]"
8.964725132916389,10.632382587891142,12.632382587891142,2.8468513434791634,0.48965697443706924,1.3939806155201129,8.117552760885463,5.510060588531859,"(10.5, 11.0]"
7.035263551971728,8.796800127766119,10.796800127766119,0.6172165324094298,0.4756130391839509,0.2935562308138284,8.4793314663188,7.669187520567342,"(8.5, 9.0]"
6.300274492007414,8.388544763848412,10.388544763848412,0.606507109599847,0.4766038586543372,0.2890636287365761,8.242923608259153,7.3869413425523245,"(8.0, 8.5]"
7.213979910734222,10.666244239606932,12.666244239606932,2.805142462561212,0.5004087761846554,1.4037179067138665,8.094783702803802,5.4566860135639335,"(10.5, 11.0]"
6.88767195030917,10.86695449468926,12.86695449468926,4.856379993106537,0.3668209318416725,1.781421834448595,8.211944871766946,4.861726752273334,"(10.5, 11.0]"
6.779030400466778,10.586382851796351,12.586382851796351,2.2771591358938172,0.11748845688060951,0.26753991294774676,2.2656646789796384,5.543582153648347,"(10.5, 11.0]"
7.614166700043425,10.428548224174634,12.428548224174634,1.7367516376660943,0.3742463668794574,0.6499729905684836,8.085656952450003,8.137565670859845,"(10.0, 10.5]"
7.757507710047305,9.965725941917064,11.965725941917064,0.9698119370894858,0.5750818539984197,0.5577212468112203,7.616068866050081,7.6385519203359875,"(9.5, 10.0]"
6.4694988523894725,9.652572111827418,11.652572111827418,0.7958757066967087,0.20253767462533415,0.16119481492514587,4.954362565689092,4.008523435429172,"(9.5, 10.0]"
6.42418175935532,8.260960279734231,10.260960279734231,0.5989849577500248,0.5547163626683979,0.33226675705617775,8.224574564183126,7.761708746612534,"(8.0, 8.5]"
6.724948302848356,9.225359639212096,11.225359639212096,0.6765973502332078,0.20900902348388836,0.14141495146402916,6.68181801443706,5.060480899094296,"(9.0, 9.5]"
4.698078835264415,9.118065551036942,11.118065551036942,0.699184602179944,0.668629802961136,0.4674956627890363,7.68439583473294,7.916683740767111,"(9.0, 9.5]"
5.484808937801448,8.77926135128098,10.77926135128098,0.646847488591146,0.18480492960699693,0.1195406045955495,5.972368140825754,4.162496623359024,"(8.5, 9.0]"
8.366874267444524,10.170260341065754,12.170260341065754,1.2029220297317937,0.27626392652525483,0.3323239632374347,7.804188487390677,8.31264718754615,"(10.0, 10.5]"
8.644967713501284,9.487627205236313,11.487627205236313,0.7104881499323202,0.4048978329125179,0.28767511221762054,8.521303120766557,7.779537740285022,"(9.0, 9.5]"
6.750963960443622,8.243138647722944,10.243138647722944,0.5917157773472598,0.30151743399913755,0.17841262284255077,8.077575382648241,6.169718146777161,"(8.0, 8.5]"
7.576556963055767,8.660549605849434,10.660549605849434,0.5968196390181605,0.4329572189685807,0.258397371135135,8.306716487530974,7.150572187155046,"(8.5, 9.0]"
7.311250154543536,10.049776290978787,12.049776290978787,1.0473512719367808,0.5288761950098737,0.5539191555406762,8.028988882417902,8.007561482763773,"(10.0, 10.5]"
10.078880808455239,8.2283925784709,10.2283925784709,0.5334670410025615,0.3925703646889627,0.2094233508359174,7.021009041860169,5.2018351374993985,"(8.0, 8.5]"
8.119574911434576,10.553620742146306,12.553620742146306,2.264561205241993,0.17976295254865918,0.40708420848145077,5.258111378008457,7.747546952439817,"(10.5, 11.0]"
6.872082408519233,9.485439581041923,11.485439581041923,0.7336957832333998,0.3268384881494335,0.23980002055361888,7.045479531042287,6.0957516804110705,"(9.0, 9.5]"
6.0444595593995745,9.441759731979944,11.441759731979944,0.7343857470499288,0.20428581202218316,0.1500245886736123,6.989566315766758,5.706838715663931,"(9.0, 9.5]"
5.3935536797424275,9.777223353978552,11.777223353978552,0.8624229822776655,0.9516050928968218,0.8206861021666919,6.7628207353598855,7.210736041955686,"(9.5, 10.0]"
7.203463635867223,10.474042897775448,12.474042897775448,1.8580588150233144,0.6164243534606697,1.1453527037426448,7.933367004212673,6.24434113554888,"(10.0, 10.5]"
6.243649254715697,9.04342762370658,11.04342762370658,0.6579213647945388,0.4696132176038073,0.30896856905145165,8.262983475719146,7.599923775628474,"(9.0, 9.5]"
5.577746290402326,10.03404845767719,12.03404845767719,1.028202099878617,0.7891779857791328,0.8114344621560816,7.423290769638792,7.3509768971027905,"(10.0, 10.5]"
6.353427115757473,9.697195891987374,11.697195891987374,0.815677616978966,0.4460188749532436,0.36380761304950116,8.806604802098837,8.543788340815732,"(9.5, 10.0]"
5.918451996385604,8.801084810508264,10.801084810508264,0.6394194252577833,0.5663712669514018,0.3621487899965879,7.6436735172043635,7.3763824335143,"(8.5, 9.0]"
8.687141635072564,10.635889959065475,12.635889959065475,2.8306412809383406,0.09774814749116188,0.2766899414237323,3.017573238239331,7.1001935726610625,"(10.5, 11.0]"
7.8816397569494505,10.392278064820784,12.392278064820784,1.6446838335108782,0.4578135427996643,0.7529585326049484,7.604088640239411,7.1440685101479975,"(10.0, 10.5]"
6.992027358683383,9.975355503975276,11.975355503975276,0.9790127714154983,0.15399720672083816,0.15076523214201318,4.071351066967068,3.982067975401159,"(9.5, 10.0]"
8.479944138890026,10.551745187282727,12.551745187282727,2.291460754788,0.4484973022787166,1.0277139667999697,7.65698302838698,6.2798617307865845,"(10.5, 11.0]"
7.077368307647618,10.601882602879407,12.601882602879407,2.393081496524071,0.5439787077444431,1.3017853800063024,7.961241011668899,5.654663821747513,"(10.5, 11.0]"
6.138715798671736,10.125088930145104,12.125088930145104,1.1210999942502813,0.6018438415958623,0.6747271273526885,7.6848838465765565,7.522937171499571,"(10.0, 10.5]"
8.523124077269657,10.511039985091017,12.511039985091017,2.1021437224318067,0.07548173303935546,0.15867345126695456,1.7241913906773707,4.511194057317782,"(10.5, 11.0]"
7.538910043684659,10.092414385007851,12.092414385007851,1.0941879971887518,0.2362157717431139,0.2584644621879931,5.759310023842161,6.077229180487075,"(10.0, 10.5]"
5.962753845673544,10.040422315280901,12.040422315280901,1.0347282589973696,0.2908447581658571,0.3009452902554683,7.112962308467319,7.210748211991016,"(10.0, 10.5]"
6.8096613219163915,9.855834134645553,11.855834134645553,0.8939325196689261,0.30604992256677505,0.2735879784245969,6.5462489438607205,6.214901458302281,"(9.5, 10.0]"
6.124381746615242,10.258149918672924,12.258149918672924,1.2999388051078045,0.15396085993924633,0.2001396963027939,5.1103961277458385,6.20180629245516,"(10.0, 10.5]"
5.6172002690356635,8.47581531587922,10.47581531587922,0.6251336695698786,0.85891198501069,0.5369348010272812,7.211701728848198,8.026900172439053,"(8.0, 8.5]"
