z,log_m_star,log_m_halo,gamma_t,age_standard,age_tep,Hd_standard,Hd_tep,mass_bin
7.496714153011233,9.937751723994804,11.937751723994804,0.9123676707132092,0.5591227258842929,0.5101254990578725,7.045856073787004,7.080952287379697,"(9.5, 10.0]"
6.861735698828816,9.712334914006735,11.712334914006735,0.6857690720903763,0.6226217682456515,0.4269747522730898,8.113177233214754,8.176890622891525,"(9.5, 10.0]"
7.6476885381006925,9.06829017769354,11.06829017769354,0.24427408147404875,0.08350224656265821,0.02039743458011288,1.8306870432896847,-0.38404305428748187,"(9.0, 9.5]"
8.523029856408025,10.95954574637894,12.95954574637894,5.351936656556384,0.4453350296923434,2.383404869859078,6.881552745560608,2.120650469473091,"(10.5, 11.0]"
6.765846625276664,9.817324458070662,11.817324458070662,0.7904342910936476,0.16151243959536815,0.1276649706943704,5.126423095211132,4.145495193826814,"(9.5, 10.0]"
6.765863043050819,8.711680375207983,10.711680375207983,0.19041268380092835,0.29272746565273355,0.05573902235718107,8.419878530890449,2.54357873781879,"(8.5, 9.0]"
8.579212815507391,8.305347417861212,10.305347417861212,0.05034714784927784,0.4032053005767744,0.020300236881751373,7.855458868780339,0.1626815775350275,"(8.0, 8.5]"
7.7674347291529084,8.458577417552997,10.458577417552997,0.09251155383422327,0.151535356865986,0.014018771324495898,5.082761214495764,0.4835544649664899,"(8.0, 8.5]"
6.530525614065048,8.737873185153525,10.737873185153525,0.21192035643874524,0.6282629241321842,0.13314170281934085,7.888260376411551,4.164356282367364,"(8.5, 9.0]"
7.542560043585965,8.482044119778667,10.482044119778667,0.10491817904895606,0.5277509993948696,0.05537067384777643,7.942504312930656,1.2334442318270245,"(8.0, 8.5]"
6.536582307187538,8.559701072153917,10.559701072153917,0.1698720180273707,0.42088116688518085,0.07149593316850025,8.36806177930956,2.373483901508373,"(8.5, 9.0]"
6.5342702464297435,8.855285506081541,10.855285506081541,0.2445688536243164,0.08747212807061462,0.021392958086309605,2.3895467030878925,0.04277830447690603,"(8.5, 9.0]"
7.241962271566035,8.520120785884265,10.520120785884265,0.12455221272672475,0.23974462302129762,0.02986072328663709,6.650233682143317,0.5319743822905556,"(8.5, 9.0]"
5.086719755342202,10.690296273879275,12.690296273879275,1.8526982431968841,0.6800924126955922,1.260006018212654,7.884518931887245,5.966545183441919,"(10.5, 11.0]"
5.275082167486968,8.240701236984927,10.240701236984927,0.19299340998306014,0.9687509688484506,0.18696255290245575,6.456977955594116,5.209826562989324,"(8.0, 8.5]"
6.437712470759028,9.573534168710765,11.573534168710765,0.5977418277791932,0.5137045515720211,0.3070626975951507,8.49418205101214,7.8035775400780345,"(9.5, 10.0]"
5.987168879665576,9.231190480968985,11.231190480968985,0.42969335184635327,0.28685560919168507,0.12325994820950274,7.026075054873696,3.7213867538947034,"(9.0, 9.5]"
7.314247332595274,10.94713585072582,12.94713585072582,3.860260698590025,0.43587686339346265,1.6825983251824772,7.5635344292403195,4.222444533918562,"(10.5, 11.0]"
6.091975924478789,8.336116706504157,10.336116706504157,0.15421956279556862,0.4847757464922864,0.07476190367793581,8.264914706403664,2.3104499088690167,"(8.0, 8.5]"
5.587696298664708,9.193566797137224,11.193566797137224,0.4443542760624055,0.7367568277901858,0.3273810468467424,7.115088925318407,7.0218564440601865,"(9.0, 9.5]"
8.465648768921554,10.908411299826106,12.908411299826106,4.824632501595866,0.10964395596606503,0.5289917935574233,3.361898245352434,8.005291619046156,"(10.5, 11.0]"
6.774223699513464,10.59652137768194,12.59652137768194,2.158022559282414,0.5627812755563255,1.2144946885922832,7.954985435456979,5.948564111897768,"(10.5, 11.0]"
7.067528204687924,10.45121621284784,12.45121621284784,1.8497710629496507,0.40031674087296076,0.7404943232811165,8.39202302618065,8.096079909515716,"(10.0, 10.5]"
5.575251813786544,8.77370848113482,10.77370848113482,0.29230865768592706,0.8883949804728687,0.2596855442369396,7.307110285050449,7.033663726338236,"(8.5, 9.0]"
6.455617275474817,8.512662762170198,10.512662762170198,0.16510318217735143,0.3157592563911583,0.05213285803213443,7.368689443418849,1.146569948720486,"(8.5, 9.0]"
7.110922589709866,10.005929659773294,12.005929659773294,1.008181427494587,0.4515558671477832,0.4552502387346081,8.376147459253612,8.381055647051083,"(10.0, 10.5]"
5.849006422577697,10.788127967382758,12.788127967382758,2.317183553690201,0.811922632584538,1.881373771093743,8.022676244812756,4.829713705322304,"(10.5, 11.0]"
7.3756980183456715,9.67028867904179,11.67028867904179,0.6216162262669838,0.12921646824382055,0.08032305336127128,4.2794372250878014,2.5382057874551083,"(9.5, 10.0]"
6.399361310081195,9.7148380684097,11.7148380684097,0.7107506486751395,0.7266249378892541,0.5164491459483203,7.5994587988837585,8.002457786565415,"(9.5, 10.0]"
6.708306250206723,8.839937280980852,10.839937280980852,0.22835051814143753,0.5229626051916512,0.11941878186410958,7.338620209542416,3.026078458585978,"(8.5, 9.0]"
6.398293387770603,10.308478799575811,12.308478799575811,1.4466806121207345,0.1319401222267567,0.1908752167862889,3.5535471098779743,5.096476935699645,"(10.0, 10.5]"
8.852278184508938,8.56113124567257,10.56113124567257,0.07086537794055901,0.18957696620754463,0.013434443359122234,5.44841578877122,-0.09531573871550611,"(8.5, 9.0]"
6.986502775262066,8.97103770921273,10.97103770921273,0.251195940041689,0.5082411800873793,0.1276681209999466,7.694652770455988,3.646550373864655,"(8.5, 9.0]"
5.9422890710441,9.27630931584925,11.27630931584925,0.4549974608438165,0.14478171164897208,0.0658753111769039,4.378563971239164,1.5992983027789138,"(9.0, 9.5]"
7.822544912103189,9.522831136053366,11.522831136053366,0.47527980558888183,0.3714927963842508,0.17656302404317678,7.762291172156918,5.334580747882704,"(9.5, 10.0]"
5.779156350028978,8.72722919724524,10.72722919724524,0.26278953432630575,0.3672948248594387,0.09652123598527393,7.978607728281126,3.1398140227526077,"(8.5, 9.0]"
7.208863595004756,8.34451047421761,10.34451047421761,0.09864862130642568,0.43664080914245795,0.04307401382802563,7.907613139461804,0.7901213883719314,"(8.0, 8.5]"
5.040329876120224,9.831860127324898,11.831860127324898,0.8620122021181359,0.15831509682969966,0.1364695452467153,5.091126773371475,4.468778864081327,"(9.5, 10.0]"
5.671813951101569,8.865891659720766,10.865891659720766,0.31266088057447655,0.7961316051318982,0.24891920871371073,7.4113050655807315,6.682801946437963,"(8.5, 9.0]"
7.1968612358691235,9.743714664267836,11.743714664267836,0.6992254767961262,0.6444425678215626,0.45061066175275205,6.823760498750031,6.978204806435726,"(9.5, 10.0]"
7.738466579995411,8.463088145822606,10.463088145822606,0.09425961296102219,0.5829613562098638,0.054949711807574346,7.461675694935053,0.7970286546529441,"(8.0, 8.5]"
7.17136828118997,9.443420305564452,11.443420305564452,0.46145074588729584,0.5155304140414566,0.2378918940870166,7.925550596643643,6.416284434261787,"(9.0, 9.5]"
6.88435171761176,9.597768297654758,11.597768297654758,0.5887681582511733,0.15863981847219236,0.09340207374717316,4.251663800433775,2.1540139125363438,"(9.5, 10.0]"
6.698896304410711,8.155470610467281,10.155470610467281,0.09594617569101631,0.569281723806275,0.05462040429000148,8.251122901865072,1.5540121266399287,"(8.0, 8.5]"
5.521478009632572,9.009812834581762,11.009812834581762,0.37494383935810677,0.12365686179473628,0.04636437852429321,4.587206069934283,1.7092892631451515,"(9.0, 9.5]"
6.280155791605291,8.403244030816923,10.403244030816923,0.15476712474285204,0.10312272706851756,0.015960007964036342,3.7255139376154345,0.7000309106149302,"(8.0, 8.5]"
6.539361229040212,8.190124911418303,10.190124911418303,0.10765604497558853,0.29836651975251766,0.03212095946968686,7.12140316055302,0.35748747002703907,"(8.0, 8.5]"
8.057122226218915,10.969880697169836,12.969880697169836,4.819314703533247,0.3099044120024566,1.4935268894532645,8.077606618321193,5.847604807560592,"(10.5, 11.0]"
7.343618289568461,8.967061534924168,10.967061534924168,0.22743000921965217,0.5114938915343233,0.11632906046744693,8.073080966255239,3.6524389459515185,"(8.5, 9.0]"
5.236959844637266,10.429623337563905,12.429623337563905,1.4889635594771586,0.714361403118735,1.063658097540769,7.461216392737654,6.29279906274758,"(10.0, 10.5]"
7.3240839693947954,8.763921964291292,10.763921964291292,0.1710273358389285,0.3272728798214048,0.05597260872818869,7.163595710045972,0.9993859547588018,"(8.5, 9.0]"
6.6149177195836835,10.044508166671788,12.044508166671788,1.057213466465452,0.2611861361830451,0.27612950042679474,6.6644455547529695,6.845283674389689,"(10.0, 10.5]"
6.323077999694041,10.28068357966906,12.28068357966906,1.3922037051408414,0.7796219947136193,1.0853926296495942,7.237935833493625,6.192492641628509,"(10.0, 10.5]"
7.611676288840868,9.786916221823533,11.786916221823533,0.725905326053492,0.30025917210038117,0.21795973222407877,7.331128502684739,6.244285007550458,"(9.5, 10.0]"
8.03099952249595,9.414728565650474,11.414728565650474,0.3887196369828327,0.2923546166159493,0.11364398044120703,7.249953585362838,3.566790087805086,"(9.0, 9.5]"
7.931280119116199,9.235522742441805,11.235522742441805,0.297056830908109,0.1488571508166793,0.04421903347961319,4.5900520050989515,0.8677363719145007,"(9.0, 9.5]"
6.160782476777362,9.046604799628986,11.046604799628986,0.3373047184359274,0.6609042717929976,0.2229261293102387,7.990813435430962,6.464133686397657,"(9.0, 9.5]"
6.690787624148785,10.788587432743478,12.788587432743478,2.719718780740932,0.5284928790559447,1.4373520086562988,8.586828759238657,5.858358666091128,"(10.5, 11.0]"
7.331263431403564,10.491858223363188,12.491858223363188,2.0210276724740615,0.1979578292879221,0.4000782509737868,6.252269435825272,8.323058374129047,"(10.0, 10.5]"
7.975545127122359,10.895080731999538,12.895080731999538,4.1861514467024765,0.10616518557405168,0.44442354518025334,2.4826112458605882,7.214083504743043,"(10.5, 11.0]"
6.52082576215471,8.372891670456633,10.372891670456633,0.13582925235071075,0.5377121483945116,0.07303703909632095,6.708112786582521,0.6975496502961043,"(8.0, 8.5]"
6.8143410233361825,10.192602425610932,12.192602425610932,1.284383161583935,0.4913154085521358,0.6310372377710949,8.465968199673307,8.308555220547467,"(10.0, 10.5]"
5.893665025993972,10.815021370463114,12.815021370463114,2.4049796687289637,0.302944293488267,0.7285748665967424,6.587239086713463,6.905121377141136,"(10.5, 11.0]"
5.803793375919329,8.54369919849698,10.54369919849698,0.21492836455090647,0.8346363927047915,0.17938703487870897,7.139889365924559,5.26004503328689,"(8.5, 9.0]"
7.812525822394198,8.199488802100333,10.199488802100333,0.0606879072169814,0.14526716961501424,0.008815960511269483,3.9010187089351263,-0.5680687245853325,"(8.0, 8.5]"
8.356240028570824,10.223361947870178,12.223361947870178,1.4626698974261787,0.2680608937716535,0.39208459999695416,6.0005530561036196,6.919212870430874,"(10.0, 10.5]"
6.927989878419666,9.723419339539735,11.723419339539735,0.6926200562732027,0.6590972714246264,0.45650398922363905,8.047496293292467,8.24447102643937,"(9.5, 10.0]"
8.003532897892024,10.525486330274816,12.525486330274816,2.326834842128047,0.2775630259260021,0.6458433196111122,7.392335710059152,8.187841045333201,"(10.5, 11.0]"
7.361636025047634,8.419317129878868,10.419317129878868,0.102945800563333,0.43474760995062695,0.044755440749362926,7.650962335104498,0.5972471175532384,"(8.0, 8.5]"
6.354880245394876,10.385801935579671,12.385801935579671,1.5805518681888113,0.3607322792187307,0.5701560778351727,6.384760150909397,6.654457428268431,"(10.0, 10.5]"
7.361395605508414,8.604881960143233,10.604881960143233,0.13445017844278812,0.22732082287297817,0.030563325199033344,6.046595407811047,0.1452669299981999,"(8.5, 9.0]"
8.53803656646597,8.490967828597114,10.490967828597114,0.07105523661614989,0.518185844839907,0.03681981781623913,8.19254152632056,0.8075702115390865,"(8.0, 8.5]"
6.964173960890048,8.492797393792978,10.492797393792978,0.1333011849193777,0.32732015997358177,0.04363216517247871,6.731188149705993,0.10576634425360909,"(8.0, 8.5]"
8.564643655814006,10.443724160694146,12.443724160694146,2.183217519201718,0.4742002515032781,1.0352822966918176,8.082446959147683,6.651165497362299,"(10.0, 10.5]"
4.380254895910255,9.9955916620886,11.9955916620886,0.9967326769698879,0.3913351709196079,0.3900565525031694,7.809767019313793,7.804962002415267,"(9.5, 10.0]"
7.821902504375224,9.569196274307359,11.569196274307359,0.5109414385027131,0.17763354654698393,0.09076033979905462,5.621132390237079,2.9491698905457593,"(9.5, 10.0]"
7.087047068238172,9.076491452370508,11.076491452370508,0.28268434821679783,0.0934713013133938,0.026422873888752647,2.821242546032919,0.36511215742956726,"(9.0, 9.5]"
6.7009926495341325,10.631601622439325,12.631601622439325,2.232108438868483,0.5003736749541052,1.1168883024526937,7.513457759571103,5.7924896096499685,"(10.5, 11.0]"
7.091760776535502,9.177335322267906,11.177335322267906,0.3241830197214821,0.2951964207201251,0.09569766708002324,7.795954906481233,3.4427260935302737,"(9.0, 9.5]"
5.012431085399108,10.44979831841473,12.44979831841473,1.4836008998151895,0.9237313564394894,1.3704486716011322,6.868413365345067,5.382313639480952,"(10.0, 10.5]"
6.780328112162488,9.317404725710656,11.317404725710656,0.41427787559531265,0.3795197155635136,0.15722662151018973,7.756411571993669,4.8051489868629025,"(9.0, 9.5]"
7.357112571511746,9.130833288274722,11.130833288274722,0.2867515233565681,0.6229643667844991,0.17863598117231494,7.391839021349513,4.888316449548131,"(9.0, 9.5]"
8.477894044741516,9.38803935700882,11.38803935700882,0.3456873879211421,0.14648286492670154,0.050637278951716935,4.299378094234242,0.880907570188525,"(9.0, 9.5]"
6.481729781726353,8.904133622492425,10.904133622492425,0.2633986649698611,0.6685009373987909,0.1760822544419422,7.311043634169969,4.852464830630615,"(8.5, 9.0]"
6.191506397106813,10.242828140528754,12.242828140528754,1.3212542207536184,0.6436719024922988,0.8504542179484613,7.726789696572166,7.1126393850625735,"(10.0, 10.5]"
6.498242956415464,9.508161170277438,11.508161170277438,0.5484064982885422,0.6007780573047125,0.32947059065507045,8.757313496062508,8.342116215699418,"(9.5, 10.0]"
7.915402117702074,8.696638085440451,10.696638085440451,0.12695113571144334,0.5015020364967454,0.06366625309486354,7.314048161912664,0.9200209802695436,"(8.5, 9.0]"
7.3287511096596845,10.698723719823706,12.698723719823706,2.715772322792762,0.5074905592519338,1.3782288148950221,7.192746422143939,4.631318294817298,"(10.5, 11.0]"
6.470239796232962,9.151673664119635,11.151673664119635,0.3568791795455615,0.5065810472838485,0.18078822852799112,8.735238092815923,6.140385647518959,"(9.0, 9.5]"
7.513267433113356,9.630658583341965,11.630658583341965,0.5794055660722479,0.14202052567473827,0.08228748307244994,4.286834077878957,2.230789161086775,"(9.5, 10.0]"
7.0970775493480405,10.71941633289364,12.71941633289364,2.6806079119837607,0.09412940917156679,0.2523240389756587,2.451516302785382,6.363435275081061,"(10.5, 11.0]"
7.968644990532889,9.872713987741976,11.872713987741976,0.8159734390527391,0.5360226801143047,0.4373802697031354,8.506329873094618,8.464204111942994,"(9.5, 10.0]"
6.297946906122648,8.350694122125093,10.350694122125093,0.14452424126345148,0.5179424321940009,0.07485523703098465,7.693925687959859,1.7430459687736795,"(8.0, 8.5]"
6.672337853402232,10.819496370840426,12.819496370840426,2.817937776288168,0.5970377156613579,1.6824151328309345,8.821098865500655,5.513779641902847,"(10.5, 11.0]"
6.607891846867842,9.883124159214253,11.883124159214253,0.8642472213994438,0.39795323237176367,0.3439299753242239,8.18005934112553,7.922393648897031,"(9.5, 10.0]"
5.536485051867881,9.00471684397126,11.00471684397126,0.37178739278076134,0.19961670129293027,0.07421497292919457,5.567268497920537,1.7767909937994704,"(9.0, 9.5]"
7.296120277064576,8.417816217990161,10.417816217990161,0.10550281306295149,0.14414658252155607,0.015207869949435042,5.532292138430401,1.1585478272184726,"(8.0, 8.5]"
7.261055272179889,10.382075567810888,12.382075567810888,1.7154356861283355,0.4699925997983789,0.8062420779103723,7.684697900187842,7.043327461826662,"(10.0, 10.5]"
7.005113456642461,9.860218267785541,11.860218267785541,0.8283393241906296,0.3375595122104691,0.27961381821853853,7.913317481078661,7.4067128064496055,"(9.5, 10.0]"
6.765412866624852,9.600383275928964,11.600383275928964,0.5978500677677663,0.2071167407473074,0.12382475749161662,6.108583766207125,3.9769525255182283,"(9.5, 10.0]"
5.584629257949586,10.681677749152874,12.681677749152874,1.9841126990272306,0.5024033725873781,0.9968249115847262,8.650852626719665,7.344055769386065,"(10.5, 11.0]"
6.579354677234641,10.365791633673592,12.365791633673592,1.5746797118605944,0.12484624807739707,0.1965928539493919,4.6412700111142,6.530199109466731,"(10.0, 10.5]"
6.65728548347323,8.455024639198253,10.455024639198253,0.14264316804159383,0.4593781636233547,0.06552715658836497,7.993148899533244,1.6950941268302366,"(8.0, 8.5]"
6.197722730778381,8.935166203386645,10.935166203386645,0.29428660764192177,0.2809172217507803,0.08267017621723062,6.673317815545685,1.9735379593046658,"(8.5, 9.0]"
6.838714288333991,8.745467419443397,10.745467419443397,0.19439868424345938,0.5787655886064511,0.1125112689104854,8.16770932413445,3.6774832350496722,"(8.5, 9.0]"
7.404050856814538,10.231838877718031,12.231838877718031,1.399342677681339,0.24601697893949584,0.3442620580642677,6.270313117324022,7.2466495211804665,"(10.0, 10.5]"
8.88618590121053,8.100597304207339,10.100597304207339,0.029830164473211716,0.25689997453634594,0.007663368493583101,7.76645348805599,1.0177018802001656,"(8.0, 8.5]"
7.174577812831839,9.709669054613949,11.709669054613949,0.6678717867405501,0.08047835442267158,0.05374922236220892,2.3336001961191677,1.2889361975195013,"(9.5, 10.0]"
7.257550390722764,10.287376057222072,12.287376057222072,1.5002764224215566,0.11455919559187315,0.1718704601180668,3.3352016348065976,5.010864670102904,"(10.0, 10.5]"
6.925554084233833,10.630296910285248,12.630296910285248,2.308483120575372,0.3193251281530148,0.7371566683168022,7.502135564028633,7.655469359599517,"(10.5, 11.0]"
5.081228784700959,9.026245246147722,11.026245246147722,0.41950479630584625,0.5552712473483488,0.23293895151336222,7.294797063343319,5.737407833237013,"(9.0, 9.5]"
6.973486124550783,10.46377191401604,12.46377191401604,1.8610768789108314,0.4433519368257485,0.8251120388467361,7.468966625662769,6.7982012047236156,"(10.0, 10.5]"
7.060230209941026,8.331895210865621,10.331895210865621,0.10323550596048245,0.2506860309123835,0.025879699238465056,7.275526250299334,0.8917281192841237,"(8.0, 8.5]"
9.463242112485286,10.539356875203554,12.539356875203554,2.962172475140289,0.33339041311295786,0.987559905198854,7.1854898546758115,6.3970181341621615,"(10.5, 11.0]"
6.807639035218878,8.382465986995948,10.382465986995948,0.12255290907458569,0.6217093141590627,0.07619228504895864,7.337606679208936,1.5747633579465914,"(8.0, 8.5]"
7.301547342333612,9.191861871681102,11.191861871681102,0.31667893651379914,0.5208257375948133,0.1649345406905405,8.263864965993994,5.288759576035201,"(9.0, 9.5]"
6.965288230294757,10.391886097338661,12.391886097338661,1.6888796642395685,0.10082036269433153,0.17027346029571416,3.6256071419854896,5.747212445684218,"(10.0, 10.5]"
5.831321962380468,8.44975228204632,10.44975228204632,0.1927087395170501,0.4669070748107424,0.08997707385837117,8.344351889060377,2.989379710928255,"(8.0, 8.5]"
8.142822814515021,8.687754185697925,10.687754185697925,0.11555164473940312,0.11448932339036799,0.013229429622858438,4.013497086608882,0.5529617536788943,"(8.5, 9.0]"
7.751933032686774,10.166757705179199,12.166757705179199,1.292840248183102,0.19515787509320928,0.2523079556703915,5.34127110647684,6.319353062915934,"(10.0, 10.5]"
7.791031947043047,10.160109609638223,12.160109609638223,1.2817886217287575,0.5871280648626609,0.7525740730385827,7.213847264018094,6.8055765160738595,"(10.0, 10.5]"
6.090612545205261,9.923442898655892,11.923442898655892,0.9176058521921951,0.19506104427516027,0.17898915576160795,6.468315637235797,6.113846673261817,"(9.5, 10.0]"
8.402794310936098,10.0818453334013,12.0818453334013,1.1507100433543667,0.29784211709381964,0.34272991547378556,7.061803007786509,7.414530347180623,"(10.0, 10.5]"
5.5981489372077196,9.628173330042788,11.628173330042788,0.6873689012773397,0.6036674584551904,0.41494223765522836,7.770791606305924,7.767714763857655,"(9.5, 10.0]"
7.58685709380027,8.755397176720859,10.755397176720859,0.15521120081552905,0.452723892727127,0.07026781902805813,8.632960382892481,2.529735715096972,"(8.5, 9.0]"
9.190455625809978,9.037087980511759,11.037087980511759,0.15514803798622784,0.2896393869247262,0.04493698260490516,7.420396320788615,1.1701670794066246,"(9.0, 9.5]"
6.009463674869312,8.544793150404278,10.544793150404278,0.20059248116115927,0.09998750621263185,0.02005674195630865,3.2303416257203317,0.3888876481858511,"(8.5, 9.0]"
6.433702270397228,10.725351684000884,12.725351684000884,2.397772392987179,0.30668773860578535,0.7353673928966205,8.38675418531122,8.650965611016051,"(10.5, 11.0]"
7.099651365087642,9.75017538429836,11.75017538429836,0.7099385120489442,0.3838677202859401,0.2725224781634206,7.466512601966641,6.633058162999518,"(9.5, 10.0]"
6.496524345883801,9.20255425029092,11.20255425029092,0.3776920921787458,0.14279092220083237,0.05393100215016489,4.878024657280899,1.691543259243525,"(9.0, 9.5]"
5.449336568933868,9.386017410932398,11.386017410932398,0.5497961549617998,0.39978792411324987,0.2198018634776246,7.875817994959923,6.220064565600507,"(9.0, 9.5]"
7.068562974806027,10.841850018835446,12.841850018835446,3.151137367928583,0.09503577860337759,0.2994707932472908,2.9541344695409077,7.372838616494706,"(10.5, 11.0]"
5.937696286273895,8.460054209348241,10.460054209348241,0.18749826784284027,0.153385027482849,0.028759426966060635,5.478821901059242,1.131723198324149,"(8.0, 8.5]"
7.473592430635182,9.758689496050392,11.758689496050392,0.701819068729319,0.2913052748113943,0.20444359668407108,7.413074561472275,6.161098419972106,"(9.5, 10.0]"
6.080575765766197,9.517666036653399,11.517666036653399,0.5824001280185099,0.18832910480349288,0.10968289474716562,5.843022395547818,3.618318566495775,"(9.5, 10.0]"
8.54993440501754,9.834362706303944,11.834362706303944,0.7476713614968057,0.3229942757098845,0.24149356987568396,7.97452574576247,7.079062757291192,"(9.5, 10.0]"
6.216746707663763,8.054330551462522,10.054330551462522,0.10604350401638477,0.5784190840049234,0.06133758645782969,7.755762033135308,1.332219503217429,"(8.0, 8.5]"
6.677938483794325,10.616371726832455,12.616371726832455,2.1816228318012842,0.5990050276450447,1.306803044674189,7.485022618366086,5.237850771883501,"(10.5, 11.0]"
7.81351721736967,10.796354847450838,12.796354847450838,3.4539586490975904,0.17107164458176274,0.5908743864185284,4.651581728209147,7.396210448774579,"(10.5, 11.0]"
5.769135683566045,9.695399550767627,11.695399550767627,0.7267884773315282,0.22864659457186282,0.16617771031592343,5.3584152428473475,4.068854624529769,"(9.5, 10.0]"
7.22745993460413,10.089952471630676,12.089952471630676,1.1345999997241232,0.13392775725502162,0.15195443334459996,5.175833788494552,5.703241837139502,"(10.0, 10.5]"
8.307142754282427,10.767498143531887,12.767498143531887,3.655960911458069,0.3691302514023964,1.3495257703638512,7.171105480803094,4.973622665731209,"(10.5, 11.0]"
5.3925167654387725,10.121715902940196,12.121715902940196,1.1241474926926607,0.7082241689660765,0.7961484238075582,7.536540962873495,7.268386617910206,"(10.0, 10.5]"
7.184633858532305,8.457617128742784,10.457617128742784,0.11667107890649818,0.09206933377156863,0.010741828505331402,2.570450723882686,-0.10785879766203754,"(8.0, 8.5]"
7.259882794248424,9.728865080500439,11.728865080500439,0.6818905268565588,0.615457125075692,0.4196743832754866,8.027391032752755,8.059211532753233,"(9.5, 10.0]"
7.78182287177731,9.820145139148568,11.820145139148568,0.7569680799756514,0.09361515490996428,0.07086368406881884,3.1747031622970043,2.2969489111628074,"(9.5, 10.0]"
5.763049289121918,9.272392013907158,11.272392013907158,0.4670761848229695,0.5215761749488459,0.2436158098896646,8.425435101651098,7.00446341780291,"(9.0, 9.5]"
5.679543386915723,10.209332706874168,12.209332706874168,1.2398264037395803,0.6651742515816106,0.8247006001985951,7.470244400658604,6.993835432460542,"(10.0, 10.5]"
7.521941565616897,10.803101044307045,12.803101044307045,3.282174135280135,0.5511601188680371,1.809003486546596,7.889213478029591,4.213618356699045,"(10.5, 11.0]"
7.296984673233186,10.776705538720329,12.776705538720329,3.016905698377147,0.48337116766768456,1.458285230167853,8.137341946635724,5.343774625810957,"(10.5, 11.0]"
7.250492850345877,9.352518114212396,11.352518114212396,0.40140277560980736,0.538380597225427,0.21610746606075215,7.860196551544696,6.001633281019963,"(9.0, 9.5]"
7.346448209496976,8.339714137522266,10.339714137522266,0.09240769220423152,0.26517820335148135,0.024504505794574805,7.669777749713972,1.0614184832357132,"(8.0, 8.5]"
6.319975278421509,10.954523596887004,12.954523596887004,3.0787967714233004,0.6533804480457895,2.0116256139544864,8.036041697434927,4.106378486329479,"(10.5, 11.0]"
7.232253697161004,10.516694259337802,12.516694259337802,2.0667917237198754,0.11955752646843038,0.24710050621337185,4.054062383650112,6.992170933565502,"(10.5, 11.0]"
7.293072473298682,8.3739880436098,10.3739880436098,0.09925685694071587,0.5878998602519618,0.05835309232449583,8.254945038065262,1.729725195759538,"(8.0, 8.5]"
6.285648581973632,10.762525647852117,12.762525647852117,2.440081506888049,0.47090452256830734,1.1490454170288726,8.575031407618939,6.757054494262533,"(10.5, 11.0]"
8.865774511144757,10.609689086186386,12.609689086186386,3.076837681849049,0.4185121097121159,1.2876938294723814,7.9930610442601875,5.80807714835688,"(10.5, 11.0]"
7.4738329209117875,9.556514171378216,11.556514171378216,0.521647516210911,0.32220961135128895,0.16807984346068283,6.78384568566509,4.451478017313445,"(9.5, 10.0]"
5.808696502797352,9.773826307234788,11.773826307234788,0.7873873516019568,0.5956057868883328,0.46897246313680385,8.110428526960108,8.186543979194669,"(9.5, 10.0]"
7.65655360863383,9.19700811161039,11.19700811161039,0.2962321241481968,0.35209675994925416,0.1043023711054653,7.306887148022092,2.8328600699809554,"(9.0, 9.5]"
6.025318329772679,8.164284916466094,10.164284916466094,0.1308867685005489,0.6333609529065739,0.08289856842036979,7.5720386904896895,2.0947624224438544,"(8.0, 8.5]"
7.787084603742452,9.005591724937704,11.005591724937704,0.2142027876762727,0.10920589347368508,0.02339220681274142,3.6256404115688174,0.5248816687480052,"(9.0, 9.5]"
8.158595579007404,10.408560345794035,12.408560345794035,1.9613486358626322,0.09205389597292415,0.18054978329233545,3.327418349540669,6.018454466498031,"(10.0, 10.5]"
6.179317681648289,8.013896069013809,10.013896069013809,0.10302930349198283,0.2663302096074818,0.027439815994732646,6.890999881895171,0.3424686188811782,"(8.0, 8.5]"
7.963376129244322,9.000497515073432,11.000497515073432,0.2027937786172405,0.14596488857339085,0.0296007712992424,4.660578291317662,0.545345225576046,"(9.0, 9.5]"
7.412780926936498,9.19450608077283,11.19450608077283,0.3106101435632904,0.562391240948675,0.174684424089805,8.81113360888798,6.112651859490493,"(9.0, 9.5]"
7.82206015999449,9.61218680881377,11.61218680881377,0.5463439788976157,0.18083839061979046,0.09879996586865758,5.526330382761887,3.079312089651693,"(9.5, 10.0]"
8.896792982653947,10.759566849238281,12.759566849238281,4.082852752612745,0.4866376302388833,1.986869788145768,9.298226526606513,5.211958651419063,"(10.5, 11.0]"
6.754611883997129,9.039037983097884,11.039037983097884,0.2909979123434066,0.2944979391290865,0.08569828547599981,7.47360318711346,2.7495838075546906,"(9.0, 9.5]"
6.246263835642511,9.040859605688683,11.040859605688683,0.3285872518767894,0.21677877412916133,0.07123074165632037,5.257644083397962,1.0231357999270365,"(9.0, 9.5]"
6.110485570374477,10.212503744329245,12.212503744329245,1.2708473657161625,0.6642158775020403,0.8441169981903172,8.14083828811479,7.597144554305542,"(10.0, 10.5]"
6.184189715034561,9.356653822669422,11.356653822669422,0.478573959052562,0.560362808294246,0.26817504767118916,8.153067020905153,7.09350923946501,"(9.0, 9.5]"
6.922898290585896,8.673814468819947,10.673814468819947,0.17215565597726218,0.38474327854041346,0.06623573149996738,8.43670324296332,2.3518374997300486,"(8.5, 9.0]"
7.341151974816643,9.35731854839808,11.35731854839808,0.3981219330417423,0.3888244301019941,0.1547995337260597,8.144505223389853,5.089841524043197,"(9.0, 9.5]"
7.276690799330019,8.422571061139399,10.422571061139399,0.10705780080200042,0.4881087273901002,0.05225584690664727,7.928665648051864,1.0945245329843125,"(8.0, 8.5]"
7.827183249036024,8.52916095951867,10.52916095951867,0.10079384978803933,0.18553135855385847,0.01870041988504848,4.9000008365435965,-0.4766038114345925,"(8.5, 9.0]"
7.013001891877907,9.495103318218439,11.495103318218439,0.5059743962171984,0.6806299371828315,0.34438132151343287,7.617751375036379,7.481739674353074,"(9.0, 9.5]"
8.453534077157316,9.256776348513643,11.256776348513643,0.27662515701028906,0.5208101857670643,0.14406919941037197,7.570285286471191,4.02612977746354,"(9.0, 9.5]"
6.735343166762044,10.7445377032043,12.7445377032043,2.5931173930035776,0.4961850522826068,1.286666089222417,7.709435858901611,5.4305542056818785,"(10.5, 11.0]"
9.720169166589619,9.0871816973499,11.0871816973499,0.14868219480548137,0.12722901677260592,0.01891668945669445,4.231559155968066,0.43374724030481393,"(9.0, 9.5]"
7.625667347765006,9.74176505083413,11.74176505083413,0.6776262905538148,0.4375848387172249,0.2965189910625425,8.77958495015881,8.045426910702428,"(9.5, 10.0]"
6.142842443583717,9.896792863758591,11.896792863758591,0.8894043897526082,0.1422255989413156,0.1264960720336,4.594860026763355,4.11110111965134,"(9.5, 10.0]"
5.929107501938888,8.039283369765,10.039283369765,0.1191437521483635,0.11749347584914682,0.013998613565620481,3.019508385930607,-0.5338814894369339,"(8.0, 8.5]"
7.482472415243185,9.990612116050132,11.990612116050132,0.9862980522705815,0.21325430168458034,0.2103323023898246,6.296427179463282,6.242214764843663,"(9.5, 10.0]"
6.776537214674149,8.534107900609254,10.534107900609254,0.15091211532732351,0.3730758131538108,0.05630166014050289,8.339661484354552,1.9171055247918853,"(8.5, 9.0]"
7.714000494092092,10.883210952408366,12.883210952408366,3.863193699381455,0.5315788815943714,2.053592186099616,7.684649373451541,3.4727092079783604,"(10.5, 11.0]"
7.473237624573545,8.445988183259338,10.445988183259338,0.10227511761704124,0.4756579412378492,0.04864797188558072,7.924753840401666,0.9611069167900161,"(8.0, 8.5]"
6.927171087343127,9.243872371181071,11.243872371181071,0.36644294976787795,0.5352640189502775,0.19614372600874902,7.9942892063101905,5.747500278891431,"(9.0, 9.5]"
6.153206281931595,8.256049004235932,10.256049004235932,0.1374130994027326,0.3961705099971761,0.05443901767067324,7.442464898370512,0.8546387644149206,"(8.0, 8.5]"
5.485152775314136,10.990622755537842,12.990622755537842,2.6464580823142323,0.39257302439788816,1.0389280533163334,8.146141929419038,6.870986984801436,"(10.5, 11.0]"
6.553485047932979,9.506585030993728,11.506585030993728,0.5437118332524895,0.3289857793569888,0.1788734612081874,7.422294009542031,5.300012077379564,"(9.5, 10.0]"
7.856398794323472,9.786155051960131,11.786155051960131,0.7151375596878226,0.5811483349667321,0.4156010020847501,8.143898416417217,8.104673832439202,"(9.5, 10.0]"
7.214093744130204,8.201229432165283,10.201229432165283,0.08053521764554099,0.0965585466653161,0.0077763635712283586,2.4326023214471566,-0.43221950132138387,"(8.0, 8.5]"
5.7542612212880115,10.249881411197533,12.249881411197533,1.29813686521891,0.7780763798432284,1.0100496326305664,7.218202051446853,6.428415130315363,"(10.0, 10.5]"
7.173180925851182,8.629716779286758,10.629716779286758,0.14887134078299552,0.4146167732083987,0.06172455493865349,8.253437914030659,1.8910320849610813,"(8.5, 9.0]"
7.3853173797288365,10.694162868322142,12.694162868322142,2.725587053407854,0.31956000023745174,0.8709885994342093,7.225230168143335,6.942967049606004,"(10.5, 11.0]"
6.116142563798867,8.615418921446022,10.615418921446022,0.2093937051052486,0.6166857490111436,0.12913011387104875,8.734724897163336,4.861279643507428,"(8.5, 9.0]"
7.153725105945528,8.572063161991,10.572063161991,0.13838334283983783,0.3616966729018968,0.050052794690211865,7.485530924215134,0.880765685848514,"(8.5, 9.0]"
7.058208718446,8.109649003544284,10.109649003544284,0.07635882103599101,0.6009298994965799,0.04588629865083541,8.013528371973834,1.0388159879399324,"(8.0, 8.5]"
5.857029702169377,9.416200835329997,11.416200835329997,0.5360230283008446,0.7864787993410168,0.4215707477171841,7.876443323471133,8.376516601628119,"(9.0, 9.5]"
7.357787360348283,9.69452339978785,11.69452339978785,0.6446326958085588,0.31151520665530696,0.2008128874515708,6.636783866751485,5.1261239404031835,"(9.5, 10.0]"
7.560784526368234,8.197125918285057,10.197125918285057,0.0681306212121813,0.2208546977420411,0.015046967754793797,5.329524008884194,-0.8027218516185928,"(8.0, 8.5]"
8.083051243175277,10.326582850085032,12.326582850085032,1.7020266253664682,0.36072689800963303,0.6139667848982499,6.917424717755804,7.113800752331475,"(10.0, 10.5]"
8.053802052034904,9.359866504244083,11.359866504244083,0.35437978681966326,0.5241817340238949,0.1857594111581493,8.625216493356012,6.148517340863262,"(9.0, 9.5]"
5.6223306320429085,9.57317080798274,11.57317080798274,0.6487506376221823,0.2711685980379821,0.17592080088025414,6.662921867845121,5.015104075673591,"(9.5, 10.0]"
6.062174960084877,9.322288240814684,11.322288240814684,0.4692512109234042,0.548723122317083,0.25748898960896244,9.254349174247142,8.046655205815018,"(9.0, 9.5]"
7.51503526720866,9.202289182625979,11.202289182625979,0.30755717045849246,0.41918336690210656,0.12892285022767597,7.622141235672228,3.7091057220194656,"(9.0, 9.5]"
7.513785950912209,9.678920993924654,11.678920993924654,0.6222075231937576,0.4755549471655583,0.2958938658184203,8.083969701363001,7.2967155003250985,"(9.5, 10.0]"
7.515047686306048,8.465720737792138,10.465720737792138,0.1035377336006837,0.14215480504160266,0.014718386334454586,5.1664990050764406,0.8443211949519136,"(8.0, 8.5]"
10.85273149065472,8.545784391485814,10.545784391485814,0.029303690768040472,0.28343184616863754,0.00830559917394057,8.080352731764863,1.017195371997396,"(8.5, 9.0]"
7.570890510693167,10.585356863040552,12.585356863040552,2.3958584468105943,0.5673245427295213,1.3592292977814815,8.984507367281594,6.5263685897039245,"(10.5, 11.0]"
8.135565640180598,10.838346386400898,12.838346386400898,3.963197076156715,0.15189215509941323,0.6019785449811368,5.277596095224408,8.503473808948414,"(10.5, 11.0]"
7.954001763493203,9.119927948839258,11.119927948839258,0.2459300060947051,0.18626888442950404,0.04580910788300185,6.040566634285067,1.4356954822456007,"(9.0, 9.5]"
7.651391251305798,8.812234019430662,10.812234019430662,0.16563427242843126,0.593155517028612,0.09824688249994412,8.211045220425023,3.2348868719558364,"(8.5, 9.0]"
6.684730755359654,9.931998629717047,11.931998629717047,0.9174331685747055,0.1977542744925643,0.18142633064690533,6.162506906255632,5.8086231658497125,"(9.5, 10.0]"
7.758969220493267,9.22620251329429,11.22620251329429,0.30323519138032773,0.520111151400683,0.1577160045340287,7.7202585312939185,4.556305153179651,"(9.0, 9.5]"
6.227174785462428,8.076159066981035,10.076159066981035,0.10822507445465387,0.43743186543253804,0.04734109620527456,7.535248542058834,0.5706528313034884,"(8.0, 8.5]"
6.763181393259991,8.46845779209857,10.46845779209857,0.1393646886250971,0.23693604557329617,0.03302051821538424,6.4719336976262705,0.48972094642339503,"(8.0, 8.5]"
6.514636452170897,10.147916686542192,12.147916686542192,1.1987270750120265,0.6655356858539594,0.7977956460198397,7.675789514403886,7.288585890581993,"(10.0, 10.5]"
7.081874139386323,9.976771825730454,11.976771825730454,0.9687513700692306,0.3417472489606447,0.33106811564801497,7.342999089972934,7.271049738788754,"(9.5, 10.0]"
9.314658566673508,8.081287977510451,10.081287977510451,0.02279813693166373,0.26579056488770797,0.0060595296934542195,7.221894424902399,0.3533417202937533,"(8.0, 8.5]"
5.1327348074082515,8.665916485798848,10.665916485798848,0.29960832771235496,0.43889793548727973,0.13149747648774893,8.424695520358432,4.549938019353804,"(8.5, 9.0]"
7.686260190374513,8.693224389764215,10.693224389764215,0.13668253974114924,0.38607640432211576,0.05276990347687759,7.841372610061377,1.2275023635779378,"(8.5, 9.0]"
5.387284128810348,10.015678230796185,12.015678230796185,1.015169390922196,0.24605700023129742,0.24978953505694884,7.348512896638062,7.401565542688019,"(10.0, 10.5]"
6.528068134210566,8.059131613263093,10.059131613263093,0.09211103445363505,0.34401382796933566,0.03168746956061036,7.0131111200672995,-0.11955337410215433,"(8.0, 8.5]"
8.088950596967367,8.312325745953721,10.312325745953721,0.06386719080976944,0.5497999594747998,0.03511417891898054,7.877339208606345,0.4598258171769677,"(8.0, 8.5]"
7.064280019095463,10.399748256119569,12.399748256119569,1.723876995100599,0.2303394189231016,0.39707682534637445,6.010806397093091,7.479663683942267,"(10.0, 10.5]"
5.922255222070694,8.535633986163,10.535633986163,0.2046373472227958,0.5909657914790993,0.12093367186770279,6.985194525290552,2.7990680518588067,"(8.5, 9.0]"
6.284696290740031,9.958238323555625,11.958238323555625,0.952328904504152,0.3152549920398913,0.30022644120881486,7.335745090265857,7.204274728955449,"(9.5, 10.0]"
7.679597748934675,8.71454834314018,10.71454834314018,0.14151237753902077,0.48370880711803005,0.06845078333183605,7.935329123631885,1.7332558439713877,"(8.5, 9.0]"
6.2696333682828636,8.298324178278035,10.298324178278035,0.13750091271630127,0.17973800295882925,0.02471413945664428,6.137289766211441,1.0195088564455488,"(8.0, 8.5]"
7.216458589581975,8.729516572998362,10.729516572998362,0.1686385717045263,0.6399926005624105,0.10792743806031033,8.137031506638698,3.602890269173506,"(8.5, 9.0]"
7.045571839903814,10.166800795566978,12.166800795566978,1.2541297956835782,0.3491827543499806,0.43792049636917024,7.103397826545538,7.433161134103918,"(10.0, 10.5]"
6.348399652394183,10.567089404318857,12.567089404318857,1.9581339194472438,0.24955277228313627,0.48865774809970314,7.58652623561309,8.925115327443613,"(10.5, 11.0]"
9.143944089325325,10.490659593700975,12.490659593700975,2.567685439875741,0.08455293771471568,0.2171053470687959,3.0333564178313828,6.754381644071093,"(10.0, 10.5]"
7.633919022318011,9.191550588855364,11.191550588855364,0.2952066527359619,0.15995035996597948,0.047218410369469006,5.182231325641055,1.2662845629283286,"(9.0, 9.5]"
4.974857413342393,10.004255409711938,12.004255409711938,1.0037038989484033,0.6076809311457374,0.6099317199075728,7.775494072083198,7.771214845520597,"(10.0, 10.5]"
7.186454314769428,8.614952886247464,10.614952886247464,0.1451647252452371,0.2715574067121796,0.03942055633368265,6.463734248833292,0.2187047333820053,"(8.5, 9.0]"
6.338213535231612,8.87944319078304,10.87944319078304,0.2657811478563664,0.6606833497309923,0.17559717906109232,7.586782990500138,5.097234362090342,"(8.5, 9.0]"
7.852433334796224,10.68900745556336,12.68900745556336,2.943344023150647,0.2905411137408939,0.8551624506087924,7.695819171400299,7.727565220097688,"(10.5, 11.0]"
6.2074792615673,8.039005770532208,10.039005770532208,0.10464048993342184,0.26591744586028543,0.027825731816664444,7.817563101844751,1.2844098081463438,"(8.0, 8.5]"
6.885263558533101,8.256525592563404,10.256525592563404,0.1006120533148257,0.46146477992738694,0.04642891904096856,8.75108228891983,1.717895263622391,"(8.0, 8.5]"
7.504987278980457,8.623658765438082,10.623658765438082,0.13123488417763013,0.4616761346242487,0.06058801405498926,7.735262746086848,1.2409637606630375,"(8.5, 9.0]"
7.865755194170122,8.07959661162146,10.07959661162146,0.049011070200100926,0.15229482506473277,0.007464132362359707,4.124747706609282,-0.549679374183337,"(8.0, 8.5]"
5.7997035929442236,8.544306305269393,10.544306305269393,0.2153643370714769,0.227213644256641,0.04893371586892587,6.388382929879326,1.1091920038470853,"(8.5, 9.0]"
6.665498764159052,9.749124682909077,11.749124682909077,0.728525976005452,0.10488254737795208,0.0764096601944606,2.295095535703571,1.222503468924046,"(9.5, 10.0]"
6.5250546888390435,9.264273651777494,11.264273651777494,0.40516936406882487,0.5745453531053896,0.2327881753464091,8.105457326724052,6.570154970019507,"(9.0, 9.5]"
6.346670767426288,10.678015133230925,12.678015133230925,2.232570562359365,0.5454025521990331,1.217649682675228,7.904648024908766,5.869002621905255,"(10.5, 11.0]"
8.765454240281096,10.452330685215323,12.452330685215323,2.2730935251987647,0.2704411597597679,0.6147380491971731,6.697182430202811,7.642091880530148,"(10.0, 10.5]"
7.404981710960955,9.025452055093627,11.025452055093627,0.24349939887618904,0.5475736675192866,0.1333338588813765,7.179028366262974,3.3320375908848856,"(9.0, 9.5]"
5.739116045664955,8.778270300293878,10.778270300293878,0.2804217345312373,0.732409345133594,0.20538349894925007,7.834047150536888,6.182290155675391,"(8.5, 9.0]"
7.917861947054776,9.1390772245018,11.1390772245018,0.25566482999468915,0.36719196131062853,0.09387807036389832,7.446904132377905,2.510313893639724,"(9.0, 9.5]"
9.122156197012632,9.770884827544423,11.770884827544423,0.6447314378075649,0.4244694005655713,0.273668766931956,7.332198821228542,6.383242456822471,"(9.5, 10.0]"
8.032465260551147,8.804190922468628,10.804190922468628,0.14499512843878615,0.16776814849540378,0.02432556423902842,3.6559604286256917,-1.1826539750143519,"(8.5, 9.0]"
5.480630034045987,9.872446723547402,11.872446723547402,0.8823365686546237,0.19770356342587783,0.17444108376398082,5.75853013410927,5.2419546016181595,"(9.5, 10.0]"
6.5157659271337485,9.228234956573722,11.228234956573722,0.3883103579375346,0.26378182463954913,0.10242921474319931,7.734772366614537,3.977228631631962,"(9.0, 9.5]"
8.266911149186623,9.656141542555941,11.656141542555941,0.5615583687936024,0.0888493004352233,0.0498940682208567,3.4177536387858654,1.9052617355607717,"(9.5, 10.0]"
6.292330534381219,9.30837958740595,11.30837958740595,0.44477038152921333,0.4587751116283736,0.20404958143505916,7.747905078997904,5.67092077405428,"(9.0, 9.5]"
7.443819428146228,8.883397278625752,10.883397278625752,0.19597159362967695,0.5956619452203739,0.11673282066939,7.609381366647782,3.2906680643977104,"(8.5, 9.0]"
7.774634053429336,10.84535992088647,12.84535992088647,3.695438450966438,0.08704224001045752,0.3216592405928941,2.752657977594175,7.662407353182088,"(10.5, 11.0]"
6.073069528421917,10.290817382479283,12.290817382479283,1.384623877430656,0.18086618995695758,0.25043164523431216,4.907400059094946,6.172583027342572,"(10.0, 10.5]"
6.9404746439382,8.420339527299358,10.420339527299358,0.12213835824173921,0.3551631561001024,0.043379044794021056,7.800892791153954,0.987101679924544,"(8.0, 8.5]"
5.97561235866571,10.605403927693738,12.605403927693738,1.941579509420619,0.791310317287478,1.5363918976384958,7.777671601017652,5.3662171067084214,"(10.5, 11.0]"
6.74743184860684,9.462293594748541,11.462293594748541,0.5016907014997448,0.28166585365426994,0.14130913970833514,7.671673486514262,4.983993747505766,"(9.0, 9.5]"
5.7522168180351505,10.683656680682274,12.683656680682274,2.0412468893014526,0.4961034455357484,1.012669614971579,7.9496105265076356,6.58795256702211,"(10.5, 11.0]"
8.632411303931635,10.399565767841946,12.399565767841946,2.0351753112609114,0.0766907923170157,0.15607920712462833,2.0158808696089427,4.686099279911048,"(10.0, 10.5]"
5.5698586220393675,9.2756405134077,11.2756405134077,0.48402250330027224,0.22347178831117337,0.10816537439536265,5.815997711437158,2.856883371416335,"(9.0, 9.5]"
6.5599555133030165,8.067407924960353,10.067407924960353,0.0916576568232932,0.7363154756843622,0.06748895118395716,7.152199398883536,1.3428332606476505,"(8.0, 8.5]"
7.130740577286091,8.80603207815484,10.80603207815484,0.1926871253451531,0.6473542369726012,0.12473682700225554,7.691517971514119,3.7437264270533266,"(8.5, 9.0]"
8.441273289066116,9.624902643982601,11.624902643982601,0.5234512541794473,0.061653524949842574,0.03227261495957894,1.710743373043373,0.6524403275055957,"(9.5, 10.0]"
5.564137848820561,9.900434659478442,11.900434659478442,0.9051913782286176,0.8814976864542212,0.7979241057068344,7.5502283738721285,7.8300540712561215,"(9.5, 10.0]"
8.16316375215496,8.773663056299608,10.773663056299608,0.13219312043658607,0.37921103253172794,0.05012908969434887,7.367146321687705,0.6818571274917705,"(8.5, 9.0]"
7.010233061019587,8.418068222218473,10.418068222218473,0.1184301133450032,0.6029966004588196,0.07141295573898962,8.643781258254979,2.6570270904742275,"(8.0, 8.5]"
6.018491348952049,10.504790710397897,12.504790710397897,1.747772486654483,0.4292840955403903,0.7502909311438487,7.792413954231565,7.3879016034659335,"(10.5, 11.0]"
7.46210347426327,10.953206542110657,12.953206542110657,4.038264786606881,0.35827009115674546,1.4467894932127225,7.656424310626076,5.224960316312684,"(10.5, 11.0]"
7.19905969557347,9.577070546908057,11.577070546908057,0.5539616848915184,0.35997599650117074,0.19941290954229188,7.302665204899908,5.433495384676325,"(9.5, 10.0]"
6.399783122841205,8.515037857544911,10.515037857544911,0.16895121022556786,0.541634050843161,0.0915097283893288,6.7697144087518035,1.4756731948692836,"(8.5, 9.0]"
7.069802084990019,8.816921979558106,10.816921979558106,0.19921726381906152,0.15894467639968216,0.03166452353095084,5.306624766784317,0.8926336115647433,"(8.5, 9.0]"
6.61468640313824,8.0551720296424,10.0551720296424,0.08794999936339648,0.10154563498226066,0.008930938532045516,3.4275285910034365,0.3860920629156566,"(8.0, 8.5]"
7.113517345251248,10.742896419681497,12.742896419681497,2.776881046263562,0.2579099507945983,0.7161852540042878,6.6324414652256785,7.4838766397979715,"(10.5, 11.0]"
7.6621306745210465,8.353253248670423,10.353253248670423,0.08229908421264533,0.4480263332664068,0.03687215693097471,7.995658699077303,0.6468763586989337,"(8.0, 8.5]"
8.586016816145353,9.72954942654276,11.72954942654276,0.6203355673450921,0.151580072553384,0.09403051030561368,4.922726988707361,3.0403290755532844,"(9.5, 10.0]"
5.7621845011731505,8.822165662061618,10.822165662061618,0.291685898540424,0.6251320092149237,0.18234219181423564,7.0726859941864975,4.659076110283015,"(8.5, 9.0]"
9.133033374656266,9.66253400754738,11.66253400754738,0.5233347109521567,0.46715053066858225,0.2444760879385891,7.720570497434811,6.322293073016511,"(9.5, 10.0]"
5.047912200477498,9.954261165055593,11.954261165055593,0.9603394518283607,0.20258781448922092,0.19455307071368405,6.267804362161893,6.104162929809334,"(9.5, 10.0]"
6.848214904964417,10.489225411121605,12.489225411121605,1.8962258758036108,0.49946539440909277,0.9470992049469779,7.372819962040937,6.239307518881023,"(10.0, 10.5]"
7.588317206484576,8.61926381528181,10.61926381528181,0.12653134366680713,0.3110960576044908,0.03936340217814266,7.489193440090885,0.8432622174631145,"(8.5, 9.0]"
7.2809918677350325,8.032987485975442,10.032987485975442,0.061519975763557534,0.5737769252463198,0.03529874253484216,7.266673062786318,-0.11575992343552699,"(8.0, 8.5]"
6.377300480179406,8.410656890206422,10.410656890206422,0.15039834099381175,0.20761550963751663,0.031225028214067235,6.201701827801049,0.6708654421793726,"(8.0, 8.5]"
6.791877749642724,10.700055925544316,12.700055925544316,2.473843146441591,0.5175695690860603,1.280385931290278,7.979054109192493,5.722888753050031,"(10.5, 11.0]"
6.506999065341167,10.621670232687546,12.621670232687546,2.1396595199185406,0.6447062048111744,1.3794517686747816,7.003321378053632,4.62685168523022,"(10.5, 11.0]"
6.410635243055788,9.792239306510925,11.792239306510925,0.7793248199751297,0.7300081371945214,0.5689134600995002,8.1667110720524,8.534021555332691,"(9.5, 10.0]"
7.849602097021025,9.80155058130096,11.80155058130096,0.7328720684460234,0.4226432499757885,0.30974343282450584,7.5455292693508245,6.963565598546789,"(9.5, 10.0]"
7.357015485965047,9.995110023638766,11.995110023638766,0.9929970372219171,0.3545570779409167,0.3520741279213906,7.241468429869982,7.227308690579395,"(9.5, 10.0]"
6.307090404739346,8.52611383587035,10.52611383587035,0.1769611355522747,0.517804974737315,0.09163135632413218,8.09707053328746,2.792659473811172,"(8.5, 9.0]"
7.899599875433251,10.74323583777488,12.74323583777488,3.234361231648871,0.5153471854818562,1.6668189575618757,8.57197322991734,5.214256809522034,"(10.5, 11.0]"
7.307299520876609,9.25631157467622,11.25631157467622,0.34671090295342616,0.39997187860563677,0.13867461118733848,7.3400154763864895,3.784191332615695,"(9.0, 9.5]"
7.81286211883896,9.149415584748493,11.149415584748493,0.2661270741578408,0.08176308514983249,0.021759370625043326,2.3459951204575926,0.2264785271466606,"(9.0, 9.5]"
7.629628841923612,9.556753115848512,11.556753115848512,0.5125115565365704,0.5734382733860391,0.29389374207072233,8.159849903179715,7.399324080904716,"(9.5, 10.0]"
6.171004989077927,8.140897900325164,10.140897900325164,0.1195862916848792,0.5840054417754454,0.06983904510571516,8.27626830188886,2.1953198414211457,"(8.0, 8.5]"
6.439818959803031,8.498850106268238,10.498850106268238,0.16330480774332773,0.5438145523285431,0.08880753091603658,8.06812881394624,2.673757513951736,"(8.0, 8.5]"
7.747293605123262,10.214100849279111,12.214100849279111,1.39026955355917,0.18128129491094774,0.25202986494447155,5.232606161474548,6.510410488492404,"(10.0, 10.5]"
7.610370265433465,8.24839600377538,10.24839600377538,0.07188817729657046,0.42712335535723006,0.030705119497426624,7.509432767250929,0.00869561388017176,"(8.0, 8.5]"
6.979098406035852,9.809456328399165,11.809456328399165,0.7745483946291901,0.31695205351512057,0.2454947042245618,7.433941019927103,6.644696138122048,"(9.5, 10.0]"
7.117327383308782,8.736047329043963,10.736047329043963,0.17571415942686272,0.4621006028661984,0.08119761900328057,7.4440696007975875,1.7571736305706476,"(8.5, 9.0]"
8.277664895788424,9.16788684212593,11.16788684212593,0.2468865638097164,0.11280915716021009,0.027851065177554535,1.9971007245628445,-1.117879297221656,"(9.0, 9.5]"
6.40842861116417,8.8660812103121,10.8660812103121,0.25661611284410757,0.5345280426116416,0.13716850850116893,8.205764851509795,4.465002884288612,"(8.5, 9.0]"
7.547097381170038,9.067018149394848,11.067018149394848,0.24986506995388041,0.6194926260587343,0.15478956834607874,8.31755827433023,5.204947070568827,"(9.0, 9.5]"
6.797807347566106,10.157137715552736,12.157137715552736,1.2257415362901416,0.10952074774153261,0.13424412959235124,2.16202752085543,2.976009127494125,"(10.0, 10.5]"
6.782318796772779,8.891365146869525,10.891365146869525,0.23888400848823277,0.6989792100617792,0.1669749555494963,7.168061248314357,4.5672994455348555,"(8.5, 9.0]"
8.098776851987191,9.699213920890692,11.699213920890692,0.6119627729633953,0.26678132775489966,0.1632602411077448,7.1954897492435945,5.2870505997389925,"(9.5, 10.0]"
7.82541634898803,9.428151206597299,11.428151206597299,0.4098836319896127,0.5228364841170691,0.21430211704658372,9.02334778326663,7.12203980520318,"(9.0, 9.5]"
7.813509636000639,9.991013496087945,11.991013496087945,0.9861099540389722,0.47740430857368343,0.4707731407856023,8.00327358177637,7.998586326512629,"(9.5, 10.0]"
8.30547880715433,10.810489217974274,12.810489217974274,3.929871939622352,0.3355694745474769,1.3187450618179464,7.16488422728076,5.256190002363204,"(10.5, 11.0]"
7.021003841632759,10.197716291630751,12.197716291630751,1.3062795529213613,0.5233139491957111,0.6835943115928854,7.90291639238505,7.62301476714447,"(10.0, 10.5]"
7.6819529712949635,8.64482113577227,10.64482113577227,0.12716460498523227,0.5400402016650465,0.06867399892088082,8.670624336209464,2.4903534575623696,"(8.5, 9.0]"
6.689733243406544,8.093549405183854,10.093549405183854,0.08907010118121579,0.34165200741167556,0.03043097886892343,7.24602138471462,0.09159167998974738,"(8.0, 8.5]"
7.324166352488442,8.786792132899475,10.786792132899475,0.1767031673415483,0.2591264589057106,0.045788466030638623,6.389445195696066,0.5233172528130273,"(8.5, 9.0]"
6.869856945632315,9.785233792100765,11.785233792100765,0.7542293688598876,0.49428208004731605,0.3728020612728396,7.758049116758977,7.498707112786504,"(9.5, 10.0]"
7.096995964992718,8.15427744045275,10.15427744045275,0.07967982957339166,0.5574283942810752,0.04441579945568544,7.4892620413605915,0.3966134748324696,"(8.0, 8.5]"
7.595157025436913,9.489098741603708,11.489098741603708,0.46494073261719604,0.4847491253046608,0.22537961345469396,8.057983910140713,6.348635526550761,"(9.0, 9.5]"
6.181779316766527,9.790528546750668,11.790528546750668,0.7867647273579528,0.6601577342734104,0.5193888198188635,8.586513438257857,8.808495677411605,"(9.5, 10.0]"
9.09238727568546,9.002731672450883,11.002731672450883,0.14925948306717332,0.24062500119213662,0.035915563290976275,6.691344824666944,0.743844959654373,"(9.0, 9.5]"
5.993982618500298,10.312736611237465,12.312736611237465,1.410724455490593,0.7018186141271779,0.9900726822677258,7.5388997248016265,6.590532314124833,"(10.0, 10.5]"
5.785811387212268,8.319794759401315,10.319794759401315,0.1708782332921046,0.1909850976352054,0.03263519606902401,5.485487059141862,0.33378789805308734,"(8.0, 8.5]"
8.158110873500068,8.225413345207427,10.225413345207427,0.05362726876219199,0.3325237975961878,0.017832343063515492,6.726310393309011,-0.6612202032564192,"(8.0, 8.5]"
7.791662693962936,10.18456626861081,12.18456626861081,1.3313697611636082,0.06905315438271815,0.09193528165811324,2.2593932062058966,3.145370033679551,"(10.0, 10.5]"
7.624119817052155,9.486473948618595,11.486473948618595,0.46131505598711564,0.24438406335161797,0.11273804786741046,6.546557671588598,3.416405044881154,"(9.0, 9.5]"
7.62834550926428,10.065207189283209,12.065207189283209,1.1033078669227965,0.2669502733289269,0.2945283366409958,6.797745517543261,7.100906080505592,"(10.0, 10.5]"
6.987753227153085,9.304482015811239,11.304482015811239,0.3929602025866305,0.31784453421431985,0.12490025255591233,8.994588151236139,5.458818800141588,"(9.0, 9.5]"
6.102745628514168,8.73920609971732,10.73920609971732,0.2417784113576943,0.596762877763562,0.14428438054291992,8.057950627880341,4.607015027744285,"(8.5, 9.0]"
7.075804558193727,10.457306953022599,12.457306953022599,1.8669830536066234,0.3080895396702225,0.5751979495577709,6.9406522149514895,7.567044677201863,"(10.0, 10.5]"
6.322838288487889,10.398247636906937,12.398247636906937,1.5991255141118697,0.39860650644454065,0.6374218345464624,7.630147651713357,7.614208107335698,"(10.0, 10.5]"
7.975119733417751,10.08408941256328,12.08408941256328,1.1439656469775634,0.18561148890397555,0.21233316699050522,6.08815701215182,6.6313805806448185,"(10.0, 10.5]"
6.8529426184978615,8.816435411689888,10.816435411689888,0.2123750387057282,0.31172777885411607,0.06620319909979358,7.4043984675771535,1.7623165533068585,"(8.5, 9.0]"
6.1745028032074885,9.770692000607262,11.770692000607262,0.7694046917668491,0.2523882510240468,0.19418870448473086,5.9797148665024995,4.980252252767896,"(9.5, 10.0]"
6.678614158347006,9.082921690820081,11.082921690820081,0.31323828185134917,0.12824804091220873,0.0401721959861418,4.429407120081845,1.1837020944237062,"(9.0, 9.5]"
7.412931454275625,8.274746219979903,10.274746219979903,0.08172758896780684,0.4109840069316999,0.03358873199085625,7.548016370325096,0.1747818317746206,"(8.0, 8.5]"
6.436275447196025,10.751940726386728,12.751940726386728,2.477050935276115,0.5385674755461852,1.3340590690109744,8.921040947039664,6.509397183928826,"(10.5, 11.0]"
6.177779604433568,8.410455892756884,10.410455892756884,0.16229082781389242,0.5330348508893341,0.08650666720448474,8.528571463103187,3.0378183117212925,"(8.0, 8.5]"
7.243687211491912,10.850712061462406,12.850712061462406,3.3128564841620776,0.3423080516641254,1.1340174485363854,7.349530427235097,5.9973087450091755,"(10.5, 11.0]"
7.244966571108723,9.338017318873867,11.338017318873867,0.3936492486690301,0.293549261233118,0.11555544613176574,7.822028082191313,4.192346220040398,"(9.0, 9.5]"
6.49305682462887,8.555398786515859,10.555398786515859,0.17159386139476498,0.663434860498919,0.11384134949690675,7.800032404007262,3.5272054802531567,"(8.5, 9.0]"
6.528961694381677,9.625702842135075,11.625702842135075,0.6312938710997495,0.4292608340724724,0.27098973365311835,8.354312400170695,7.363115482196703,"(9.5, 10.0]"
7.232049937357636,10.618837507629225,12.618837507629225,2.3856814643028197,0.35217916175815933,0.8401872983201452,7.875407569541752,7.476044429585943,"(10.5, 11.0]"
5.551915658502676,10.196674659228684,12.196674659228684,1.2167841035455798,0.12366321749370862,0.1504714372396443,3.398859693889883,4.21069627722746,"(10.0, 10.5]"
5.592536225623444,10.419683443584349,12.419683443584349,1.5259156515348846,0.37921772092624095,0.578654255700739,7.446989706492057,7.616114051001842,"(10.0, 10.5]"
6.281555778747564,9.976350100132152,11.976350100132152,0.9727353372921838,0.35400265305138245,0.3443508901182644,8.15844428200689,8.101041929973348,"(9.5, 10.0]"
6.786552848288153,10.076829693553558,12.076829693553558,1.10440289325465,0.33192804749579863,0.36658229600672687,7.336343399841462,7.54285150613179,"(10.0, 10.5]"
7.310907565598004,10.547586954695959,12.547586954695959,2.182470089267112,0.40520612040192705,0.8843502377651737,7.662983233274448,6.881827878139051,"(10.5, 11.0]"
8.475356216949551,8.749004026577557,10.749004026577557,0.1141132316333639,0.31080475128854673,0.03546693457653999,6.862376654749836,0.09034068013384966,"(8.5, 9.0]"
7.85765962320202,9.468274890929422,11.468274890929422,0.4343728108849375,0.3827220611056502,0.1662440574701381,7.995363343369121,5.265511796761998,"(9.0, 9.5]"
6.840061470036573,8.663628325458806,10.663628325458806,0.17462084323902807,0.5581225218848546,0.0974598254022262,8.9963886456167,3.94090525515118,"(8.5, 9.0]"
6.9809837920973115,10.96300402398994,12.96300402398994,3.6386911763039858,0.5727722056065461,2.0841411705727113,7.4126095248418995,3.1846384625363586,"(10.5, 11.0]"
5.997470635362191,10.832178019059839,12.832178019059839,2.5000946896488294,0.6271275144573843,1.567878168627576,7.861866286841127,4.909818406037823,"(10.5, 11.0]"
6.98148686400761,8.118280434105518,10.118280434105518,0.08013159620595231,0.6597492609579589,0.05286676137625862,8.481283590200029,1.8930975880134946,"(8.0, 8.5]"
6.711341361079862,10.116725517547065,12.116725517547065,1.1603141570301174,0.0920929606535338,0.10685676600911284,2.6699251413430343,3.2097965227441176,"(10.0, 10.5]"
7.32271856033809,10.775744952246997,12.775744952246997,3.0282987482811823,0.18393290081753252,0.5570037733134606,5.702541342899117,8.192597664078935,"(10.5, 11.0]"
6.172769056447677,8.541726035382,10.541726035382,0.18891617924243106,0.09501086161361517,0.01794908896257554,2.2877142482131623,-0.40883168097871536,"(8.5, 9.0]"
7.519346514241172,9.703835691657888,11.703835691657888,0.6452662860973333,0.4276758878337964,0.2759648317958935,8.138612041550823,7.208794560357802,"(9.5, 10.0]"
8.532738913002579,10.746464892764125,12.746464892764125,3.6948908800333524,0.47842495082175335,1.7677279875717016,7.899916671798042,4.299851697048486,"(10.5, 11.0]"
6.891239851543142,8.101837935757397,10.101837935757397,0.08183265869776027,0.2288614604555563,0.018728341782530498,6.837983895584984,0.6289125013357629,"(8.0, 8.5]"
7.401711722098941,10.092260801740519,12.092260801740519,1.1430008991827416,0.5947385598805165,0.6797867087220791,8.505772454052332,8.318162252469584,"(10.0, 10.5]"
7.690143991711112,8.892047022117652,10.892047022117652,0.1848079342302687,0.09956026094589548,0.01839952615683744,4.281566803033269,1.4249713625376559,"(8.5, 9.0]"
6.5987795281141635,10.77318858612959,12.77318858612959,2.62069562682892,0.6963712787796554,1.8249771649471056,7.969904245628264,4.550443801952504,"(10.5, 11.0]"
7.224092481810417,10.913174735496103,12.913174735496103,3.6008766312043807,0.2782281909571631,1.0018653909599187,7.1831278498588125,6.838529390431783,"(10.5, 11.0]"
7.012592400781795,10.832799467340301,12.832799467340301,3.0760003729637106,0.13744399631917653,0.4227777839394099,4.352245339016467,8.010340714307418,"(10.5, 11.0]"
7.097676098548832,9.422642649972392,11.422642649972392,0.45319942402767377,0.36498453030268446,0.16541077891218764,7.525658784645063,4.855985322571593,"(9.0, 9.5]"
6.226990216144533,10.58612795296794,12.58612795296794,1.9687732576247252,0.2705550361015868,0.5326615197924962,7.100800067332448,8.158048097547905,"(10.5, 11.0]"
7.024510174258943,10.533648195605211,12.533648195605211,2.057756088456565,0.24825034073346092,0.5108386501056961,6.493405109713459,7.851199187985571,"(10.5, 11.0]"
7.49799829124545,8.957301419729767,10.957301419729767,0.21511406109841208,0.240237931912149,0.05167855716350618,6.608213191219082,1.226092597368436,"(8.5, 9.0]"
8.451143607795041,10.486746422452033,12.486746422452033,2.319388301487789,0.4396362920646179,1.0196872727241437,8.607170537483514,7.272427689248471,"(10.0, 10.5]"
7.9592708260852065,8.111022904146477,10.111022904146477,0.04912359335251842,0.34093396280384963,0.01674790134883895,7.061117797055667,-0.4006196121922898,"(8.0, 8.5]"
9.153182457511557,9.788809635446158,11.788809635446158,0.6660143620678151,0.18559835027822585,0.12361116686139148,6.083580956488644,4.3902788373559565,"(9.5, 10.0]"
6.23265243711195,8.69002651186311,10.69002651186311,0.21963978694443528,0.5205000317806565,0.11432251608487519,8.654240051757483,4.168323750215349,"(8.5, 9.0]"
7.872320636720678,8.361700657331836,10.361700657331836,0.0761108248645714,0.43815824138193366,0.03334858517278895,7.886658346428161,0.44242191484300813,"(8.0, 8.5]"
7.183342005738352,8.230859604887627,10.230859604887627,0.08512236825080977,0.2338498843326165,0.01990585596957025,5.364485654125552,-0.902909314084755,"(8.0, 8.5]"
9.189802933217672,10.088866327634419,12.088866327634419,1.1876217934451074,0.2278541530076575,0.2706045578388701,6.024632483981617,6.628237092215249,"(10.0, 10.5]"
6.191701714644848,9.019624891304199,11.019624891304199,0.3247276262290687,0.176250802566162,0.057233504738278033,5.947360557741582,2.003335113708564,"(9.0, 9.5]"
6.160278157819224,10.174300314586285,12.174300314586285,1.2197704991337008,0.219998569457942,0.26834776487641404,6.18356685628612,6.893591844616527,"(10.0, 10.5]"
6.400607354555978,8.196069022396827,10.196069022396827,0.11527316815926165,0.55129137814143,0.06354910373724817,7.472986890625204,1.1017217416194738,"(8.0, 8.5]"
4.876104275690193,8.94587101349183,10.94587101349183,0.4093415149932364,0.2961052009301757,0.1212081515461348,6.9540961367913265,3.4890275131854334,"(8.5, 9.0]"
6.474244978319239,9.61847387712601,11.61847387712601,0.6289108746532127,0.438081496839204,0.2755142173465324,8.365861431718065,7.409800480962808,"(9.5, 10.0]"
6.240867338446302,10.372169494516891,12.372169494516891,1.5393651597215179,0.5893686102970728,0.9072535049248025,8.194472501867919,7.278116766897141,"(10.0, 10.5]"
7.150393786476208,8.95625750879621,10.95625750879621,0.23581135315185608,0.13719933191654232,0.03235316011077048,4.128189632296638,0.3517134871372373,"(8.5, 9.0]"
7.3417559757771595,9.877674129311027,11.877674129311027,0.8391896390358834,0.39561003063815586,0.3319918388102088,7.649528706779216,7.320766996845542,"(9.5, 10.0]"
8.876170839215886,10.65793324470856,12.65793324470856,3.369462832629983,0.16919932521865783,0.5701108376303405,4.931908262859398,7.754160850219654,"(10.5, 11.0]"
7.95042383818605,9.847589564546913,11.847589564546913,0.7844482047452468,0.5592947880719977,0.4387377924264519,7.5025511276833186,7.485547103494137,"(9.5, 10.0]"
6.423096344337597,8.6988784242609,10.6988784242609,0.2090092365620383,0.41428496528338055,0.0865893843130099,8.699029422087216,3.3086466852889247,"(8.5, 9.0]"
6.101585328651642,8.073202344669614,10.073202344669614,0.11427307315474214,0.6773188681112597,0.07739930856476512,7.569733526873996,1.9842452226639116,"(8.0, 8.5]"
7.491919171506506,10.61029662170279,12.61029662170279,2.455688053856907,0.37564925154536716,0.9224773794602463,8.361646216307749,7.560607703149558,"(10.5, 11.0]"
5.679766792979358,8.063808232551162,10.063808232551162,0.1369080802460934,0.134304480925619,0.01838736865197457,4.919990360685738,0.8906333324384714,"(8.0, 8.5]"
8.831458765854354,10.624105018052598,12.624105018052598,3.1408059556011825,0.33849273848226447,1.0631400089528498,8.04761451437453,6.96228431549291,"(10.5, 11.0]"
8.179440120721287,9.586811402081636,11.586811402081636,0.5048012635586656,0.5327664300475504,0.2689411670696429,7.772923588787236,6.6963944744389075,"(9.5, 10.0]"
6.530824347895296,10.817203095538689,12.817203095538689,2.73096624146225,0.48408490305688595,1.3220195282498817,8.198232437725512,5.811879631386757,"(10.5, 11.0]"
5.286865470909122,10.396349707320995,12.396349707320995,1.4501489688528244,0.8245602311868867,1.1957351690127103,7.273742258667587,6.0026815409627,"(10.0, 10.5]"
8.353872374165412,10.993802331600012,12.993802331600012,5.4263171837314985,0.4855818271033997,2.634921012518915,7.545134032811967,2.3785685329930826,"(10.5, 11.0]"
6.885460154747382,9.05213544635513,11.05213544635513,0.2869169964731864,0.21953632546983162,0.06298870312056398,6.3490822302877055,1.7415629204328424,"(9.0, 9.5]"
8.23781631197346,10.301564866793381,12.301564866793381,1.6548062649916668,0.16523968602736075,0.27343966766333255,4.438693150833592,6.3760159360214255,"(10.0, 10.5]"
5.405572341205633,9.205792740827727,11.205792740827727,0.46489722270614897,0.6249716012861748,0.2905475617081573,8.448134484103967,7.745349833810548,"(9.0, 9.5]"
6.400624977046228,9.439626860911726,11.439626860911726,0.511133335004049,0.36658016799210447,0.1873713438121489,7.477919963595007,5.320567376771383,"(9.0, 9.5]"
7.005243699718183,9.88251638965511,11.88251638965511,0.8535993953838223,0.586505853747321,0.5006410421477857,8.026332515385938,8.100576370189826,"(9.5, 10.0]"
7.046980593764742,10.621031342559016,12.621031342559016,2.3240426917723256,0.618232246616587,1.4367981345672651,8.009784237578176,5.406291780426087,"(10.5, 11.0]"
6.549934528520756,10.952250407597885,12.952250407597885,3.2385938105438052,0.31752536120392716,1.0283356694857246,7.266025978431054,6.454135456081895,"(10.5, 11.0]"
7.622849932347499,10.304820241593555,12.304820241593555,1.5827094104582322,0.19674764468646913,0.3113943487307673,6.045984573427278,7.638290716109173,"(10.0, 10.5]"
5.932379570617406,9.253300346502002,11.253300346502002,0.44451967577000306,0.6830475492231741,0.30362807511618056,7.478454947342795,7.039440696452195,"(9.0, 9.5]"
6.857620514978707,9.26407100683121,11.26407100683121,0.3812637795172884,0.24991244300784626,0.0952825625695704,7.1001705402975395,3.264666798632978,"(9.0, 9.5]"
7.120295631711899,10.212746904766675,12.212746904766675,1.34024098068854,0.5638164511475701,0.7556499134143516,7.285265745586086,6.834047878886356,"(10.0, 10.5]"
7.514438834058749,8.716331437304907,10.716331437304907,0.14998982484457737,0.3040685120011934,0.04560718285581027,7.344065582140218,0.9795135029244998,"(8.5, 9.0]"
7.71161487808889,8.331422339394184,10.331422339394184,0.07790865570240556,0.4243307179656623,0.033059035809941344,8.886297201469398,1.4620488837500152,"(8.0, 8.5]"
5.875357908162131,9.06386647292233,11.06386647292233,0.3664359093665078,0.16842481970849307,0.06171690196977178,4.608345507640772,1.0293761182513927,"(9.0, 9.5]"
5.465885829264378,8.861716974962246,10.861716974962246,0.3284702821633845,0.6270409036120315,0.20596430253742753,7.51106739086599,5.597871348781713,"(8.5, 9.0]"
8.27767682189851,8.88892436136797,10.88892436136797,0.15446610146939155,0.2809434722700437,0.043396242894827755,7.307268354841537,1.0937715449238217,"(8.5, 9.0]"
7.332314011979592,8.70082325314973,10.70082325314973,0.15585461625617136,0.40732846224106567,0.06348402117279768,7.961108646339163,1.6886092037080331,"(8.5, 9.0]"
6.251513463443446,8.126279568909085,10.126279568909085,0.11343077143839386,0.20659917211256384,0.023434703471261625,6.124307546977353,0.407988240704432,"(8.0, 8.5]"
8.551151975522522,8.053621804200242,10.053621804200242,0.03278768182064959,0.4018925053766922,0.013177123592394688,8.098852047336191,0.29893816542762613,"(8.0, 8.5]"
7.1156746342928585,10.963167169208095,12.963167169208095,3.760993237646269,0.588226949127828,2.212317577871057,8.240333595539663,3.7999635820288282,"(10.5, 11.0]"
8.179297184063827,9.283319401207587,11.283319401207587,0.3055419485661292,0.16914825915673604,0.05168188869931774,5.681369297040148,1.6968381709718603,"(9.0, 9.5]"
7.067518481410109,9.152979941479044,11.152979941479044,0.3151873782390031,0.13261342259236586,0.04179807698618878,4.311966467664793,0.9853335724552644,"(9.0, 9.5]"
9.060747924881987,10.03894184807921,12.03894184807921,1.076724949167545,0.06410341739953526,0.06902174884098053,1.502508830323546,1.695973431389161,"(10.0, 10.5]"
8.755340842443204,8.654761663595192,10.654761663595192,0.08730956943271982,0.34645282882137046,0.03024864731314164,7.935324088080696,0.745624753332977,"(8.5, 9.0]"
6.751035851520927,10.849883551850676,12.849883551850676,2.977232407992958,0.4670955227585257,1.390651927985095,8.934987886045219,6.350761162457106,"(10.5, 11.0]"
7.971570950954355,10.359035043246656,12.359035043246656,1.7752394805266842,0.34409280292083133,0.6108471287101473,7.518132836191864,7.81638163882923,"(10.0, 10.5]"
7.645375949585148,8.268233006936779,10.268233006936779,0.0728962877162481,0.1933120364157648,0.014091729825577423,5.193667426188169,-0.42204997353694035,"(8.0, 8.5]"
8.368631557532348,9.252742327354785,11.252742327354785,0.2795147981659612,0.24764208959484668,0.06921962869050045,7.186002454807404,2.3779306529656523,"(9.0, 9.5]"
6.0350765394198955,10.637354922686495,12.637354922686495,2.028851546935083,0.5308736315108381,1.0770637885178092,7.929816196630812,6.354991966377607,"(10.5, 11.0]"
7.686051459998439,10.834196066874231,12.834196066874231,3.5621170086951937,0.33436574982856804,1.1910499245894643,6.434331331890694,4.9439207192963694,"(10.5, 11.0]"
8.058424486849589,9.40220453374961,11.40220453374961,0.3792665446321463,0.5618618318005345,0.21309539550767692,8.38438608705777,6.494917461033488,"(9.0, 9.5]"
5.2412605135768855,9.840234167632124,11.840234167632124,0.8622681947522471,0.230818773277334,0.199027686948775,6.109313269470671,5.531627553768829,"(9.5, 10.0]"
5.816741487334225,8.501101838276226,10.501101838276226,0.20455040450278977,0.6344432127493669,0.1297756158019325,7.788709464431017,3.9729388461809982,"(8.5, 9.0]"
4.9607678222399,10.97350587841093,12.97350587841093,2.3228201434274887,0.5006340719939207,1.1628829069136066,8.165986617007153,6.2899135412783345,"(10.5, 11.0]"
6.730593165555442,8.69501510415033,10.69501510415033,0.18851380084862482,0.3543575173743986,0.06680128245953049,7.740719635527191,1.8244618605452119,"(8.5, 9.0]"
7.717542255795962,10.828195322405376,12.828195322405376,3.554028406808692,0.4506658127047941,1.6016791003303636,8.320742176507872,5.162543130706455,"(10.5, 11.0]"
8.502357052096029,9.948939946977106,11.948939946977106,0.914871507534079,0.3841153546108886,0.351416193539851,7.57153778737103,7.410879453238771,"(9.5, 10.0]"
7.074094780419776,9.823210384636578,11.823210384636578,0.7856218094655794,0.6698679347505544,0.5262628590017012,8.006544213135811,8.249357650666814,"(9.5, 10.0]"
8.628615545571291,9.538065533049526,11.538065533049526,0.439986154249346,0.11673281564694196,0.051360822631195874,3.4620005859292897,1.000068814520673,"(9.5, 10.0]"
5.619898541785108,8.692009435153276,10.692009435153276,0.26573069746557254,0.18519080971640775,0.04921088303015516,5.8739616380473345,1.4184876441326315,"(8.5, 9.0]"
5.296617560644846,8.529584096016524,10.529584096016524,0.2510627154580977,0.7400075700098026,0.18578830998620938,7.862277412724274,5.825551617936072,"(8.5, 9.0]"
6.944452301103381,8.661458627210527,10.661458627210527,0.16813314504125773,0.4324841485239043,0.07271492007181446,7.46697220039943,1.4941379041982346,"(8.5, 9.0]"
7.384065448939308,8.559314786432763,10.559314786432763,0.12486372714821901,0.22636779113944636,0.02826512610798086,6.846851128204301,0.8969622843139204,"(8.5, 9.0]"
6.967305251905907,10.33875342070026,12.33875342070026,1.5733131305089265,0.1251485365080413,0.19689783575207714,3.6023251004299484,5.487751921077438,"(10.0, 10.5]"
4.932557899960123,9.05037577750019,11.05037577750019,0.4420739555643094,0.20066226191782435,0.0887075598584941,6.2363142466007675,2.985765781954994,"(9.0, 9.5]"
6.910879960487212,8.173528029690189,10.173528029690189,0.08914067710421704,0.630654502400395,0.05621696936279428,8.025864817754934,1.499162707242364,"(8.0, 8.5]"
5.695530499495147,10.907307890422434,12.907307890422434,2.5474544662381966,0.25180203949105223,0.6414542301093678,7.609875540733851,8.737411670376577,"(10.5, 11.0]"
7.669672548830039,10.651357654890276,12.651357654890276,2.688854721496439,0.24180377025556088,0.6501752093273051,6.435699737251091,7.6864189590148335,"(10.5, 11.0]"
7.366598246096848,10.783256849585639,12.783256849585639,3.0882028374433577,0.20005303182555476,0.6178043405228245,5.645373672732546,7.694343217637996,"(10.5, 11.0]"
6.060120213672644,10.984723467939306,12.984723467939306,3.0008453119191207,0.3522884952790672,1.05716327950123,7.62396174246555,6.474046720109201,"(10.5, 11.0]"
6.486133082663306,8.521685747658461,10.521685747658461,0.16509070717393978,0.13069124992316072,0.021575910871260706,3.8954384129893547,0.04016457181394664,"(8.5, 9.0]"
5.940786478111049,9.188726056707976,11.188726056707976,0.41375631478010577,0.4849391987816136,0.2006466557802976,8.396698062649083,6.231943066675889,"(9.0, 9.5]"
6.937320902726828,10.274715427112273,12.274715427112273,1.4411494930106012,0.11858939104106599,0.1709050407752682,2.8461134491029347,4.361742977915928,"(10.0, 10.5]"
7.955142320501238,10.088061854161376,12.088061854161376,1.1507164551168119,0.47534224309052725,0.5469841409364053,7.464710693380697,7.450109122843731,"(10.0, 10.5]"
6.014273953664456,8.461687719019565,10.461687719019565,0.1826884942759149,0.2658575869729494,0.04856912225591622,6.340628356861312,0.49128342497849176,"(8.0, 8.5]"
7.504046515517844,10.447499374971853,12.447499374971853,1.9351167664901583,0.36917472291870795,0.7143961960843502,8.1980780573472,8.10481380652831,"(10.0, 10.5]"
6.469742381627559,8.673321715509982,10.673321715509982,0.1996493880852399,0.6778369331757774,0.13532972893011963,8.584855788675021,5.046087917704038,"(8.5, 9.0]"
6.207127167737656,8.671452844467868,10.671452844467868,0.21672473002837717,0.5521181821891353,0.11965766397869872,7.919547636875316,3.6377362548658043,"(8.5, 9.0]"
6.892969640045442,9.61092326868024,11.61092326868024,0.598553978445182,0.40851802329704234,0.24452008811100623,7.790472889119515,6.503050422354219,"(9.5, 10.0]"
5.964757677580626,9.77881980452511,11.77881980452511,0.7851815791145507,0.33657759854569264,0.26427453032069026,7.570723725389444,6.889854683801919,"(9.5, 10.0]"
6.446350694652818,9.740258623513434,11.740258623513434,0.7305453848548149,0.3103384803299793,0.22671634454792314,7.9168998887561015,6.8906116828480535,"(9.5, 10.0]"
5.802122107411152,8.274460512193265,10.274460512193265,0.16186043298452962,0.6165762946604325,0.09979930602173452,7.407784925435169,2.5318471135728156,"(8.0, 8.5]"
8.964725132916389,10.632382587891142,12.632382587891142,3.2651883350624074,0.48965697443706924,1.59882224111387,8.117552760885463,4.934525297397285,"(10.5, 11.0]"
7.035263551971728,8.796800127766119,10.796800127766119,0.19587535153855543,0.4756130391839509,0.09316087124647712,8.4793314663188,3.2374273604550066,"(8.5, 9.0]"
6.300274492007414,8.388544763848412,10.388544763848412,0.15094783519412322,0.4766038586543372,0.07194232070903808,8.242923608259153,2.18204268177399,"(8.0, 8.5]"
7.213979910734222,10.666244239606932,12.666244239606932,2.5421550098528636,0.5004087761846554,1.2721166773521622,8.094783702803802,5.861790245798762,"(10.5, 11.0]"
6.88767195030917,10.86695449468926,12.86695449468926,3.1344856546615727,0.3668209318416725,1.1497949486873131,8.211944871766946,6.668321457185087,"(10.5, 11.0]"
6.779030400466778,10.586382851796351,12.586382851796351,2.131488200598062,0.11748845688060951,0.2504252595474934,2.2656646789796384,5.320070560032948,"(10.5, 11.0]"
7.614166700043425,10.428548224174634,12.428548224174634,1.9050909986425884,0.3742463668794574,0.712973384816746,8.085656952450003,7.972655025802204,"(10.0, 10.5]"
7.757507710047305,9.965725941917064,11.965725941917064,0.9485321243593421,0.5750818539984197,0.5454836126536301,7.616068866050081,7.651335765815158,"(9.5, 10.0]"
6.4694988523894725,9.652572111827418,11.652572111827418,0.6557895970086762,0.20253767462533415,0.13282210002162226,4.954362565689092,3.198218614174846,"(9.5, 10.0]"
6.42418175935532,8.260960279734231,10.260960279734231,0.12335434499544427,0.5547163626683979,0.06842667357521554,8.224574564183126,2.0487819479858365,"(8.0, 8.5]"
6.724948302848356,9.225359639212096,11.225359639212096,0.37180396827309414,0.20900902348388836,0.07771038433619401,6.68181801443706,2.8443811170386493,"(9.0, 9.5]"
4.698078835264415,9.118065551036942,11.118065551036942,0.48987945366944585,0.668629802961136,0.3275480025817106,7.68439583473294,7.403589222813764,"(9.0, 9.5]"
5.484808937801448,8.77926135128098,10.77926135128098,0.30143507218158916,0.18480492960699693,0.05570668729559863,5.972368140825754,1.772269839310965,"(8.5, 9.0]"
8.366874267444524,10.170260341065754,12.170260341065754,1.3369016498946873,0.27626392652525483,0.36933769917799786,7.804188487390677,8.529848941347321,"(10.0, 10.5]"
8.644967713501284,9.487627205236313,11.487627205236313,0.40132704130144065,0.4048978329125179,0.16249644931214588,8.521303120766557,5.615179441263611,"(9.0, 9.5]"
6.750963960443622,8.243138647722944,10.243138647722944,0.10484746366887028,0.30151743399913755,0.03161333820675557,8.077575382648241,1.2690769931083918,"(8.0, 8.5]"
7.576556963055767,8.660549605849434,10.660549605849434,0.13515492653094374,0.4329572189685807,0.058516301120740244,8.306716487530974,1.7756931742464572,"(8.5, 9.0]"
7.311250154543536,10.049776290978787,12.049776290978787,1.0735263278030855,0.5288761950098737,0.5677625194914183,8.028988882417902,7.99089656944615,"(10.0, 10.5]"
10.078880808455239,8.2283925784709,10.2283925784709,0.02052143118858419,0.3925703646889627,0.008056105725641948,7.021009041860169,-0.788110471525921,"(8.0, 8.5]"
8.119574911434576,10.553620742146306,12.553620742146306,2.476830748471758,0.17976295254865918,0.44524240830858863,5.258111378008457,7.834819148410104,"(10.5, 11.0]"
6.872082408519233,9.485439581041923,11.485439581041923,0.5086099058828657,0.3268384881494335,0.1662332926965815,7.045479531042287,4.631816542842731,"(9.0, 9.5]"
6.0444595593995745,9.441759731979944,11.441759731979944,0.5374648091157818,0.20428581202218316,0.10979643496356514,6.989566315766758,4.4386143877510555,"(9.0, 9.5]"
5.3935536797424275,9.777223353978552,11.777223353978552,0.8071522742587462,0.9516050928968218,0.7680902149278752,6.7628207353598855,7.380465833333378,"(9.5, 10.0]"
7.203463635867223,10.474042897775448,12.474042897775448,1.939786357510723,0.6164243534606697,1.195731551280375,7.933367004212673,6.0763936857421585,"(10.0, 10.5]"
6.243649254715697,9.04342762370658,11.04342762370658,0.32976587746741964,0.4696132176038073,0.1548624147734178,8.262983475719146,5.030704396147716,"(9.0, 9.5]"
5.577746290402326,10.03404845767719,12.03404845767719,1.0347598107290255,0.7891779857791328,0.816609663196329,7.423290769638792,7.333946648366359,"(10.0, 10.5]"
6.353427115757473,9.697195891987374,11.697195891987374,0.6982442185603387,0.4460188749532436,0.311430100804889,8.806604802098837,8.192772047571353,"(9.5, 10.0]"
5.918451996385604,8.801084810508264,10.801084810508264,0.2731177653722683,0.5663712669514018,0.15468605480082728,7.6436735172043635,4.438836949692169,"(8.5, 9.0]"
8.687141635072564,10.635889959065475,12.635889959065475,3.1283611404318044,0.09774814749116188,0.3057915061605474,3.017573238239331,7.393617284831381,"(10.5, 11.0]"
7.8816397569494505,10.392278064820784,12.392278064820784,1.854603429468966,0.4578135427996643,0.8490625665335946,7.604088640239411,6.83257497898002,"(10.0, 10.5]"
6.992027358683383,9.975355503975276,11.975355503975276,0.9674196262557889,0.15399720672083816,0.14897992017030873,4.071351066967068,3.931982096061781,"(9.5, 10.0]"
8.479944138890026,10.551745187282727,12.551745187282727,2.606507564704534,0.4484973022787166,1.1690116111390507,7.65698302838698,5.797568597790844,"(10.5, 11.0]"
7.077368307647618,10.601882602879407,12.601882602879407,2.2749083717526455,0.5439787077444431,1.2375017163030193,7.961241011668899,5.859687555015096,"(10.5, 11.0]"
6.138715798671736,10.125088930145104,12.125088930145104,1.152495290008901,0.6018438415958623,0.6936221927600944,7.6848838465765565,7.472933320162421,"(10.0, 10.5]"
8.523124077269657,10.511039985091017,12.511039985091017,2.4434306008326185,0.07548173303935546,0.18443437631223963,1.7241913906773707,5.1414162344054235,"(10.5, 11.0]"
7.538910043684659,10.092414385007851,12.092414385007851,1.1470258337806665,0.2362157717431139,0.2709455925357888,5.759310023842161,6.233045694887737,"(10.0, 10.5]"
5.962753845673544,10.040422315280901,12.040422315280901,1.045169449457263,0.2908447581658571,0.30398205576973963,7.112962308467319,7.238542297744245,"(10.0, 10.5]"
6.8096613219163915,9.855834134645553,11.855834134645553,0.8293035001661523,0.30604992256677505,0.25380827201020645,6.5462489438607205,5.9658923962934995,"(9.5, 10.0]"
6.124381746615242,10.258149918672924,12.258149918672924,1.3391329940009877,0.15396085993924633,0.20617406732940965,5.1103961277458385,6.3208249249859065,"(10.0, 10.5]"
5.6172002690356635,8.47581531587922,10.47581531587922,0.21365808012283896,0.85891198501069,0.18351348571188067,7.211701728848198,5.508119109667132,"(8.0, 8.5]"
